/* Auto-generated by convert_logo.py — DO NOT EDIT */
/* Image: 256×50 */
#include "lvgl.h"

#if LV_COLOR_DEPTH == 16
static const uint8_t img_logo_secondary_rgb565a8_data[] = {
  0x00, 0x00, 0x00, 0x00, 0x00, 0x00, 0x00, 0x00, 0x00, 0x00, 0x00, 0x00, 0x00, 0x00, 0x00, 0x00,
  0x00, 0x00, 0x00, 0x00, 0x00, 0x00, 0x00, 0x00, 0x00, 0x00, 0x00, 0x00, 0x00, 0x00, 0x00, 0x00,
  0x00, 0x00, 0x00, 0x00, 0x00, 0x00, 0x00, 0x00, 0x00, 0x00, 0x00, 0x00, 0x00, 0x00, 0x00, 0x00,
  0xb5, 0x02, 0x03, 0x00, 0x00, 0x00, 0x00, 0x00, 0x00, 0xb3, 0x12, 0x0f, 0x13, 0x0b, 0x52, 0xf3,
  0x0a, 0x96, 0xf3, 0x0a, 0xc8, 0xf3, 0x0a, 0xe9, 0xf3, 0x0a, 0xfb, 0xf3, 0x0a, 0xfe, 0xf3, 0x0a,
  0xef, 0x13, 0x0b, 0xcc, 0x13, 0x0b, 0x8f, 0x13, 0x0b, 0x3d, 0x00, 0x00, 0x00, 0x00, 0x00, 0x00,
  0xb5, 0x02, 0x03, 0x1f, 0x00, 0x01, 0x00, 0x00, 0x00, 0x00, 0x00, 0x00, 0x00, 0x00, 0x00, 0x00,
  0x00, 0x00, 0x00, 0x00, 0x00, 0x00, 0x00, 0x00, 0x00, 0x00, 0x00, 0x00, 0x00, 0x00, 0x00, 0x00,
  0x00, 0x00, 0x00, 0x00, 0x00, 0x00, 0x00, 0x00, 0x00, 0x00, 0x00, 0x00, 0x00, 0x00, 0x00, 0x00,
  0x00, 0x00, 0x00, 0x00, 0x00, 0x00, 0x00, 0x00, 0x00, 0x00, 0x00, 0x00, 0x00, 0x00, 0x00, 0x00,
  0x00, 0x00, 0x00, 0x00, 0x00, 0x00, 0x00, 0x00, 0x00, 0x00, 0x00, 0x00, 0x00, 0x00, 0x00, 0x00,
  0x00, 0x00, 0x00, 0x00, 0x00, 0x00, 0x00, 0x00, 0x00, 0x00, 0x00, 0x00, 0x00, 0x00, 0x00, 0x00,
  0x00, 0x00, 0x00, 0x00, 0x00, 0x00, 0x00, 0x00, 0x00, 0x00, 0x00, 0x00, 0x00, 0x00, 0x00, 0x00,
  0x00, 0x00, 0x00, 0x00, 0x00, 0x00, 0x00, 0x00, 0x00, 0x00, 0x00, 0x00, 0x00, 0x00, 0x00, 0x00,
  0x00, 0x00, 0x00, 0x00, 0x00, 0x00, 0x00, 0x00, 0x00, 0x00, 0x00, 0x00, 0x00, 0x00, 0x00, 0x00,
  0x00, 0x00, 0x00, 0x00, 0x00, 0x00, 0x00, 0x00, 0x00, 0x00, 0x00, 0x00, 0x00, 0x00, 0x00, 0x00,
  0x00, 0x00, 0x00, 0x00, 0x00, 0x00, 0x00, 0x00, 0x00, 0x00, 0x00, 0x00, 0x00, 0x00, 0x00, 0x00,
  0x00, 0x00, 0x00, 0x00, 0x00, 0x00, 0x00, 0x00, 0x00, 0x00, 0x00, 0x00, 0x00, 0x00, 0x00, 0x00,
  0x00, 0x00, 0x00, 0x00, 0x00, 0x00, 0x00, 0x00, 0x00, 0x00, 0x00, 0x00, 0x00, 0x00, 0x01, 0x00,
  0x00, 0x00, 0x00, 0x00, 0x00, 0x00, 0x00, 0x00, 0x00, 0x00, 0x00, 0x00, 0x00, 0x00, 0x00, 0x00,
  0x00, 0x00, 0x00, 0x00, 0x00, 0x00, 0x00, 0x00, 0x00, 0x00, 0x00, 0x00, 0x00, 0x00, 0x00, 0x00,
  0x00, 0x00, 0x00, 0x00, 0x00, 0x00, 0x00, 0x00, 0x00, 0x00, 0x00, 0x00, 0x00, 0x00, 0x00, 0x00,
  0x00, 0x00, 0x00, 0x00, 0x00, 0x00, 0x00, 0x00, 0x00, 0x00, 0x00, 0x00, 0x00, 0x00, 0x00, 0x00,
  0x00, 0x00, 0x00, 0x00, 0x00, 0x00, 0x00, 0x00, 0x00, 0x00, 0x00, 0x00, 0x00, 0x00, 0x00, 0x00,
  0x00, 0x00, 0x00, 0x00, 0x00, 0x00, 0x00, 0x00, 0x00, 0x00, 0x00, 0x00, 0x00, 0x00, 0x00, 0x00,
  0x00, 0x00, 0x00, 0x00, 0x00, 0x00, 0x00, 0x00, 0x00, 0x00, 0x00, 0x00, 0x00, 0x00, 0x00, 0x00,
  0x00, 0x00, 0x00, 0x00, 0x00, 0x00, 0x00, 0x00, 0x00, 0x00, 0x00, 0x00, 0x00, 0x00, 0x00, 0x00,
  0x00, 0x00, 0x00, 0x00, 0x00, 0x00, 0x00, 0x00, 0x00, 0x00, 0x00, 0x00, 0x00, 0x00, 0x00, 0x00,
  0x00, 0x01, 0x00, 0x00, 0x00, 0x00, 0x00, 0x00, 0x00, 0x00, 0x00, 0x00, 0x00, 0x00, 0x00, 0x00,
  0x00, 0x00, 0x00, 0x00, 0x00, 0x00, 0x00, 0x00, 0x00, 0x00, 0x00, 0x00, 0x00, 0x00, 0x00, 0x00,
  0x00, 0x00, 0x00, 0x00, 0x00, 0x00, 0x00, 0x00, 0x00, 0x00, 0x00, 0x00, 0x00, 0x00, 0x00, 0x00,
  0x00, 0x00, 0x00, 0x00, 0x00, 0x00, 0x00, 0x00, 0x00, 0x00, 0x00, 0x00, 0x00, 0x00, 0x00, 0x00,
  0x00, 0x00, 0x00, 0x00, 0x00, 0x00, 0x00, 0x00, 0x00, 0x00, 0x00, 0x00, 0x00, 0x00, 0x00, 0x00,
  0x00, 0x00, 0x00, 0x00, 0x00, 0x00, 0x00, 0x00, 0x00, 0x00, 0x00, 0x00, 0x00, 0x00, 0x00, 0x00,
  0x00, 0x00, 0x00, 0x00, 0x00, 0x00, 0x00, 0x00, 0x00, 0x00, 0x00, 0x00, 0x00, 0x00, 0x00, 0x00,
  0x00, 0x00, 0x00, 0x00, 0x00, 0x00, 0x00, 0x00, 0x00, 0x00, 0x00, 0x00, 0x00, 0x00, 0x00, 0x00,
  0x00, 0x00, 0x00, 0x00, 0x00, 0x00, 0x00, 0x00, 0x00, 0x00, 0x00, 0x00, 0x00, 0x00, 0x00, 0x00,
  0x00, 0x00, 0x00, 0x00, 0x00, 0x00, 0x00, 0x00, 0x00, 0x00, 0x00, 0x00, 0x00, 0x00, 0x00, 0x00,
  0x00, 0x00, 0x00, 0x00, 0x00, 0x00, 0x00, 0x00, 0x00, 0x00, 0x00, 0x00, 0x00, 0x00, 0x00, 0x00,
  0x00, 0x00, 0x00, 0x00, 0x00, 0x00, 0x00, 0x00, 0x00, 0x00, 0x00, 0x00, 0x00, 0x00, 0x00, 0x00,
  0x00, 0x00, 0x00, 0x00, 0x00, 0x00, 0x00, 0x00, 0x00, 0x00, 0x00, 0x00, 0x00, 0x00, 0x00, 0x00,
  0x00, 0x00, 0x00, 0x00, 0x00, 0x00, 0x00, 0x00, 0x00, 0x00, 0x00, 0x00, 0x00, 0x00, 0x00, 0x00,
  0x00, 0x00, 0x00, 0x00, 0x00, 0x00, 0x00, 0x00, 0x00, 0x00, 0x00, 0x00, 0x00, 0x00, 0x00, 0x00,
  0x00, 0x00, 0x00, 0x00, 0x00, 0x00, 0x00, 0x00, 0x00, 0x00, 0x00, 0x00, 0x00, 0x00, 0x00, 0x00,
  0x00, 0x00, 0x00, 0x00, 0x00, 0x00, 0x00, 0x00, 0x00, 0x00, 0x00, 0x00, 0x00, 0x00, 0x00, 0x00,
  0x00, 0x00, 0x00, 0x00, 0x00, 0x00, 0x00, 0x00, 0x00, 0x00, 0x00, 0x00, 0x00, 0x00, 0x00, 0x00,
  0x00, 0x00, 0x00, 0x00, 0x00, 0x00, 0x00, 0x00, 0x00, 0x00, 0x00, 0x00, 0x00, 0x00, 0x00, 0x00,
  0x00, 0x00, 0x00, 0x00, 0x00, 0x00, 0x00, 0x00, 0x00, 0x00, 0x00, 0x00, 0x00, 0x00, 0x00, 0x00,
  0x00, 0x00, 0x00, 0x00, 0x00, 0x00, 0x00, 0x00, 0x00, 0x00, 0x00, 0x00, 0x00, 0x00, 0x00, 0x00,
  0x00, 0x00, 0x00, 0x00, 0x00, 0x00, 0x00, 0x00, 0x00, 0x00, 0x00, 0x00, 0x00, 0x00, 0x00, 0x00,
  0x00, 0x00, 0x00, 0x00, 0x00, 0x00, 0x00, 0x00, 0x00, 0x00, 0x00, 0x00, 0x01, 0xef, 0x03, 0x02,
  0x00, 0x00, 0x00, 0xd2, 0x0a, 0x1a, 0x13, 0x0b, 0x86, 0x13, 0x0b, 0xdf, 0x13, 0x0b, 0xff, 0x14,
  0x0b, 0xff, 0x13, 0x0b, 0xff, 0xf3, 0x0a, 0xff, 0xf3, 0x0a, 0xff, 0xf3, 0x0a, 0xff, 0xf3, 0x0a,
  0xff, 0x13, 0x0b, 0xff, 0x14, 0x0b, 0xff, 0xf3, 0x0a, 0xfe, 0x13, 0x0b, 0xbe, 0xf3, 0x0a, 0x47,
  0x00, 0x00, 0x00, 0x00, 0x00, 0x00, 0xef, 0x03, 0x02, 0x00, 0x00, 0x00, 0x00, 0x00, 0x00, 0x00,
  0x00, 0x00, 0x00, 0x00, 0x00, 0x00, 0x00, 0x00, 0x00, 0x00, 0x00, 0x00, 0x00, 0x00, 0x00, 0x00,
  0x00, 0x00, 0x00, 0x00, 0x00, 0x00, 0x00, 0x00, 0x00, 0x00, 0x00, 0x00, 0x00, 0x00, 0x00, 0x00,
  0x00, 0x00, 0x00, 0x00, 0x00, 0x00, 0x00, 0x00, 0x00, 0x00, 0x00, 0x00, 0x00, 0x00, 0x00, 0x00,
  0x00, 0x00, 0x00, 0x00, 0x00, 0x00, 0x00, 0x00, 0x00, 0x00, 0x00, 0x00, 0x00, 0x00, 0x00, 0x00,
  0x00, 0x00, 0x00, 0x00, 0x00, 0x00, 0x00, 0x00, 0x00, 0x00, 0x00, 0x00, 0x00, 0x00, 0x00, 0x00,
  0x00, 0x00, 0x00, 0x00, 0x00, 0x00, 0x00, 0x00, 0x00, 0x00, 0x00, 0x00, 0x00, 0x00, 0x00, 0x00,
  0x00, 0x00, 0x00, 0x00, 0x00, 0x00, 0x00, 0x00, 0x00, 0x00, 0x00, 0x00, 0x00, 0x00, 0x00, 0x00,
  0x00, 0x00, 0x00, 0x00, 0xef, 0x03, 0x02, 0xf7, 0x03, 0x04, 0xb5, 0x02, 0x03, 0x00, 0x00, 0x00,
  0x00, 0x00, 0x00, 0x00, 0x00, 0x00, 0x00, 0x00, 0x00, 0x00, 0x00, 0x00, 0x00, 0x00, 0x00, 0x00,
  0x00, 0x00, 0x00, 0x00, 0x00, 0x00, 0x00, 0x00, 0x00, 0x00, 0x00, 0x00, 0x00, 0x00, 0x00, 0x00,
  0x00, 0x00, 0x00, 0x00, 0x00, 0x00, 0x00, 0x00, 0x00, 0x00, 0x00, 0x00, 0x00, 0x00, 0x00, 0x00,
  0x00, 0x00, 0x00, 0x00, 0x00, 0x00, 0x1f, 0x00, 0x01, 0xff, 0x07, 0x01, 0x00, 0x00, 0x00, 0xb5,
  0x02, 0x03, 0xef, 0x03, 0x02, 0x00, 0x00, 0x00, 0x00, 0x00, 0x00, 0x00, 0x00, 0x00, 0x00, 0x00,
  0x00, 0x00, 0x00, 0x00, 0x00, 0x00, 0x00, 0xb5, 0x02, 0x03, 0xef, 0x01, 0x04, 0xef, 0x01, 0x04,
  0x1f, 0x00, 0x01, 0x00, 0x00, 0x00, 0x00, 0x00, 0x00, 0x00, 0x00, 0x00, 0x00, 0x00, 0x00, 0x00,
  0x00, 0x00, 0x00, 0x00, 0x00, 0x00, 0x00, 0x00, 0x00, 0x00, 0x00, 0x00, 0x00, 0x00, 0x00, 0x00,
  0x00, 0x00, 0x00, 0x00, 0x00, 0x00, 0x00, 0x00, 0x00, 0x00, 0x00, 0x00, 0x00, 0x00, 0x00, 0x00,
  0x00, 0x00, 0x00, 0x00, 0x00, 0x00, 0x00, 0x00, 0x00, 0x00, 0x00, 0x00, 0x00, 0x00, 0x00, 0x00,
  0x00, 0x00, 0x00, 0x00, 0x00, 0x00, 0x00, 0x00, 0x00, 0x00, 0x00, 0x00, 0x00, 0x00, 0x00, 0x00,
  0x00, 0x00, 0x00, 0x00, 0x00, 0x00, 0x00, 0x00, 0x00, 0x00, 0x00, 0x00, 0x00, 0x00, 0x00, 0x00,
  0x00, 0x00, 0x00, 0xef, 0x03, 0x02, 0xe7, 0x3d, 0x04, 0x4a, 0x55, 0x03, 0x00, 0x00, 0x00, 0x00,
  0x00, 0x00, 0x00, 0x00, 0x00, 0xef, 0x03, 0x02, 0xe7, 0x3d, 0x04, 0x4a, 0x55, 0x03, 0x00, 0x00,
  0x01, 0x00, 0x00, 0x00, 0x00, 0x00, 0x00, 0x00, 0x00, 0x00, 0x00, 0x00, 0x00, 0x00, 0x00, 0x00,
  0x00, 0x00, 0x00, 0x00, 0x00, 0x00, 0x00, 0x00, 0x00, 0x00, 0x00, 0x00, 0x00, 0x00, 0x00, 0x00,
  0x00, 0x00, 0x00, 0x00, 0x00, 0x00, 0x00, 0x00, 0x00, 0x00, 0x00, 0x00, 0x00, 0x00, 0x00, 0x00,
  0x00, 0x00, 0x00, 0x00, 0x00, 0x00, 0x00, 0x00, 0x00, 0x00, 0x00, 0x00, 0x00, 0x00, 0x00, 0x00,
  0x00, 0x00, 0x00, 0x00, 0x00, 0x00, 0x00, 0x00, 0x00, 0x00, 0x00, 0x00, 0x00, 0x00, 0x00, 0x00,
  0x00, 0x00, 0x00, 0x00, 0x00, 0x00, 0x00, 0x00, 0x00, 0x00, 0x00, 0x00, 0x00, 0x00, 0x00, 0x00,
  0x00, 0x00, 0x00, 0x00, 0x00, 0x00, 0x00, 0x00, 0x00, 0x00, 0x00, 0x00, 0x00, 0x00, 0x00, 0x00,
  0x00, 0x00, 0x00, 0x00, 0x00, 0x00, 0x00, 0x00, 0x00, 0x00, 0x00, 0x00, 0x00, 0x00, 0x00, 0x00,
  0x00, 0x00, 0x00, 0x00, 0x00, 0x00, 0x00, 0x00, 0x00, 0x00, 0x00, 0x00, 0x00, 0x00, 0x00, 0x00,
  0x00, 0x00, 0x00, 0x00, 0x00, 0x00, 0x00, 0x00, 0x00, 0x00, 0x00, 0x00, 0x00, 0x00, 0x00, 0x00,
  0x00, 0x00, 0x00, 0x00, 0x00, 0x00, 0x00, 0x00, 0x00, 0x00, 0x00, 0x00, 0x00, 0x00, 0x00, 0x00,
  0x00, 0x00, 0x00, 0x00, 0x00, 0x00, 0x00, 0x00, 0x00, 0x00, 0x00, 0x00, 0x00, 0x00, 0x00, 0x00,
  0x00, 0x00, 0x00, 0x00, 0x00, 0x00, 0x00, 0x00, 0x00, 0x00, 0x00, 0x00, 0x00, 0x00, 0x00, 0x00,
  0x00, 0x00, 0x00, 0x00, 0x00, 0x00, 0x00, 0x00, 0x00, 0x00, 0x00, 0x00, 0x00, 0x00, 0x00, 0x00,
  0x00, 0x00, 0x00, 0x00, 0x00, 0x00, 0x00, 0x00, 0x00, 0x00, 0x00, 0x00, 0x00, 0x00, 0x00, 0x00,
  0x00, 0x00, 0x00, 0x00, 0x00, 0x00, 0x00, 0x00, 0x00, 0x00, 0x00, 0x00, 0x00, 0x00, 0x00, 0x00,
  0x00, 0x00, 0x00, 0x00, 0x00, 0x00, 0x00, 0x00, 0x00, 0x00, 0x00, 0x00, 0x00, 0x00, 0x00, 0x00,
  0x00, 0x00, 0x00, 0x00, 0x00, 0x00, 0x00, 0x00, 0x00, 0x00, 0x00, 0x00, 0x00, 0x00, 0x00, 0x00,
  0x00, 0x00, 0x00, 0x00, 0x00, 0x00, 0x00, 0x00, 0x00, 0x00, 0x00, 0x00, 0x00, 0x00, 0x00, 0x00,
  0x00, 0x00, 0x00, 0x00, 0x00, 0x00, 0x00, 0x00, 0x00, 0x00, 0x00, 0x00, 0x00, 0x00, 0x00, 0x00,
  0x00, 0x00, 0x00, 0x00, 0x00, 0x00, 0x00, 0x00, 0x00, 0x00, 0x00, 0x00, 0x00, 0x00, 0x00, 0x00,
  0x00, 0x00, 0x00, 0x00, 0x00, 0x00, 0x00, 0xff, 0x07, 0x01, 0x00, 0x00, 0x00, 0x00, 0x00, 0x00,
  0x13, 0x0b, 0x67, 0x13, 0x0b, 0xeb, 0x34, 0x0b, 0xff, 0x13, 0x0b, 0xff, 0xf3, 0x0a, 0xfe, 0xf3,
  0x0a, 0xfc, 0xf3, 0x0a, 0xfd, 0xf3, 0x0a, 0xfe, 0xf3, 0x0a, 0xff, 0xf3, 0x0a, 0xff, 0xf3, 0x0a,
  0xfe, 0xf3, 0x0a, 0xfd, 0xf3, 0x0a, 0xfc, 0xf3, 0x0a, 0xff, 0x14, 0x0b, 0xff, 0x14, 0x0b, 0xff,
  0x13, 0x0b, 0x9c, 0x6f, 0x02, 0x0a, 0x00, 0x00, 0x00, 0xef, 0x03, 0x02, 0x00, 0x00, 0x00, 0x00,
  0x00, 0x00, 0x00, 0x00, 0x00, 0x00, 0x00, 0x00, 0x00, 0x00, 0x00, 0x00, 0x00, 0x00, 0x00, 0x00,
  0x00, 0x00, 0x00, 0x00, 0x00, 0x00, 0x00, 0x00, 0x00, 0x00, 0x00, 0x00, 0x00, 0x00, 0x00, 0x00,
  0x00, 0x00, 0x00, 0x00, 0x00, 0x00, 0x00, 0x00, 0x00, 0x00, 0x00, 0x00, 0x00, 0x00, 0x00, 0x00,
  0x00, 0x00, 0x00, 0x00, 0x00, 0x00, 0x00, 0x00, 0x00, 0x00, 0x00, 0x00, 0x00, 0x00, 0x00, 0x00,
  0x00, 0x00, 0x00, 0x00, 0x00, 0x00, 0x00, 0x00, 0x00, 0x00, 0x00, 0x00, 0x00, 0x00, 0x00, 0x00,
  0x00, 0x00, 0x00, 0x00, 0x00, 0x00, 0x00, 0x00, 0x00, 0x00, 0x00, 0x00, 0x00, 0x00, 0x00, 0x00,
  0x00, 0x00, 0x00, 0x00, 0x00, 0x00, 0x00, 0x00, 0x00, 0x00, 0x00, 0x00, 0x00, 0x00, 0x00, 0x00,
  0x00, 0xef, 0x03, 0x02, 0x00, 0x00, 0x00, 0x00, 0x00, 0x00, 0x00, 0x00, 0x00, 0x00, 0x00, 0x01,
  0x00, 0x00, 0x00, 0x00, 0x00, 0x00, 0x00, 0x00, 0x00, 0x00, 0x00, 0x00, 0x00, 0x00, 0x00, 0x00,
  0x00, 0x00, 0x00, 0x00, 0x00, 0x00, 0x00, 0x00, 0x00, 0x00, 0x00, 0x00, 0x00, 0x00, 0x00, 0x00,
  0x00, 0x00, 0x00, 0x00, 0x00, 0x00, 0x00, 0x00, 0x00, 0x00, 0x00, 0x00, 0x00, 0x00, 0x00, 0x00,
  0x00, 0x00, 0x00, 0x00, 0x00, 0x01, 0x00, 0x00, 0x00, 0x00, 0x00, 0x00, 0xff, 0x07, 0x01, 0x00,
  0x00, 0x00, 0x00, 0x00, 0x00, 0x00, 0x00, 0x00, 0x00, 0x00, 0x00, 0x00, 0x00, 0x00, 0x00, 0x00,
  0x00, 0x00, 0x00, 0x00, 0x00, 0x00, 0x00, 0x00, 0x00, 0x00, 0x00, 0x00, 0x00, 0x00, 0x00, 0x00,
  0x00, 0x00, 0x00, 0x00, 0x00, 0x00, 0x00, 0x00, 0x00, 0x00, 0x00, 0x00, 0x00, 0x00, 0x00, 0x00,
  0x00, 0x00, 0x00, 0x00, 0x00, 0x00, 0x00, 0x00, 0x00, 0x00, 0x00, 0x00, 0x00, 0x00, 0x00, 0x00,
  0x00, 0x00, 0x00, 0x00, 0x00, 0x00, 0x00, 0x00, 0x00, 0x00, 0x00, 0x00, 0x00, 0x00, 0x00, 0x00,
  0x00, 0x00, 0x00, 0x00, 0x00, 0x00, 0x00, 0x00, 0x00, 0x00, 0x00, 0x00, 0x00, 0x00, 0x00, 0x00,
  0x00, 0x00, 0x00, 0x00, 0x00, 0x00, 0x00, 0x00, 0x00, 0x00, 0x00, 0x00, 0x00, 0x00, 0x00, 0x00,
  0x00, 0x00, 0x00, 0x00, 0x00, 0x00, 0x00, 0x00, 0x00, 0x00, 0x00, 0x00, 0x00, 0xef, 0x07, 0x02,
  0xef, 0x07, 0x02, 0x00, 0x00, 0x00, 0x00, 0x00, 0x00, 0x00, 0x00, 0x00, 0x00, 0x00, 0x00, 0xff,
  0x07, 0x01, 0x00, 0x00, 0x00, 0x00, 0x00, 0x00, 0x00, 0x00, 0x00, 0x00, 0x00, 0x00, 0x00, 0x00,
  0x00, 0x4a, 0x55, 0x03, 0x00, 0x00, 0x00, 0x00, 0x00, 0x00, 0x00, 0x00, 0x00, 0x00, 0x00, 0x00,
  0x00, 0x00, 0x00, 0x00, 0x00, 0x00, 0x00, 0x00, 0x00, 0x00, 0x00, 0x00, 0x00, 0x00, 0x00, 0x00,
  0x00, 0x00, 0x00, 0x00, 0x00, 0x00, 0x00, 0x00, 0x00, 0x00, 0x00, 0x00, 0x00, 0x00, 0x00, 0x00,
  0x00, 0x00, 0x00, 0x00, 0x00, 0x00, 0x00, 0x00, 0x00, 0x00, 0x00, 0x00, 0x00, 0x00, 0x00, 0x00,
  0x00, 0x00, 0x00, 0x00, 0x00, 0x00, 0x00, 0x00, 0x00, 0x00, 0x00, 0x00, 0x00, 0x00, 0x00, 0x00,
  0x00, 0x00, 0x00, 0x00, 0x00, 0x00, 0x00, 0x00, 0x00, 0x00, 0x00, 0x00, 0x00, 0x00, 0x00, 0x00,
  0x00, 0x00, 0x00, 0x00, 0x00, 0x00, 0x00, 0x00, 0x00, 0x00, 0x00, 0x00, 0x00, 0x00, 0x00, 0x00,
  0x00, 0x00, 0x00, 0x00, 0x00, 0x00, 0x00, 0x00, 0x00, 0x00, 0x00, 0x00, 0x00, 0x00, 0x00, 0x00,
  0x00, 0x00, 0x00, 0x00, 0x00, 0x00, 0x00, 0x00, 0x00, 0x00, 0x00, 0x00, 0x00, 0x00, 0x00, 0x00,
  0x00, 0x00, 0x00, 0x00, 0x00, 0x00, 0x00, 0x00, 0x00, 0x00, 0x00, 0x00, 0x00, 0x00, 0x00, 0x00,
  0x00, 0x00, 0x00, 0x00, 0x00, 0x00, 0x00, 0x00, 0x00, 0x00, 0x00, 0x00, 0x00, 0x00, 0x00, 0x00,
  0x00, 0x00, 0x00, 0x00, 0x00, 0x00, 0x00, 0x00, 0x00, 0x00, 0x00, 0x00, 0x00, 0x00, 0x00, 0x00,
  0x00, 0x00, 0x00, 0x00, 0x00, 0x00, 0x00, 0x00, 0x00, 0x00, 0x00, 0x00, 0x00, 0x00, 0x00, 0x00,
  0x00, 0x00, 0x00, 0x00, 0x00, 0x00, 0x00, 0x00, 0x00, 0x00, 0x00, 0x00, 0x00, 0x00, 0x00, 0x00,
  0x00, 0x00, 0x00, 0x00, 0x00, 0x00, 0x00, 0x00, 0x00, 0x00, 0x00, 0x00, 0x00, 0x00, 0x00, 0x00,
  0x00, 0x00, 0x00, 0x00, 0x00, 0x00, 0x00, 0x00, 0x00, 0x00, 0x00, 0x00, 0x00, 0x00, 0x00, 0x00,
  0x00, 0x00, 0x00, 0x00, 0x00, 0x00, 0x00, 0x00, 0x00, 0x00, 0x00, 0x00, 0x00, 0x00, 0x00, 0x00,
  0x00, 0x00, 0x00, 0x00, 0x00, 0x00, 0x00, 0x00, 0x00, 0x00, 0x00, 0x00, 0x00, 0x00, 0x00, 0x00,
  0x00, 0x00, 0x00, 0x00, 0x00, 0x00, 0x00, 0x00, 0x00, 0x00, 0x00, 0x00, 0x00, 0x00, 0x00, 0x00,
  0x00, 0x00, 0x00, 0x00, 0x00, 0x00, 0x00, 0x00, 0x00, 0x00, 0x00, 0x00, 0x00, 0x00, 0x00, 0x00,
  0x00, 0x00, 0x00, 0x00, 0x00, 0x00, 0x00, 0x00, 0x00, 0x00, 0x00, 0x00, 0x00, 0x00, 0x00, 0x00,
  0x00, 0x00, 0x00, 0x00, 0xef, 0x03, 0x02, 0x00, 0x00, 0x00, 0xef, 0x01, 0x08, 0xf3, 0x0a, 0xa3,
  0x34, 0x0b, 0xff, 0xf3, 0x0a, 0xff, 0xf3, 0x0a, 0xfb, 0xf3, 0x0a, 0xfe, 0xf3, 0x0a, 0xff, 0xf3,
  0x0a, 0xff, 0xf3, 0x0a, 0xff, 0xf3, 0x0a, 0xff, 0xf3, 0x0a, 0xfe, 0xf3, 0x0a, 0xfe, 0xf3, 0x0a,
  0xff, 0xf3, 0x0a, 0xff, 0xf3, 0x0a, 0xff, 0xf3, 0x0a, 0xff, 0xf3, 0x0a, 0xfc, 0xf3, 0x0a, 0xfc,
  0x34, 0x0b, 0xff, 0x13, 0x0b, 0xc6, 0xb3, 0x0a, 0x12, 0x00, 0x00, 0x00, 0xef, 0x03, 0x02, 0x00,
  0x00, 0x00, 0x00, 0x00, 0x00, 0x00, 0x00, 0x00, 0x00, 0x00, 0x00, 0x00, 0x00, 0x00, 0x00, 0x00,
  0x00, 0x00, 0x00, 0x00, 0x00, 0x00, 0x00, 0x00, 0x00, 0x00, 0x00, 0x00, 0x00, 0x00, 0x00, 0x00,
  0x00, 0x00, 0x00, 0x00, 0x00, 0x00, 0x00, 0x00, 0x00, 0x00, 0x00, 0x00, 0x00, 0x00, 0x00, 0x00,
  0x00, 0x00, 0x00, 0x00, 0x00, 0x00, 0x00, 0x00, 0x00, 0x00, 0x00, 0x00, 0x00, 0x00, 0x00, 0x00,
  0x00, 0x00, 0x00, 0x00, 0x00, 0x00, 0x00, 0x00, 0x00, 0x00, 0x00, 0x00, 0x00, 0x00, 0x00, 0x00,
  0x00, 0x00, 0x00, 0x00, 0x00, 0x00, 0x00, 0x00, 0x00, 0x00, 0x00, 0x00, 0x00, 0x00, 0x00, 0x00,
  0x00, 0x00, 0x00, 0x00, 0x00, 0x00, 0x00, 0x00, 0x00, 0x00, 0x00, 0x00, 0x00, 0x00, 0x1f, 0x00,
  0x01, 0x00, 0x00, 0x00, 0xd3, 0x0a, 0x2d, 0x34, 0x0b, 0x66, 0xf3, 0x0a, 0x40, 0x00, 0x00, 0x00,
  0x00, 0x00, 0x01, 0x00, 0x00, 0x01, 0x00, 0x00, 0x00, 0x00, 0x00, 0x00, 0x00, 0x00, 0x00, 0x00,
  0x00, 0x00, 0x00, 0x00, 0x00, 0x00, 0x00, 0x00, 0x00, 0x00, 0x00, 0x00, 0x00, 0x00, 0x00, 0x00,
  0x00, 0x00, 0x00, 0x00, 0x00, 0x00, 0x00, 0x00, 0x00, 0x00, 0x00, 0x00, 0x00, 0x00, 0x00, 0x00,
  0xef, 0x03, 0x02, 0x00, 0x00, 0x01, 0xd3, 0x0a, 0x19, 0x13, 0x0b, 0xb5, 0x14, 0x0b, 0xd5, 0x14,
  0x0b, 0xa7, 0x13, 0x13, 0x2d, 0x00, 0x00, 0x00, 0xef, 0x03, 0x02, 0x00, 0x00, 0x00, 0x00, 0x00,
  0x00, 0xef, 0x03, 0x02, 0x00, 0x00, 0x00, 0xf3, 0x0a, 0x62, 0x14, 0x0b, 0x9c, 0x13, 0x0b, 0x7e,
  0xf2, 0x0a, 0x16, 0x00, 0x00, 0x00, 0xff, 0x07, 0x01, 0x00, 0x00, 0x00, 0x00, 0x00, 0x00, 0x00,
  0x00, 0x00, 0x00, 0x00, 0x00, 0x00, 0x00, 0x00, 0x00, 0x00, 0x00, 0x00, 0x00, 0x00, 0x00, 0x00,
  0x00, 0x00, 0x00, 0x00, 0x00, 0x00, 0x00, 0x00, 0x00, 0x00, 0x00, 0x00, 0x00, 0x00, 0x00, 0x00,
  0x00, 0x00, 0x00, 0x00, 0x00, 0x00, 0x00, 0x00, 0x00, 0x00, 0x00, 0x00, 0x00, 0x00, 0x00, 0x00,
  0x00, 0x00, 0x00, 0x00, 0x00, 0x00, 0x00, 0x00, 0x00, 0x00, 0x00, 0x00, 0x00, 0x00, 0x00, 0x00,
  0x00, 0x00, 0x00, 0x00, 0x00, 0x00, 0x00, 0x00, 0x00, 0x00, 0x4a, 0x55, 0x03, 0x00, 0x00, 0x00,
  0x00, 0x00, 0x00, 0x2a, 0x2d, 0x26, 0x2a, 0x2d, 0x6c, 0x2a, 0x2d, 0xa8, 0x2a, 0x2d, 0xcd, 0x0a,
  0x2d, 0xd8, 0x2a, 0x2d, 0xd1, 0x2a, 0x2d, 0xbb, 0x2a, 0x2d, 0x8d, 0x2a, 0x2d, 0x46, 0xaa, 0x02,
  0x03, 0x00, 0x00, 0x00, 0xef, 0x07, 0x02, 0x00, 0x00, 0x00, 0x00, 0x00, 0x00, 0x00, 0x00, 0x00,
  0x00, 0x00, 0x00, 0x00, 0x00, 0x00, 0x00, 0x00, 0x00, 0x00, 0x00, 0x00, 0x00, 0x00, 0x00, 0x00,
  0x00, 0x00, 0x00, 0x00, 0x00, 0x00, 0x00, 0x00, 0x00, 0x00, 0x00, 0x00, 0x00, 0x00, 0x00, 0x00,
  0x00, 0x00, 0x00, 0x00, 0x00, 0x00, 0x00, 0x00, 0x00, 0x00, 0x00, 0x00, 0x00, 0x00, 0x00, 0x00,
  0x00, 0x00, 0x00, 0x00, 0x00, 0x00, 0x00, 0x00, 0x00, 0x00, 0x00, 0x00, 0x00, 0x00, 0x00, 0x00,
  0x00, 0x00, 0x00, 0x00, 0x00, 0x00, 0x00, 0x00, 0x00, 0x00, 0x00, 0x00, 0x00, 0x00, 0x00, 0x00,
  0x00, 0x00, 0x00, 0x00, 0x00, 0x00, 0x00, 0x00, 0x00, 0x00, 0x00, 0x00, 0x00, 0x00, 0x00, 0x00,
  0x00, 0x00, 0x00, 0x00, 0x00, 0x00, 0x00, 0x00, 0x00, 0x00, 0x00, 0x00, 0x00, 0x00, 0x00, 0x00,
  0x00, 0x00, 0x00, 0x00, 0x00, 0x00, 0x00, 0x00, 0x00, 0x00, 0x00, 0x00, 0x00, 0x00, 0x00, 0x00,
  0x00, 0x00, 0x00, 0x00, 0x00, 0x00, 0x00, 0x00, 0x00, 0x00, 0x00, 0x00, 0x00, 0x00, 0x00, 0x00,
  0x00, 0x00, 0x00, 0x00, 0x00, 0x00, 0x00, 0x00, 0x00, 0x00, 0x00, 0x00, 0x00, 0x00, 0x00, 0x00,
  0x00, 0x00, 0x00, 0x00, 0x00, 0x00, 0x00, 0x00, 0x00, 0x00, 0x00, 0x00, 0x00, 0x00, 0x00, 0x00,
  0x00, 0x00, 0x00, 0x00, 0x00, 0x00, 0x00, 0x00, 0x00, 0x00, 0x00, 0x00, 0x00, 0x00, 0x00, 0x00,
  0x00, 0x00, 0x00, 0x00, 0x00, 0x00, 0x00, 0x00, 0x00, 0x00, 0x00, 0x00, 0x00, 0x00, 0x00, 0x00,
  0x00, 0x00, 0x00, 0x00, 0x00, 0x00, 0x00, 0x00, 0x00, 0x00, 0x00, 0x00, 0x00, 0x00, 0x00, 0x00,
  0x00, 0x00, 0x00, 0x00, 0x00, 0x00, 0x00, 0x00, 0x00, 0x00, 0x00, 0x00, 0x00, 0x00, 0x00, 0x00,
  0x00, 0x00, 0x00, 0x00, 0x00, 0x00, 0x00, 0x00, 0x00, 0x00, 0x00, 0x00, 0x00, 0x00, 0x00, 0x00,
  0x00, 0x00, 0x00, 0x00, 0x00, 0x00, 0x00, 0x00, 0x00, 0x00, 0x00, 0x00, 0x00, 0x00, 0x00, 0x00,
  0x00, 0x00, 0x00, 0x00, 0x00, 0x00, 0x00, 0x00, 0x00, 0x00, 0x00, 0x00, 0x00, 0x00, 0x00, 0x00,
  0x00, 0x00, 0x00, 0x00, 0x00, 0x00, 0x00, 0x00, 0x00, 0x00, 0x00, 0x00, 0x00, 0x00, 0x00, 0x00,
  0x00, 0x00, 0x00, 0x00, 0x00, 0x00, 0x00, 0x00, 0x00, 0x00, 0x00, 0x00, 0x00, 0x00, 0x00, 0x00,
  0x00, 0x1f, 0x00, 0x01, 0x1f, 0x00, 0x01, 0xf4, 0x12, 0x0b, 0xf3, 0x0a, 0xbe, 0x34, 0x0b, 0xff,
  0xf3, 0x0a, 0xfb, 0xf3, 0x0a, 0xfe, 0xf3, 0x0a, 0xff, 0xf3, 0x0a, 0xff, 0xf3, 0x0a, 0xfe, 0xf3,
  0x0a, 0xfc, 0xf3, 0x0a, 0xfc, 0xf3, 0x0a, 0xff, 0x13, 0x0b, 0xff, 0x13, 0x0b, 0xff, 0xf3, 0x0a,
  0xff, 0xf3, 0x0a, 0xfb, 0xf3, 0x0a, 0xfd, 0xf3, 0x0a, 0xff, 0xf3, 0x0a, 0xff, 0xf3, 0x0a, 0xff,
  0xf3, 0x0a, 0xfa, 0x34, 0x0b, 0xff, 0xf3, 0x0a, 0xc4, 0x72, 0x03, 0x07, 0xb5, 0x02, 0x03, 0x1f,
  0x00, 0x01, 0x00, 0x00, 0x00, 0x00, 0x00, 0x00, 0x00, 0x00, 0x00, 0x00, 0x00, 0x00, 0x00, 0x00,
  0x00, 0x00, 0x00, 0x00, 0x00, 0x00, 0x00, 0x00, 0x00, 0x00, 0x00, 0x00, 0x00, 0x00, 0x00, 0x00,
  0x00, 0x00, 0x00, 0x00, 0x00, 0x00, 0x00, 0x00, 0x00, 0x00, 0x00, 0x00, 0x00, 0x00, 0x00, 0x00,
  0x00, 0x00, 0x00, 0x00, 0x00, 0x00, 0x00, 0x00, 0x00, 0x00, 0x00, 0x00, 0x00, 0x00, 0x00, 0x00,
  0x00, 0x00, 0x00, 0x00, 0x00, 0x00, 0x00, 0x00, 0x00, 0x00, 0x00, 0x00, 0x00, 0x00, 0x00, 0x00,
  0x00, 0x00, 0x00, 0x00, 0x00, 0x00, 0x00, 0x00, 0x00, 0x00, 0x00, 0x00, 0x00, 0x00, 0x00, 0x00,
  0x00, 0x00, 0x00, 0x00, 0x00, 0x00, 0x00, 0x00, 0x00, 0x00, 0x00, 0xb5, 0x02, 0x03, 0x00, 0x00,
  0x00, 0xf3, 0x0a, 0x65, 0x14, 0x0b, 0xfb, 0x34, 0x0b, 0xff, 0x34, 0x0b, 0xff, 0xf3, 0x0a, 0x92,
  0x00, 0x00, 0x00, 0xef, 0x03, 0x02, 0x00, 0x00, 0x00, 0x00, 0x00, 0x00, 0x00, 0x00, 0x00, 0x00,
  0x00, 0x00, 0x00, 0x00, 0x00, 0x00, 0x00, 0x00, 0x00, 0x00, 0x00, 0x00, 0x00, 0x00, 0x00, 0x00,
  0x00, 0x00, 0x00, 0x00, 0x00, 0x00, 0x00, 0x00, 0x00, 0x00, 0x00, 0x00, 0x00, 0x00, 0x00, 0x00,
  0xef, 0x03, 0x02, 0xef, 0x03, 0x02, 0xf3, 0x0a, 0xc1, 0x35, 0x0b, 0xff, 0xf3, 0x0a, 0xff, 0x35,
  0x0b, 0xff, 0xf3, 0x0a, 0xe1, 0xf1, 0x12, 0x0b, 0x1f, 0x00, 0x01, 0x00, 0x00, 0x01, 0xb5, 0x02,
  0x03, 0x00, 0x00, 0x00, 0xf3, 0x0a, 0x86, 0x35, 0x0b, 0xff, 0x14, 0x0b, 0xff, 0x55, 0x13, 0xff,
  0xf3, 0x0a, 0xc0, 0xef, 0x03, 0x02, 0xef, 0x03, 0x02, 0x00, 0x00, 0x00, 0x00, 0x00, 0x00, 0x00,
  0x00, 0x00, 0x00, 0x00, 0x00, 0x00, 0x00, 0x00, 0x00, 0x00, 0x00, 0x00, 0x00, 0x00, 0x00, 0x00,
  0x00, 0x00, 0x00, 0x00, 0x00, 0x00, 0x00, 0x00, 0x00, 0x00, 0x00, 0x00, 0x00, 0x00, 0x00, 0x00,
  0x00, 0x00, 0x00, 0x00, 0x00, 0x00, 0x00, 0x00, 0x00, 0x00, 0x00, 0x00, 0x00, 0x00, 0x00, 0x00,
  0x00, 0x00, 0x00, 0x00, 0x00, 0x00, 0x00, 0x00, 0x00, 0x00, 0x00, 0x00, 0x00, 0x00, 0x00, 0x00,
  0x00, 0x00, 0x00, 0x00, 0xe0, 0x07, 0x01, 0x00, 0x00, 0x01, 0x00, 0x00, 0x00, 0x0a, 0x2d, 0x38,
  0x4a, 0x35, 0xae, 0x2a, 0x2d, 0xf8, 0x6b, 0x35, 0xff, 0x6b, 0x35, 0xff, 0x4a, 0x35, 0xff, 0x4a,
  0x35, 0xff, 0x4a, 0x35, 0xff, 0x6b, 0x35, 0xff, 0x6b, 0x35, 0xff, 0x4b, 0x35, 0xff, 0x4a, 0x35,
  0xcf, 0x2a, 0x2d, 0x52, 0x00, 0x00, 0x00, 0xe0, 0x07, 0x01, 0x00, 0x00, 0x01, 0x00, 0x00, 0x00,
  0x00, 0x00, 0x00, 0x00, 0x00, 0x00, 0x00, 0x00, 0x00, 0x00, 0x00, 0x00, 0x00, 0x00, 0x00, 0x00,
  0x00, 0x00, 0x00, 0x00, 0x00, 0x00, 0x00, 0x00, 0x00, 0x00, 0x00, 0x00, 0x00, 0x00, 0x00, 0x00,
  0x00, 0x00, 0x00, 0x00, 0x00, 0x00, 0x00, 0x00, 0x00, 0x00, 0x00, 0x00, 0x00, 0x00, 0x00, 0x00,
  0x00, 0x00, 0x00, 0x00, 0x00, 0x00, 0x00, 0x00, 0x00, 0x00, 0x00, 0x00, 0x00, 0x00, 0x00, 0x00,
  0x00, 0x00, 0x00, 0x00, 0x00, 0x00, 0x00, 0x00, 0x00, 0x00, 0x00, 0x00, 0x00, 0x00, 0x00, 0x00,
  0x00, 0x00, 0x00, 0x00, 0x00, 0x00, 0x00, 0x00, 0x00, 0x00, 0x00, 0x00, 0x00, 0x00, 0x00, 0x00,
  0x00, 0x00, 0x00, 0x00, 0x00, 0x00, 0x00, 0x00, 0x00, 0x00, 0x00, 0x00, 0x00, 0x00, 0x00, 0x00,
  0x00, 0x00, 0x00, 0x00, 0x00, 0x00, 0x00, 0x00, 0x00, 0x00, 0x00, 0x00, 0x00, 0x00, 0x00, 0x00,
  0x00, 0x00, 0x00, 0x00, 0x00, 0x00, 0x00, 0x00, 0x00, 0x00, 0x00, 0x00, 0x00, 0x00, 0x00, 0x00,
  0x00, 0x00, 0x00, 0x00, 0x00, 0x00, 0x00, 0x00, 0x00, 0x00, 0x00, 0x00, 0x00, 0x00, 0x00, 0x00,
  0x00, 0x00, 0x00, 0x00, 0x00, 0x00, 0x00, 0x00, 0x00, 0x00, 0x00, 0x00, 0x00, 0x00, 0x00, 0x00,
  0x00, 0x00, 0x00, 0x00, 0x00, 0x00, 0x00, 0x00, 0x00, 0x00, 0x00, 0x00, 0x00, 0x00, 0x00, 0x00,
  0x00, 0x00, 0x00, 0x00, 0x00, 0x00, 0x00, 0x00, 0x00, 0x00, 0x00, 0x00, 0x00, 0x00, 0x00, 0x00,
  0x00, 0x00, 0x00, 0x00, 0x00, 0x00, 0x00, 0x00, 0x00, 0x00, 0x00, 0x00, 0x00, 0x00, 0x00, 0x00,
  0x00, 0x00, 0x00, 0x00, 0x00, 0x00, 0x00, 0x00, 0x00, 0x00, 0x00, 0x00, 0x00, 0x00, 0x00, 0x00,
  0x00, 0x00, 0x00, 0x00, 0x00, 0x00, 0x00, 0x00, 0x00, 0x00, 0x00, 0x00, 0x00, 0x00, 0x00, 0x00,
  0x00, 0x00, 0x1f, 0x00, 0x01, 0xb5, 0x02, 0x03, 0xb5, 0x02, 0x03, 0x00, 0x00, 0x00, 0x00, 0x00,
  0x00, 0x00, 0x00, 0x00, 0x00, 0x00, 0x00, 0x00, 0x00, 0x00, 0x00, 0x00, 0x00, 0x00, 0x00, 0x00,
  0x00, 0x00, 0x00, 0x00, 0x00, 0x00, 0x00, 0x00, 0x00, 0x00, 0x00, 0x00, 0x00, 0x00, 0x00, 0x00,
  0x00, 0x00, 0x00, 0x00, 0x00, 0x00, 0x00, 0x00, 0x00, 0x00, 0x00, 0x00, 0x00, 0x00, 0x00, 0x00,
  0x01, 0xb5, 0x02, 0x03, 0xff, 0x03, 0x02, 0xf3, 0x0a, 0xb7, 0x34, 0x0b, 0xff, 0xf3, 0x0a, 0xfa,
  0xf3, 0x0a, 0xff, 0xf3, 0x0a, 0xff, 0xf3, 0x0a, 0xff, 0xf3, 0x0a, 0xfc, 0xf3, 0x0a, 0xff, 0x14,
  0x0b, 0xff, 0x34, 0x0b, 0xff, 0xf3, 0x0a, 0xff, 0xf3, 0x0a, 0xee, 0xf3, 0x0a, 0xee, 0xf3, 0x0a,
  0xff, 0x34, 0x0b, 0xff, 0x14, 0x0b, 0xff, 0xf3, 0x0a, 0xfc, 0xf3, 0x0a, 0xff, 0xf3, 0x0a, 0xff,
  0xf3, 0x0a, 0xff, 0xf3, 0x0a, 0xfa, 0x34, 0x0b, 0xff, 0xf3, 0x0a, 0x92, 0x00, 0x00, 0x00, 0xb5,
  0x02, 0x03, 0x00, 0x00, 0x00, 0x00, 0x00, 0x00, 0x00, 0x00, 0x00, 0x00, 0x00, 0x00, 0x00, 0x00,
  0x00, 0x00, 0x00, 0x00, 0x00, 0x00, 0x00, 0x00, 0x00, 0x00, 0x00, 0x00, 0x00, 0x00, 0x00, 0x00,
  0x00, 0x00, 0x00, 0x00, 0x00, 0x00, 0x00, 0x00, 0x00, 0x00, 0x00, 0x00, 0x00, 0x00, 0x00, 0x00,
  0x00, 0x00, 0x00, 0x00, 0x00, 0x00, 0x00, 0x00, 0x00, 0x00, 0x00, 0x00, 0x00, 0x00, 0x00, 0x00,
  0x00, 0x00, 0x00, 0x00, 0x00, 0x00, 0x00, 0x00, 0x00, 0x00, 0x00, 0x00, 0x00, 0x00, 0x00, 0x00,
  0x00, 0x00, 0x00, 0x00, 0x00, 0x00, 0x00, 0x00, 0x00, 0x00, 0x00, 0x00, 0x00, 0x00, 0x00, 0x00,
  0x00, 0x00, 0x00, 0x00, 0x00, 0x00, 0x00, 0x00, 0x00, 0x00, 0x01, 0x00, 0x00, 0x01, 0x33, 0x03,
  0x05, 0xf3, 0x0a, 0xe4, 0x14, 0x0b, 0xff, 0xf3, 0x0a, 0xf8, 0xf3, 0x0a, 0xfe, 0xf3, 0x0a, 0xfb,
  0x13, 0x0b, 0x17, 0x00, 0x00, 0x00, 0xff, 0x07, 0x01, 0x00, 0x00, 0x00, 0x00, 0x00, 0x00, 0x00,
  0x00, 0x00, 0x00, 0x00, 0x00, 0x00, 0x00, 0x00, 0x00, 0x00, 0x00, 0x00, 0x00, 0x00, 0x00, 0x00,
  0x00, 0x00, 0x00, 0x00, 0x00, 0x00, 0x00, 0x00, 0x00, 0x00, 0x00, 0x00, 0x00, 0xb5, 0x02, 0x03,
  0x00, 0x00, 0x00, 0xf3, 0x0a, 0x36, 0x14, 0x0b, 0xff, 0xf3, 0x0a, 0xfb, 0xf3, 0x0a, 0xfc, 0xf3,
  0x0a, 0xfc, 0xf3, 0x0a, 0xf1, 0xd3, 0x0a, 0x14, 0x00, 0x00, 0x00, 0xef, 0x03, 0x02, 0x00, 0x00,
  0x00, 0xf3, 0x0a, 0x10, 0xf3, 0x0a, 0xf3, 0xf3, 0x0a, 0xfd, 0xf3, 0x0a, 0xf9, 0xf3, 0x0a, 0xfb,
  0xf3, 0x0a, 0xfb, 0xd3, 0x12, 0x1c, 0x00, 0x00, 0x00, 0xef, 0x03, 0x02, 0x00, 0x00, 0x00, 0x00,
  0x00, 0x00, 0x00, 0x00, 0x00, 0x00, 0x00, 0x00, 0x00, 0x00, 0x00, 0x00, 0x00, 0x00, 0x00, 0x00,
  0x00, 0x00, 0x00, 0x00, 0x00, 0x00, 0x00, 0x00, 0x00, 0x00, 0x00, 0x00, 0x00, 0x00, 0x00, 0x00,
  0x00, 0x00, 0x00, 0x00, 0x00, 0x00, 0x00, 0x00, 0x00, 0x00, 0x00, 0x00, 0x00, 0x00, 0x00, 0x00,
  0x00, 0x00, 0x00, 0x00, 0x00, 0x00, 0x00, 0x00, 0x00, 0x00, 0x00, 0x00, 0x00, 0x00, 0x00, 0x00,
  0x00, 0xe0, 0x07, 0x01, 0x00, 0x00, 0x00, 0xaa, 0x02, 0x03, 0x2a, 0x35, 0x8a, 0x2a, 0x35, 0xfe,
  0x6b, 0x35, 0xff, 0x0a, 0x2d, 0xff, 0x0a, 0x2d, 0xfb, 0x0a, 0x2d, 0xfc, 0x0a, 0x2d, 0xfd, 0x0a,
  0x2d, 0xfd, 0x0a, 0x2d, 0xfd, 0x0a, 0x2d, 0xfc, 0x0a, 0x2d, 0xfb, 0x0a, 0x2d, 0xfd, 0x4a, 0x35,
  0xff, 0x6b, 0x35, 0xff, 0x2a, 0x2d, 0x95, 0xe0, 0x07, 0x01, 0xef, 0x03, 0x02, 0xe0, 0x07, 0x01,
  0x00, 0x00, 0x00, 0x00, 0x00, 0x00, 0x00, 0x00, 0x00, 0x00, 0x00, 0x00, 0x00, 0x00, 0x00, 0x00,
  0x00, 0x00, 0x00, 0x00, 0x00, 0x00, 0x00, 0x00, 0x00, 0x00, 0x00, 0x00, 0x00, 0x00, 0x00, 0x00,
  0x00, 0x00, 0x00, 0x00, 0x00, 0x00, 0x00, 0x00, 0x00, 0x00, 0x00, 0x00, 0x00, 0x00, 0x00, 0x00,
  0x00, 0x00, 0x00, 0x00, 0x00, 0x00, 0x00, 0x00, 0x00, 0x00, 0x00, 0x00, 0x00, 0x00, 0x00, 0x00,
  0x00, 0x00, 0x00, 0x00, 0x00, 0x00, 0x00, 0x00, 0x00, 0x00, 0x00, 0x00, 0x00, 0x00, 0x00, 0x00,
  0x00, 0x00, 0x00, 0x00, 0x00, 0x00, 0x00, 0x00, 0x00, 0x00, 0x00, 0x00, 0x00, 0x00, 0x00, 0x00,
  0x00, 0x00, 0x00, 0x00, 0x00, 0x00, 0x00, 0x00, 0x00, 0x00, 0x00, 0x00, 0x00, 0x00, 0x00, 0x00,
  0x00, 0x00, 0x00, 0x00, 0x00, 0x00, 0x00, 0x00, 0x00, 0x00, 0x00, 0x00, 0x00, 0x00, 0x00, 0x00,
  0x00, 0x00, 0x00, 0x00, 0x00, 0x00, 0x00, 0x00, 0x00, 0x00, 0x00, 0x00, 0x00, 0x00, 0x00, 0x00,
  0x00, 0x00, 0x00, 0x00, 0x00, 0x00, 0x00, 0x00, 0x00, 0x00, 0x00, 0x00, 0x00, 0x00, 0x00, 0x00,
  0x00, 0x00, 0x00, 0x00, 0x00, 0x00, 0x00, 0x00, 0x00, 0x00, 0x00, 0x00, 0x00, 0x00, 0x00, 0x00,
  0x00, 0x00, 0x00, 0x00, 0x00, 0x00, 0x00, 0x00, 0x00, 0x00, 0x00, 0x00, 0x00, 0x00, 0x00, 0x00,
  0x00, 0x00, 0x00, 0x00, 0x00, 0x00, 0x00, 0x00, 0x00, 0x00, 0x00, 0x00, 0x00, 0x00, 0x00, 0x00,
  0x00, 0x00, 0x00, 0x00, 0x00, 0x00, 0x00, 0x00, 0x00, 0x00, 0x00, 0x00, 0x00, 0x00, 0x00, 0x00,
  0x00, 0x00, 0x00, 0x00, 0x00, 0x00, 0x00, 0x1f, 0x00, 0x01, 0xb5, 0x02, 0x03, 0xb5, 0x02, 0x03,
  0x00, 0x00, 0x00, 0x00, 0x00, 0x00, 0x00, 0x00, 0x00, 0x00, 0x00, 0x00, 0x00, 0x00, 0x00, 0x00,
  0x00, 0x00, 0x00, 0x00, 0x00, 0x00, 0x00, 0x00, 0x00, 0x00, 0x00, 0x00, 0x00, 0x00, 0x00, 0x00,
  0x00, 0x00, 0x00, 0x00, 0x00, 0x00, 0x00, 0x00, 0x00, 0x00, 0x00, 0x00, 0x00, 0x00, 0x00, 0x00,
  0x00, 0x00, 0x00, 0x00, 0x00, 0x00, 0x00, 0x00, 0x00, 0x00, 0x00, 0x00, 0x00, 0x00, 0x00, 0x00,
  0x00, 0x00, 0x00, 0x00, 0x00, 0x00, 0x00, 0x00, 0x00, 0x00, 0x00, 0x00, 0x00, 0x00, 0xb5, 0x02,
  0x03, 0x00, 0x00, 0x00, 0xf3, 0x0a, 0x8a, 0x34, 0x0b, 0xff, 0xf3, 0x0a, 0xfa, 0xf3, 0x0a, 0xff,
  0xf3, 0x0a, 0xff, 0xf3, 0x0a, 0xff, 0xf3, 0x0a, 0xfc, 0x14, 0x0b, 0xff, 0xf3, 0x0a, 0xfb, 0xf3,
  0x0a, 0xb0, 0x13, 0x0b, 0x62, 0xf3, 0x12, 0x2e, 0xf4, 0x0a, 0x13, 0xf4, 0x0a, 0x13, 0x13, 0x0b,
  0x2c, 0xf3, 0x0a, 0x66, 0xf3, 0x0a, 0xc8, 0x34, 0x0b, 0xff, 0xf3, 0x0a, 0xfe, 0xf3, 0x0a, 0xff,
  0xf3, 0x0a, 0xff, 0xf3, 0x0a, 0xfe, 0xf3, 0x0a, 0xfb, 0x13, 0x0b, 0xff, 0xf3, 0x0a, 0x36, 0x00,
  0x00, 0x00, 0xb5, 0x02, 0x03, 0x00, 0x00, 0x00, 0x00, 0x00, 0x00, 0x00, 0x00, 0x00, 0x00, 0x00,
  0x00, 0x00, 0x00, 0x00, 0x00, 0x00, 0x00, 0x00, 0x00, 0x00, 0x00, 0x00, 0x00, 0x00, 0x00, 0x00,
  0x00, 0x00, 0x00, 0x00, 0x00, 0x00, 0x00, 0x00, 0x00, 0x00, 0x00, 0x00, 0x00, 0x00, 0x00, 0x00,
  0x00, 0x00, 0x00, 0x00, 0x00, 0x00, 0x00, 0x00, 0x00, 0x00, 0x00, 0x00, 0x00, 0x00, 0x00, 0x00,
  0x00, 0x00, 0x00, 0x00, 0x00, 0x00, 0x00, 0x00, 0x00, 0x00, 0x00, 0x00, 0x00, 0x00, 0x00, 0x00,
  0x00, 0x00, 0x00, 0x00, 0x00, 0x00, 0x00, 0x00, 0x00, 0x00, 0x00, 0x00, 0x00, 0x00, 0x00, 0x00,
  0x00, 0x00, 0x00, 0x00, 0x00, 0x00, 0x00, 0x00, 0xef, 0x03, 0x02, 0x00, 0x00, 0x00, 0xf3, 0x0a,
  0x30, 0xf3, 0x0a, 0xfd, 0xf3, 0x0a, 0xfd, 0xf3, 0x0a, 0xfe, 0xf3, 0x0a, 0xff, 0xf3, 0x0a, 0xfc,
  0xf3, 0x0a, 0x26, 0x00, 0x00, 0x00, 0xef, 0x03, 0x02, 0x00, 0x00, 0x00, 0x00, 0x00, 0x00, 0x00,
  0x00, 0x00, 0x00, 0x00, 0x00, 0x00, 0x00, 0x00, 0x00, 0x00, 0x00, 0x00, 0x00, 0x00, 0x00, 0x00,
  0x00, 0x00, 0x00, 0x00, 0x00, 0x00, 0x00, 0x00, 0x00, 0x00, 0x00, 0x00, 0x00, 0xef, 0x03, 0x04,
  0x00, 0x00, 0x00, 0xf3, 0x0a, 0x72, 0x34, 0x0b, 0xfe, 0xf3, 0x0a, 0xfb, 0xf3, 0x0a, 0xfd, 0x13,
  0x0b, 0xff, 0xf3, 0x0a, 0xdb, 0xb5, 0x02, 0x03, 0x00, 0x00, 0x00, 0xb5, 0x02, 0x03, 0x00, 0x00,
  0x00, 0xf3, 0x0a, 0x3e, 0x13, 0x0b, 0xff, 0xf3, 0x0a, 0xfd, 0xf3, 0x0a, 0xfe, 0xf3, 0x0a, 0xff,
  0xf3, 0x0a, 0xf8, 0xd3, 0x12, 0x1f, 0x00, 0x00, 0x00, 0xef, 0x03, 0x02, 0x00, 0x00, 0x00, 0x00,
  0x00, 0x00, 0x00, 0x00, 0x00, 0x00, 0x00, 0x00, 0x00, 0x00, 0x00, 0x00, 0x00, 0x00, 0x00, 0x00,
  0x00, 0x00, 0x00, 0x00, 0x00, 0x00, 0x00, 0x00, 0x00, 0x00, 0x00, 0x00, 0x00, 0x00, 0x00, 0x00,
  0x00, 0x00, 0x00, 0x00, 0x00, 0x00, 0x00, 0x00, 0x00, 0x00, 0x00, 0x00, 0x00, 0x00, 0x00, 0x00,
  0x00, 0x00, 0x00, 0x00, 0x00, 0x00, 0x00, 0x00, 0x00, 0x00, 0x00, 0x00, 0x00, 0x00, 0xe0, 0x07,
  0x01, 0xe0, 0x07, 0x01, 0x08, 0x2d, 0x0b, 0x2a, 0x2d, 0xb7, 0x8b, 0x35, 0xff, 0x0a, 0x2d, 0xfd,
  0x0a, 0x2d, 0xfc, 0x0a, 0x2d, 0xfe, 0x0a, 0x2d, 0xfe, 0x0a, 0x2d, 0xfc, 0x0a, 0x2d, 0xfb, 0x0a,
  0x2d, 0xfb, 0x0a, 0x2d, 0xfb, 0x0a, 0x2d, 0xfc, 0x0a, 0x2d, 0xfe, 0x0a, 0x2d, 0xff, 0x0a, 0x2d,
  0xfd, 0x0a, 0x2d, 0xfb, 0x8b, 0x35, 0xff, 0x0a, 0x2d, 0xa7, 0x00, 0x00, 0x00, 0x4a, 0x55, 0x03,
  0x00, 0x00, 0x01, 0x00, 0x00, 0x00, 0x00, 0x00, 0x00, 0x00, 0x00, 0x00, 0x00, 0x00, 0x00, 0x00,
  0x00, 0x00, 0x00, 0x00, 0x00, 0x00, 0x00, 0x00, 0x00, 0x00, 0x00, 0x00, 0x00, 0x00, 0x00, 0x00,
  0x00, 0x00, 0x00, 0x00, 0x00, 0x00, 0x00, 0x00, 0x00, 0x00, 0x00, 0x00, 0x00, 0x00, 0x00, 0x00,
  0x00, 0x00, 0x00, 0x00, 0x00, 0x00, 0x00, 0x00, 0x00, 0x00, 0x00, 0x00, 0x00, 0x00, 0x00, 0x00,
  0x00, 0x00, 0x00, 0x00, 0x00, 0x00, 0x00, 0x00, 0x00, 0x00, 0x00, 0x00, 0x00, 0x00, 0x00, 0x00,
  0x00, 0x00, 0x00, 0x00, 0x00, 0x00, 0x00, 0x00, 0x00, 0x00, 0x00, 0x00, 0x00, 0x00, 0x00, 0x00,
  0x00, 0x00, 0x00, 0x00, 0x00, 0x00, 0x00, 0x00, 0x00, 0x00, 0x00, 0x00, 0x00, 0x00, 0x00, 0x00,
  0x00, 0x00, 0x00, 0x00, 0x00, 0x00, 0x00, 0x00, 0x00, 0x00, 0x00, 0x00, 0x00, 0x00, 0x00, 0x00,
  0x00, 0x00, 0x00, 0x00, 0x00, 0x00, 0x00, 0x00, 0x00, 0x00, 0x00, 0x00, 0x00, 0x00, 0x00, 0x00,
  0x00, 0x00, 0x00, 0x00, 0x00, 0x00, 0x00, 0x00, 0x00, 0x00, 0x00, 0x00, 0x00, 0x00, 0x00, 0x00,
  0x00, 0x00, 0x00, 0x00, 0x00, 0x00, 0x00, 0x00, 0x00, 0x00, 0x00, 0x00, 0x00, 0x00, 0x00, 0x00,
  0x00, 0x00, 0x00, 0x00, 0x00, 0x00, 0x00, 0x00, 0x00, 0x00, 0x00, 0x00, 0x00, 0x00, 0x00, 0x00,
  0x00, 0x00, 0x00, 0x00, 0x00, 0x00, 0x00, 0x00, 0x00, 0x00, 0x00, 0x00, 0x00, 0x00, 0x00, 0x00,
  0x00, 0x00, 0x00, 0x00, 0x00, 0x00, 0x00, 0x00, 0x00, 0x00, 0x00, 0x00, 0x00, 0x00, 0x00, 0x00,
  0x00, 0x00, 0x00, 0x00, 0x00, 0x00, 0x00, 0x00, 0x00, 0x00, 0x00, 0x00, 0x00, 0x00, 0x00, 0x00,
  0x1f, 0x00, 0x01, 0x00, 0x00, 0x00, 0x00, 0x00, 0x00, 0x00, 0x00, 0x00, 0x1f, 0x00, 0x01, 0x1f,
  0x00, 0x01, 0x13, 0x13, 0x0d, 0x13, 0x0b, 0xab, 0xf3, 0x0a, 0x62, 0x00, 0x00, 0x00, 0xef, 0x03,
  0x02, 0x00, 0x00, 0x00, 0x00, 0x00, 0x00, 0x00, 0x00, 0x00, 0x00, 0x00, 0x00, 0x00, 0x00, 0x00,
  0x00, 0x00, 0x00, 0x00, 0x00, 0x00, 0x00, 0x00, 0x00, 0x00, 0x00, 0x00, 0x00, 0x00, 0x00, 0x00,
  0x00, 0x00, 0x00, 0x00, 0x00, 0x00, 0x00, 0x00, 0x00, 0x00, 0x00, 0xb5, 0x02, 0x03, 0x00, 0x00,
  0x00, 0x13, 0x0b, 0x3d, 0x14, 0x0b, 0xff, 0xf3, 0x0a, 0xfb, 0xf3, 0x0a, 0xfe, 0xf3, 0x0a, 0xff,
  0xf3, 0x0a, 0xff, 0xf3, 0x0a, 0xfd, 0x34, 0x0b, 0xff, 0xf3, 0x0a, 0xb2, 0xf3, 0x12, 0x2e, 0x00,
  0x00, 0x00, 0x00, 0x00, 0x00, 0x00, 0x00, 0x00, 0x00, 0x00, 0x00, 0x00, 0x00, 0x00, 0x00, 0x00,
  0x00, 0x00, 0x00, 0x00, 0x00, 0x00, 0x00, 0xf3, 0x0a, 0x74, 0x13, 0x0b, 0xff, 0xf3, 0x0a, 0xfc,
  0xf3, 0x0a, 0xfe, 0xf3, 0x0a, 0xff, 0xf3, 0x0a, 0xfb, 0x34, 0x0b, 0xff, 0xf3, 0x0a, 0xb2, 0x00,
  0x00, 0x00, 0xb5, 0x02, 0x03, 0x00, 0x00, 0x00, 0x00, 0x00, 0x00, 0x00, 0x00, 0x00, 0x00, 0x00,
  0x00, 0x00, 0x00, 0x00, 0x00, 0x00, 0x00, 0x00, 0x00, 0x00, 0x00, 0x00, 0x00, 0x00, 0x00, 0x00,
  0x00, 0x00, 0x00, 0x00, 0x00, 0x00, 0x00, 0x00, 0x00, 0x00, 0x00, 0x00, 0x00, 0x00, 0x00, 0x00,
  0x00, 0x00, 0x00, 0x00, 0x00, 0x00, 0x00, 0x00, 0x00, 0x00, 0x00, 0x00, 0x00, 0x00, 0x00, 0x00,
  0x00, 0x00, 0x00, 0x00, 0x00, 0x00, 0x00, 0x00, 0x00, 0x00, 0x00, 0x00, 0x00, 0x00, 0x00, 0x00,
  0x00, 0x00, 0x00, 0x00, 0x00, 0x00, 0x00, 0x00, 0x00, 0x00, 0x00, 0x00, 0x00, 0x00, 0x00, 0x00,
  0x00, 0x00, 0x00, 0x00, 0x00, 0x00, 0x00, 0x00, 0xef, 0x03, 0x04, 0x00, 0x00, 0x00, 0xf3, 0x0a,
  0x6c, 0x34, 0x0b, 0xff, 0xf3, 0x0a, 0xfb, 0xf3, 0x0a, 0xfe, 0x13, 0x0b, 0xff, 0xf3, 0x0a, 0xef,
  0x13, 0x0b, 0x12, 0x00, 0x00, 0x00, 0x1f, 0x00, 0x01, 0x00, 0x00, 0x00, 0x00, 0x00, 0x00, 0x00,
  0x00, 0x00, 0x00, 0x00, 0x00, 0x00, 0x00, 0x00, 0x00, 0x00, 0x00, 0x00, 0x00, 0x00, 0x00, 0x00,
  0x00, 0x00, 0x00, 0x00, 0x00, 0x00, 0x00, 0x00, 0x00, 0x00, 0x00, 0x00, 0x00, 0xb5, 0x02, 0x03,
  0x00, 0x00, 0x00, 0xf3, 0x0a, 0xa4, 0x34, 0x0b, 0xff, 0xf3, 0x0a, 0xfb, 0xf3, 0x0a, 0xfc, 0x14,
  0x0b, 0xff, 0xf3, 0x0a, 0xbf, 0x00, 0x00, 0x00, 0xef, 0x03, 0x02, 0xf7, 0x03, 0x04, 0x00, 0x00,
  0x00, 0xf3, 0x0a, 0x73, 0x34, 0x0b, 0xff, 0xf3, 0x0a, 0xfb, 0xf3, 0x0a, 0xfe, 0x13, 0x0b, 0xff,
  0xf3, 0x0a, 0xe5, 0x33, 0x03, 0x0a, 0x00, 0x00, 0x00, 0x1f, 0x00, 0x01, 0x00, 0x00, 0x00, 0x00,
  0x00, 0x00, 0x00, 0x00, 0x00, 0x00, 0x00, 0x00, 0x00, 0x00, 0x00, 0x00, 0x00, 0x00, 0x00, 0x00,
  0x00, 0x00, 0x00, 0x00, 0x00, 0x00, 0x00, 0x00, 0x00, 0x00, 0x00, 0x00, 0x00, 0x00, 0x00, 0x00,
  0x00, 0x00, 0x00, 0x00, 0x00, 0x00, 0x00, 0x00, 0x00, 0x00, 0x00, 0x00, 0x00, 0x00, 0x00, 0x00,
  0x00, 0x00, 0x00, 0x00, 0x00, 0x00, 0x00, 0x00, 0x00, 0x00, 0x00, 0xe0, 0x07, 0x01, 0x4a, 0x55,
  0x03, 0x4a, 0x55, 0x03, 0x0a, 0x2d, 0xb8, 0x8b, 0x35, 0xff, 0x0a, 0x2d, 0xfa, 0x0a, 0x2d, 0xff,
  0x0a, 0x2d, 0xff, 0x0a, 0x2d, 0xfc, 0x0a, 0x2d, 0xff, 0x6b, 0x35, 0xff, 0x6b, 0x35, 0xff, 0x6b,
  0x35, 0xff, 0x6b, 0x35, 0xff, 0x6b, 0x35, 0xff, 0x2a, 0x35, 0xff, 0x0a, 0x2d, 0xfc, 0x0a, 0x2d,
  0xff, 0x0a, 0x2d, 0xff, 0x0a, 0x2d, 0xf9, 0x8b, 0x35, 0xff, 0x0a, 0x2d, 0x81, 0x00, 0x00, 0x00,
  0x4a, 0x55, 0x03, 0x00, 0x00, 0x00, 0x00, 0x00, 0x00, 0x00, 0x00, 0x00, 0x00, 0x00, 0x00, 0x00,
  0x00, 0x00, 0x00, 0x00, 0x00, 0x00, 0x00, 0x00, 0x00, 0x00, 0x00, 0x00, 0x00, 0x00, 0x00, 0x00,
  0x00, 0x00, 0x00, 0x00, 0x00, 0x00, 0x00, 0x00, 0x00, 0x00, 0x00, 0x00, 0x00, 0x00, 0x00, 0x00,
  0x00, 0x00, 0x00, 0x00, 0x00, 0x00, 0x00, 0x00, 0x00, 0x00, 0x00, 0x00, 0x00, 0x00, 0x00, 0x00,
  0x00, 0x00, 0x00, 0x00, 0x00, 0x00, 0x00, 0x00, 0x00, 0x00, 0x00, 0x00, 0x00, 0x00, 0x00, 0x00,
  0x00, 0x00, 0x00, 0x00, 0x00, 0x00, 0x00, 0x00, 0x00, 0x00, 0x00, 0x00, 0x00, 0x00, 0x00, 0x00,
  0x00, 0x00, 0x00, 0x00, 0x00, 0x00, 0x00, 0x00, 0x00, 0x00, 0x00, 0x00, 0x00, 0x00, 0x00, 0x00,
  0x00, 0x00, 0x00, 0x00, 0x00, 0x00, 0x00, 0x00, 0x00, 0x00, 0x00, 0x00, 0x00, 0x00, 0x00, 0x00,
  0x00, 0x00, 0x00, 0x00, 0x00, 0x00, 0x00, 0x00, 0x00, 0x00, 0x00, 0x00, 0x00, 0x00, 0x00, 0x00,
  0x00, 0x00, 0x00, 0x00, 0x00, 0x00, 0x00, 0x00, 0x00, 0x00, 0x00, 0x00, 0x00, 0x00, 0x00, 0x00,
  0x00, 0x00, 0x00, 0x00, 0x00, 0x00, 0x00, 0x00, 0x00, 0x00, 0x00, 0x00, 0x00, 0x00, 0xef, 0x03,
  0x02, 0x4a, 0x55, 0x03, 0xe0, 0x07, 0x01, 0x00, 0x00, 0x00, 0x00, 0x00, 0x00, 0x00, 0x00, 0x00,
  0x00, 0x00, 0x00, 0x00, 0x00, 0x00, 0x00, 0x00, 0x00, 0x00, 0x00, 0x00, 0x00, 0x00, 0x00, 0x00,
  0x00, 0x00, 0x00, 0x00, 0x00, 0x00, 0x00, 0x00, 0x00, 0x00, 0x00, 0x00, 0x00, 0x00, 0x00, 0x00,
  0x00, 0x1f, 0x00, 0x01, 0x00, 0x00, 0x00, 0xf2, 0x0a, 0x1b, 0x14, 0x0b, 0xaa, 0xf3, 0x0a, 0x4d,
  0x00, 0x00, 0x00, 0xef, 0x03, 0x02, 0x00, 0x00, 0x00, 0x00, 0x00, 0x00, 0xb5, 0x02, 0x03, 0x00,
  0x00, 0x00, 0xf3, 0x0a, 0x91, 0x76, 0x13, 0xff, 0xf3, 0x0a, 0xe6, 0x33, 0x03, 0x05, 0x00, 0x00,
  0x00, 0x00, 0x00, 0x01, 0x00, 0x00, 0x00, 0x00, 0x00, 0x00, 0x00, 0x00, 0x00, 0x00, 0x00, 0x00,
  0x00, 0x00, 0x00, 0x00, 0x00, 0x00, 0x00, 0x00, 0x00, 0x00, 0x00, 0x00, 0x00, 0x00, 0x00, 0x00,
  0x00, 0x00, 0x00, 0x00, 0x00, 0x00, 0x00, 0x00, 0x00, 0x00, 0x00, 0xef, 0x03, 0x02, 0xb5, 0x02,
  0x03, 0xf3, 0x0a, 0xcd, 0x14, 0x0b, 0xff, 0xf3, 0x0a, 0xfc, 0xf3, 0x0a, 0xff, 0xf3, 0x0a, 0xff,
  0xf3, 0x0a, 0xfc, 0x14, 0x0b, 0xff, 0xf3, 0x0a, 0x7b, 0x00, 0x00, 0x00, 0x00, 0x00, 0x00, 0xb5,
  0x02, 0x03, 0xef, 0x01, 0x04, 0xef, 0x03, 0x02, 0x1f, 0x00, 0x01, 0x1f, 0x00, 0x01, 0xef, 0x03,
  0x02, 0xef, 0x01, 0x04, 0xb5, 0x02, 0x03, 0x00, 0x00, 0x00, 0xf3, 0x0a, 0x6f, 0x14, 0x0b, 0xff,
  0xf3, 0x0a, 0xfc, 0xf3, 0x0a, 0xff, 0xf3, 0x0a, 0xfe, 0xf3, 0x0a, 0xfe, 0xf3, 0x0a, 0xf9, 0xf3,
  0x0a, 0x21, 0x00, 0x00, 0x00, 0xef, 0x03, 0x02, 0x00, 0x00, 0x00, 0x00, 0x00, 0x00, 0x00, 0x00,
  0x00, 0x00, 0x00, 0x00, 0x00, 0x00, 0x00, 0x00, 0x00, 0x00, 0x00, 0x00, 0x00, 0x00, 0x00, 0x00,
  0x00, 0x00, 0x00, 0x00, 0x00, 0x00, 0x00, 0x00, 0x00, 0x00, 0x00, 0x00, 0x00, 0x00, 0x00, 0x00,
  0x00, 0x00, 0x00, 0x00, 0x00, 0x00, 0x00, 0x00, 0x00, 0x00, 0x00, 0x00, 0x00, 0x00, 0x00, 0x00,
  0x00, 0x00, 0x00, 0x00, 0x00, 0x00, 0x00, 0x00, 0x00, 0x00, 0x00, 0x00, 0x00, 0x00, 0x00, 0x00,
  0x00, 0x00, 0x00, 0x00, 0x00, 0x00, 0x00, 0x00, 0x00, 0x00, 0x00, 0x00, 0x00, 0x00, 0x00, 0x00,
  0x00, 0x00, 0x00, 0x00, 0x00, 0x00, 0x00, 0x00, 0xb5, 0x02, 0x03, 0x00, 0x00, 0x00, 0xf3, 0x0a,
  0xa7, 0x34, 0x0b, 0xff, 0xf3, 0x0a, 0xfb, 0xf3, 0x0a, 0xfd, 0x14, 0x0b, 0xff, 0xf3, 0x0a, 0xcd,
  0x00, 0x00, 0x00, 0x1f, 0x00, 0x01, 0x00, 0x00, 0x00, 0x00, 0x00, 0x00, 0x00, 0x00, 0x00, 0x00,
  0x00, 0x00, 0x00, 0x00, 0x00, 0x00, 0x00, 0x00, 0x00, 0x00, 0x00, 0x00, 0x00, 0x00, 0x00, 0x00,
  0x00, 0x00, 0x00, 0x00, 0x00, 0x00, 0x00, 0x00, 0x00, 0x00, 0x00, 0x00, 0x00, 0x00, 0x00, 0x01,
  0xff, 0x07, 0x01, 0xf3, 0x0a, 0xd3, 0x14, 0x0b, 0xff, 0xf3, 0x0a, 0xfd, 0xf3, 0x0a, 0xfb, 0x34,
  0x0b, 0xff, 0xf3, 0x0a, 0x97, 0x00, 0x00, 0x00, 0xef, 0x01, 0x04, 0xb5, 0x02, 0x03, 0x00, 0x00,
  0x00, 0xf3, 0x0a, 0xaa, 0x34, 0x0b, 0xff, 0xf3, 0x0a, 0xfb, 0xf3, 0x0a, 0xfc, 0x14, 0x0b, 0xff,
  0xf3, 0x0a, 0xbd, 0x00, 0x00, 0x00, 0xef, 0x03, 0x02, 0x00, 0x00, 0x00, 0x00, 0x00, 0x00, 0x00,
  0x00, 0x00, 0x00, 0x00, 0x00, 0x00, 0x00, 0x00, 0x00, 0x00, 0x00, 0x00, 0x00, 0x00, 0x00, 0x00,
  0x00, 0x00, 0x00, 0x00, 0x00, 0x00, 0x00, 0x00, 0x00, 0x00, 0x00, 0x00, 0x00, 0x00, 0x00, 0x00,
  0x00, 0x00, 0x00, 0x00, 0x00, 0x00, 0x00, 0x00, 0x00, 0x00, 0x00, 0x00, 0x00, 0x00, 0x00, 0x00,
  0x00, 0x00, 0x00, 0x00, 0x00, 0x00, 0x00, 0x00, 0x00, 0x00, 0x00, 0x4a, 0x55, 0x03, 0x00, 0x00,
  0x00, 0x0a, 0x2d, 0x8d, 0x8b, 0x35, 0xff, 0x0a, 0x2d, 0xf9, 0x0a, 0x2d, 0xff, 0x0a, 0x2d, 0xff,
  0x0a, 0x2d, 0xfc, 0x6b, 0x35, 0xff, 0x2a, 0x2d, 0xfc, 0x0a, 0x2d, 0xb6, 0x0a, 0x2d, 0x77, 0x0a,
  0x35, 0x6a, 0x0a, 0x2d, 0x7c, 0x0a, 0x2d, 0xad, 0x2a, 0x2d, 0xf2, 0x6b, 0x35, 0xff, 0x0a, 0x2d,
  0xfd, 0x0a, 0x2d, 0xff, 0x0a, 0x2d, 0xfe, 0x2a, 0x2d, 0xfb, 0x2a, 0x35, 0xfd, 0x0a, 0x35, 0x2f,
  0x00, 0x00, 0x01, 0x4a, 0x05, 0x03, 0x00, 0x00, 0x00, 0x00, 0x00, 0x00, 0x00, 0x00, 0x00, 0x00,
  0x00, 0x00, 0x00, 0x00, 0x00, 0x00, 0x00, 0x00, 0x00, 0x00, 0x00, 0x00, 0x00, 0x00, 0x00, 0x00,
  0x00, 0x00, 0x00, 0x00, 0x00, 0x00, 0x00, 0x00, 0x00, 0x00, 0x00, 0x00, 0x00, 0x00, 0x00, 0x00,
  0x00, 0x00, 0x00, 0x00, 0x00, 0x00, 0x00, 0x00, 0x00, 0x00, 0x00, 0x00, 0x00, 0x00, 0x00, 0x00,
  0x00, 0x00, 0x00, 0x00, 0x00, 0x00, 0x00, 0x00, 0x00, 0x00, 0x00, 0x00, 0x00, 0x00, 0x4a, 0x55,
  0x03, 0x4a, 0x55, 0x03, 0xe0, 0x07, 0x01, 0x00, 0x00, 0x00, 0x00, 0x00, 0x00, 0x00, 0x00, 0x00,
  0x00, 0x00, 0x00, 0x00, 0x00, 0x00, 0x00, 0x00, 0x00, 0x00, 0x00, 0x00, 0x00, 0x00, 0x00, 0x00,
  0x00, 0x00, 0x00, 0x00, 0x00, 0x00, 0x00, 0x00, 0x00, 0x00, 0x00, 0x00, 0x00, 0x00, 0x00, 0x00,
  0x00, 0x00, 0x00, 0x00, 0x00, 0x00, 0x00, 0x00, 0x00, 0x00, 0x00, 0x00, 0x00, 0x00, 0x00, 0x00,
  0x00, 0x00, 0x00, 0x00, 0x00, 0x00, 0x00, 0x00, 0x00, 0x00, 0x00, 0x00, 0x00, 0x00, 0x00, 0x00,
  0x00, 0x00, 0x00, 0x00, 0x00, 0x00, 0x00, 0x00, 0x00, 0x00, 0x00, 0xef, 0x03, 0x02, 0x00, 0x00,
  0x00, 0x00, 0x00, 0x00, 0x00, 0x00, 0x00, 0xe0, 0x07, 0x01, 0x00, 0x00, 0x00, 0x00, 0x00, 0x00,
  0x00, 0x00, 0x00, 0x00, 0x00, 0x00, 0x00, 0x00, 0x00, 0x00, 0x00, 0x00, 0x00, 0x00, 0x00, 0x00,
  0x00, 0x00, 0x00, 0x00, 0x00, 0x00, 0x00, 0x00, 0x00, 0x00, 0x00, 0x00, 0x00, 0x00, 0x00, 0x00,
  0x00, 0xef, 0x01, 0x04, 0x00, 0x00, 0x00, 0xf3, 0x0a, 0x61, 0x55, 0x13, 0xff, 0xf3, 0x0a, 0xfb,
  0xd3, 0x0a, 0x2d, 0x1f, 0x00, 0x01, 0xef, 0x03, 0x02, 0x1f, 0x00, 0x01, 0x00, 0x00, 0x00, 0xd2,
  0x0a, 0x11, 0xf3, 0x0a, 0xef, 0x34, 0x0b, 0xfb, 0xf3, 0x0a, 0xc7, 0x1f, 0x00, 0x01, 0x1f, 0x00,
  0x01, 0x00, 0x00, 0x00, 0x00, 0x00, 0x00, 0x00, 0x00, 0x00, 0x00, 0x00, 0x00, 0x00, 0x00, 0x00,
  0x00, 0x00, 0x00, 0x00, 0x00, 0x00, 0x00, 0x00, 0x00, 0x00, 0x00, 0x00, 0x00, 0x00, 0x00, 0x00,
  0x00, 0x00, 0x00, 0x00, 0x00, 0x00, 0x00, 0x00, 0xef, 0x01, 0x04, 0x00, 0x00, 0x00, 0xf3, 0x0a,
  0x53, 0x34, 0x0b, 0xff, 0xf3, 0x0a, 0xfc, 0xf3, 0x0a, 0xff, 0xf3, 0x0a, 0xff, 0xf3, 0x0a, 0xfc,
  0x34, 0x0b, 0xff, 0xf3, 0x0a, 0x7c, 0x00, 0x00, 0x00, 0xef, 0x01, 0x04, 0xef, 0x03, 0x02, 0x00,
  0x00, 0x00, 0x00, 0x00, 0x00, 0x00, 0x00, 0x00, 0x00, 0x00, 0x00, 0x00, 0x00, 0x00, 0x00, 0x00,
  0x00, 0x00, 0x00, 0x00, 0x1f, 0x00, 0x01, 0x33, 0x03, 0x05, 0x00, 0x00, 0x00, 0xf3, 0x0a, 0xbf,
  0x14, 0x0b, 0xff, 0xf3, 0x0a, 0xfc, 0xf3, 0x0a, 0xff, 0xf3, 0x0a, 0xfb, 0x34, 0x0b, 0xff, 0xf3,
  0x0a, 0x67, 0x00, 0x00, 0x00, 0xef, 0x01, 0x04, 0x00, 0x00, 0x00, 0x00, 0x00, 0x00, 0x00, 0x00,
  0x00, 0x00, 0x00, 0x00, 0x00, 0x00, 0x00, 0x00, 0x00, 0x00, 0x00, 0x00, 0x00, 0x00, 0x00, 0x00,
  0x00, 0x00, 0x00, 0x00, 0x00, 0x00, 0x00, 0x00, 0x00, 0x00, 0x00, 0x00, 0x00, 0x00, 0x00, 0x00,
  0x00, 0x00, 0x00, 0x00, 0x00, 0x00, 0x00, 0x00, 0x00, 0x00, 0x00, 0x00, 0x00, 0x00, 0x00, 0x00,
  0x00, 0x00, 0x00, 0x00, 0x00, 0x00, 0x00, 0x00, 0x00, 0x00, 0x00, 0x00, 0x00, 0x00, 0x00, 0x00,
  0x00, 0x00, 0x00, 0x00, 0x00, 0x00, 0x00, 0x00, 0x00, 0x00, 0x00, 0x00, 0x00, 0x00, 0x00, 0x00,
  0x00, 0x00, 0x00, 0x00, 0x00, 0x00, 0x00, 0x00, 0x00, 0x00, 0x00, 0xef, 0x01, 0x04, 0xf3, 0x0a,
  0xd9, 0x13, 0x0b, 0xff, 0xf3, 0x0a, 0xfd, 0xf3, 0x0a, 0xfb, 0x34, 0x0b, 0xff, 0xf3, 0x0a, 0x97,
  0x00, 0x00, 0x00, 0xef, 0x01, 0x04, 0x00, 0x00, 0x00, 0x00, 0x00, 0x00, 0x00, 0x00, 0x00, 0x00,
  0x00, 0x00, 0x00, 0x00, 0x00, 0x00, 0x00, 0x00, 0x00, 0x00, 0x00, 0x00, 0x00, 0x00, 0x00, 0x00,
  0x00, 0x00, 0x00, 0x00, 0x00, 0x00, 0x00, 0x00, 0x00, 0x00, 0xef, 0x03, 0x02, 0x00, 0x00, 0x00,
  0xf2, 0x12, 0x1b, 0xf3, 0x0a, 0xf6, 0xf3, 0x0a, 0xff, 0xf3, 0x0a, 0xfe, 0xf3, 0x0a, 0xfb, 0x34,
  0x0b, 0xff, 0xf3, 0x0a, 0x67, 0x00, 0x00, 0x00, 0x33, 0x03, 0x05, 0x00, 0x00, 0x00, 0xf7, 0x01,
  0x04, 0xf3, 0x0a, 0xdb, 0x13, 0x0b, 0xff, 0xf3, 0x0a, 0xfd, 0xf3, 0x0a, 0xfb, 0x34, 0x0b, 0xff,
  0xf3, 0x0a, 0x82, 0x00, 0x00, 0x00, 0xf7, 0x03, 0x04, 0x00, 0x00, 0x00, 0x00, 0x00, 0x00, 0x00,
  0x00, 0x00, 0x00, 0x00, 0x00, 0x00, 0x00, 0x00, 0x00, 0x00, 0x00, 0x00, 0x00, 0x00, 0x00, 0x00,
  0x00, 0x00, 0x00, 0x00, 0x00, 0x00, 0x00, 0x00, 0x00, 0x00, 0x00, 0x00, 0x00, 0x00, 0x00, 0x00,
  0x00, 0x00, 0x00, 0x00, 0x00, 0x00, 0x00, 0x00, 0x00, 0x00, 0x00, 0x00, 0x00, 0x00, 0x00, 0x00,
  0x00, 0x00, 0x00, 0x00, 0x00, 0x00, 0x00, 0x00, 0x4a, 0x55, 0x03, 0x00, 0x00, 0x00, 0x0a, 0x2d,
  0x3c, 0x4b, 0x35, 0xff, 0x0a, 0x2d, 0xfb, 0x0a, 0x2d, 0xff, 0x0a, 0x2d, 0xff, 0x0a, 0x2d, 0xfc,
  0x6b, 0x35, 0xff, 0x2a, 0x35, 0xb3, 0x2a, 0x2d, 0x30, 0x00, 0x00, 0x00, 0x00, 0x00, 0x00, 0x00,
  0x00, 0x00, 0x00, 0x00, 0x00, 0x00, 0x00, 0x00, 0x4a, 0x35, 0x1e, 0x2a, 0x2d, 0xa5, 0x6b, 0x35,
  0xff, 0x0a, 0x2d, 0xfd, 0x0a, 0x2d, 0xff, 0x0a, 0x2d, 0xfb, 0x6b, 0x35, 0xff, 0x0a, 0x2d, 0xac,
  0x00, 0x00, 0x00, 0x4a, 0x55, 0x03, 0x00, 0x00, 0x00, 0x00, 0x00, 0x00, 0x00, 0x00, 0x00, 0x00,
  0x00, 0x00, 0x00, 0x00, 0x00, 0x00, 0x00, 0x00, 0x00, 0x00, 0x00, 0x00, 0x00, 0x00, 0x00, 0x00,
  0x00, 0x00, 0x00, 0x00, 0x00, 0x00, 0x00, 0x00, 0x00, 0x00, 0x00, 0x00, 0x00, 0x00, 0x00, 0x00,
  0x00, 0x00, 0x00, 0x00, 0x00, 0x00, 0x00, 0x00, 0x00, 0x00, 0x00, 0x00, 0x00, 0x00, 0x00, 0x00,
  0x00, 0x00, 0x00, 0x00, 0x00, 0x00, 0x00, 0x00, 0x00, 0x00, 0x01, 0x00, 0x00, 0x01, 0x00, 0x00,
  0x00, 0x00, 0x00, 0x00, 0x00, 0x00, 0x00, 0xef, 0x03, 0x02, 0x00, 0x00, 0x00, 0x00, 0x00, 0x00,
  0x00, 0x00, 0x00, 0x00, 0x00, 0x00, 0x00, 0x00, 0x00, 0x00, 0x00, 0x00, 0x00, 0x00, 0x00, 0x00,
  0x00, 0x00, 0x00, 0x00, 0x00, 0x00, 0x00, 0x00, 0x00, 0x00, 0x00, 0x00, 0x00, 0x00, 0x00, 0x00,
  0x00, 0x00, 0x00, 0x00, 0x00, 0x00, 0x00, 0x00, 0x00, 0x00, 0x00, 0x00, 0x00, 0x00, 0x00, 0x00,
  0x00, 0x00, 0x00, 0x00, 0x00, 0x00, 0x00, 0x00, 0x00, 0x00, 0x00, 0x00, 0x00, 0x00, 0x00, 0x00,
  0x00, 0x00, 0x00, 0x00, 0x00, 0x00, 0x00, 0x00, 0xe0, 0x07, 0x01, 0x00, 0x00, 0x00, 0x0a, 0x2d,
  0x1b, 0x8b, 0x35, 0x37, 0x89, 0x24, 0x07, 0x00, 0x00, 0x00, 0x00, 0x00, 0x01, 0x00, 0x00, 0x00,
  0x00, 0x00, 0x00, 0x00, 0x00, 0x00, 0x00, 0x00, 0x00, 0x00, 0x00, 0x00, 0x00, 0x00, 0x00, 0x00,
  0x00, 0x00, 0x00, 0x00, 0x00, 0x00, 0x00, 0x00, 0x00, 0x00, 0x00, 0x00, 0x00, 0x00, 0x00, 0x00,
  0x00, 0xb5, 0x02, 0x03, 0x00, 0x00, 0x00, 0xf3, 0x0a, 0x45, 0x13, 0x0b, 0xfc, 0x34, 0x0b, 0xff,
  0xf3, 0x0a, 0xa0, 0x00, 0x00, 0x00, 0xb5, 0x02, 0x03, 0xef, 0x03, 0x04, 0x00, 0x00, 0x00, 0xf3,
  0x0a, 0x66, 0x14, 0x0b, 0xff, 0x14, 0x0b, 0xff, 0xf3, 0x0a, 0x7b, 0x00, 0x00, 0x00, 0xf7, 0x03,
  0x04, 0x00, 0x00, 0x00, 0x00, 0x00, 0x00, 0x00, 0x00, 0x00, 0x00, 0x00, 0x01, 0x00, 0x00, 0x00,
  0x00, 0x00, 0x00, 0x00, 0x00, 0x00, 0x00, 0x00, 0x00, 0x00, 0x00, 0x00, 0x00, 0x00, 0x00, 0x00,
  0x00, 0x00, 0x00, 0x00, 0x00, 0x00, 0x00, 0x00, 0xef, 0x03, 0x02, 0x00, 0x00, 0x00, 0xf3, 0x0a,
  0xc4, 0x14, 0x0b, 0xfe, 0xf3, 0x0a, 0xfc, 0xf3, 0x0a, 0xff, 0xf3, 0x0a, 0xfc, 0x34, 0x0b, 0xff,
  0xf3, 0x0a, 0xb5, 0x00, 0x00, 0x00, 0x33, 0x03, 0x05, 0x1f, 0x00, 0x01, 0x00, 0x00, 0x00, 0x00,
  0x00, 0x00, 0x00, 0x00, 0x00, 0x00, 0x00, 0x00, 0x00, 0x00, 0x00, 0x00, 0x00, 0x00, 0x00, 0x00,
  0x00, 0x00, 0x00, 0x00, 0x00, 0x00, 0x00, 0xef, 0x01, 0x04, 0x1f, 0x00, 0x01, 0xf3, 0x0a, 0x4e,
  0x14, 0x0b, 0xff, 0xf3, 0x0a, 0xfc, 0xf3, 0x0a, 0xff, 0xf3, 0x0a, 0xfb, 0x34, 0x0b, 0xff, 0xf3,
  0x0a, 0x9e, 0x00, 0x00, 0x00, 0xef, 0x01, 0x04, 0x00, 0x00, 0x00, 0x00, 0x00, 0x00, 0x00, 0x00,
  0x00, 0x00, 0x00, 0x00, 0x00, 0x00, 0x00, 0x00, 0x00, 0x00, 0x00, 0x00, 0x00, 0x00, 0x00, 0x00,
  0x00, 0x00, 0x00, 0x00, 0x00, 0x00, 0x00, 0x00, 0x00, 0x00, 0x00, 0x00, 0x00, 0x00, 0x00, 0x00,
  0x00, 0x00, 0x00, 0x00, 0x00, 0x00, 0x00, 0x00, 0x00, 0x00, 0x00, 0x00, 0x00, 0x00, 0x00, 0x00,
  0x00, 0x00, 0x00, 0x00, 0x00, 0x00, 0x00, 0x00, 0x00, 0x00, 0x00, 0x00, 0x00, 0x00, 0x00, 0x00,
  0x00, 0x00, 0x00, 0x00, 0x00, 0x00, 0x00, 0x00, 0x00, 0x00, 0x00, 0x00, 0x00, 0x00, 0x00, 0x00,
  0x00, 0x00, 0x00, 0x00, 0x00, 0xef, 0x03, 0x02, 0x00, 0x00, 0x00, 0xf3, 0x0a, 0x21, 0xf3, 0x0a,
  0xfa, 0xf3, 0x0a, 0xff, 0xf3, 0x0a, 0xfe, 0xf3, 0x0a, 0xfb, 0x34, 0x0b, 0xff, 0xf3, 0x0a, 0x60,
  0x00, 0x00, 0x00, 0xef, 0x01, 0x04, 0x00, 0x00, 0x00, 0x00, 0x00, 0x00, 0x00, 0x00, 0x00, 0x00,
  0x00, 0x00, 0x00, 0x00, 0x00, 0x00, 0x00, 0x00, 0x00, 0x00, 0x00, 0x00, 0x00, 0x00, 0x00, 0x00,
  0x00, 0x00, 0x00, 0x00, 0x00, 0x00, 0x00, 0x00, 0x00, 0x00, 0xb5, 0x02, 0x03, 0x00, 0x00, 0x00,
  0xf3, 0x0a, 0x46, 0x14, 0x0b, 0xff, 0xf3, 0x0a, 0xfd, 0xf3, 0x0a, 0xff, 0xf3, 0x0a, 0xfe, 0x13,
  0x0b, 0xff, 0xf3, 0x0a, 0x36, 0x00, 0x00, 0x00, 0xf7, 0x03, 0x04, 0x00, 0x00, 0x00, 0xf3, 0x0a,
  0x23, 0xf3, 0x0a, 0xfb, 0xf3, 0x0a, 0xff, 0xf3, 0x0a, 0xfe, 0xf3, 0x0a, 0xfd, 0x14, 0x0b, 0xff,
  0xf2, 0x0a, 0x45, 0x00, 0x00, 0x00, 0xb5, 0x02, 0x03, 0x00, 0x00, 0x00, 0x00, 0x00, 0x00, 0x00,
  0x00, 0x00, 0x00, 0x00, 0x00, 0x00, 0x00, 0x00, 0x00, 0x00, 0x00, 0x00, 0x00, 0x00, 0x00, 0x00,
  0x00, 0x00, 0x00, 0x00, 0x00, 0x00, 0x00, 0x00, 0x00, 0x00, 0x00, 0x00, 0x00, 0x00, 0x00, 0x00,
  0x00, 0x00, 0x00, 0x00, 0x00, 0x00, 0x00, 0x00, 0x00, 0x00, 0x00, 0x00, 0x00, 0x00, 0x00, 0x00,
  0x00, 0x00, 0x00, 0x00, 0x00, 0x00, 0x00, 0x00, 0xef, 0x03, 0x02, 0xe0, 0x07, 0x01, 0x0a, 0x2d,
  0xc9, 0x4b, 0x35, 0xff, 0x0a, 0x2d, 0xfc, 0x0a, 0x2d, 0xff, 0x0a, 0x2d, 0xfc, 0x6b, 0x35, 0xff,
  0x2a, 0x2d, 0x87, 0x00, 0x00, 0x00, 0x00, 0x00, 0x00, 0x4a, 0x05, 0x03, 0xe7, 0x3d, 0x04, 0xe7,
  0x3b, 0x04, 0xe7, 0x3d, 0x04, 0x4a, 0x55, 0x03, 0x00, 0x00, 0x00, 0x00, 0x00, 0x00, 0x0a, 0x2d,
  0xa2, 0x6b, 0x35, 0xff, 0x0a, 0x2d, 0xfc, 0x0a, 0x2d, 0xfe, 0x2a, 0x2d, 0xfe, 0x2a, 0x2d, 0xf7,
  0x0a, 0x2d, 0x1c, 0x00, 0x00, 0x00, 0xef, 0x03, 0x02, 0x00, 0x00, 0x00, 0x00, 0x00, 0x00, 0x00,
  0x00, 0x00, 0x00, 0x00, 0x00, 0x00, 0x00, 0x00, 0x00, 0x00, 0x00, 0x00, 0x00, 0x00, 0x00, 0x00,
  0x00, 0x00, 0x00, 0x00, 0x00, 0x00, 0x00, 0x00, 0x00, 0x00, 0x00, 0x00, 0x00, 0x00, 0x00, 0x00,
  0x00, 0x00, 0x00, 0x00, 0x00, 0x00, 0x00, 0x00, 0x00, 0x00, 0x00, 0x00, 0x00, 0x00, 0x00, 0x00,
  0x00, 0x00, 0x00, 0x00, 0x00, 0x00, 0x00, 0x01, 0x00, 0x00, 0x00, 0x00, 0x00, 0x00, 0x4a, 0x2d,
  0x3b, 0x4a, 0x35, 0x4f, 0xaa, 0x2c, 0x16, 0x00, 0x00, 0x00, 0xe0, 0x07, 0x01, 0x00, 0x00, 0x00,
  0x00, 0x00, 0x00, 0x00, 0x00, 0x00, 0x00, 0x00, 0x00, 0x00, 0x00, 0x00, 0x00, 0x00, 0x00, 0x00,
  0x00, 0x00, 0x00, 0x00, 0x00, 0x00, 0x00, 0x00, 0x00, 0x00, 0x00, 0x00, 0x00, 0x00, 0x00, 0x00,
  0x00, 0x00, 0x00, 0x00, 0x00, 0x00, 0x00, 0x00, 0x00, 0x00, 0x00, 0x00, 0x00, 0x00, 0x00, 0x00,
  0x00, 0x00, 0x00, 0x00, 0x00, 0x00, 0x00, 0x00, 0x00, 0x00, 0x00, 0x00, 0x00, 0x00, 0x00, 0x00,
  0x00, 0x00, 0x00, 0x00, 0x00, 0xef, 0x07, 0x02, 0x00, 0x00, 0x00, 0x0a, 0x2d, 0x4e, 0x4a, 0x35,
  0xed, 0x4b, 0x35, 0xff, 0x2a, 0x2d, 0xd5, 0x0a, 0x35, 0x24, 0xe0, 0x07, 0x01, 0xef, 0x03, 0x02,
  0x00, 0x00, 0x00, 0x00, 0x00, 0x00, 0x00, 0x00, 0x00, 0x00, 0x00, 0x00, 0x00, 0x00, 0x00, 0x00,
  0x00, 0x00, 0x00, 0x00, 0x00, 0x00, 0x00, 0x00, 0x00, 0x00, 0x00, 0x00, 0x00, 0x00, 0x00, 0x00,
  0x00, 0x1f, 0x00, 0x01, 0x00, 0x00, 0x00, 0xd3, 0x0a, 0x14, 0xf3, 0x0a, 0xf1, 0x13, 0x0b, 0xfe,
  0xf3, 0x0a, 0xe4, 0xb1, 0x02, 0x09, 0x00, 0x00, 0x00, 0xef, 0x03, 0x02, 0x1f, 0x00, 0x01, 0xf3,
  0x0a, 0xcc, 0x14, 0x0b, 0xfe, 0xf3, 0x0a, 0xfa, 0x13, 0x0b, 0x25, 0x00, 0x00, 0x00, 0xef, 0x03,
  0x02, 0x00, 0x00, 0x00, 0xb5, 0x02, 0x03, 0xb5, 0x02, 0x03, 0x00, 0x00, 0x00, 0xb5, 0x02, 0x03,
  0x00, 0x00, 0x00, 0x00, 0x00, 0x00, 0x00, 0x00, 0x00, 0x00, 0x00, 0x00, 0x00, 0x00, 0x00, 0x00,
  0x00, 0x00, 0x00, 0x00, 0x00, 0xef, 0x03, 0x02, 0x00, 0x00, 0x00, 0xf3, 0x0a, 0x2c, 0xf3, 0x0a,
  0xfd, 0xf3, 0x0a, 0xfe, 0xf3, 0x0a, 0xff, 0xf3, 0x0a, 0xfe, 0xf3, 0x0a, 0xfe, 0x13, 0x0b, 0xf6,
  0x13, 0x0b, 0x22, 0x00, 0x00, 0x01, 0xef, 0x03, 0x02, 0x00, 0x00, 0x00, 0x00, 0x00, 0x00, 0x00,
  0x00, 0x00, 0x00, 0x00, 0x00, 0x00, 0x00, 0x00, 0x00, 0x00, 0x00, 0x00, 0x00, 0x00, 0x00, 0x00,
  0x00, 0x00, 0x00, 0x00, 0x00, 0x00, 0x00, 0x1f, 0x00, 0x01, 0x00, 0x00, 0x00, 0x33, 0x0b, 0x14,
  0xf3, 0x0a, 0xf1, 0xf3, 0x0a, 0xff, 0xf3, 0x0a, 0xfe, 0xf3, 0x0a, 0xfc, 0x14, 0x0b, 0xff, 0xf3,
  0x0a, 0xc0, 0x00, 0x00, 0x00, 0xef, 0x03, 0x02, 0x00, 0x00, 0x00, 0x00, 0x00, 0x00, 0x00, 0x00,
  0x00, 0x00, 0x00, 0x00, 0x00, 0x00, 0x00, 0x00, 0x00, 0x00, 0x00, 0x00, 0x00, 0x00, 0x00, 0x00,
  0x00, 0x00, 0x00, 0x00, 0x00, 0x00, 0x00, 0x00, 0x00, 0x00, 0x00, 0x00, 0x00, 0x00, 0x00, 0x00,
  0x00, 0x00, 0x00, 0x00, 0x00, 0x00, 0x00, 0x00, 0x00, 0x00, 0x00, 0x00, 0x00, 0x00, 0x00, 0x00,
  0x00, 0x00, 0x00, 0x00, 0x00, 0x00, 0x00, 0x00, 0x00, 0x00, 0x00, 0x00, 0x00, 0x00, 0x00, 0x00,
  0x00, 0x00, 0x00, 0x00, 0x00, 0x00, 0x00, 0x00, 0x00, 0x00, 0x00, 0x00, 0x00, 0x00, 0x00, 0x00,
  0x00, 0x00, 0x00, 0x00, 0x00, 0xb5, 0x02, 0x03, 0x00, 0x00, 0x00, 0x13, 0x0b, 0x4d, 0x14, 0x0b,
  0xff, 0xf3, 0x0a, 0xfc, 0xf3, 0x0a, 0xff, 0xf3, 0x0a, 0xfe, 0x13, 0x0b, 0xff, 0xf3, 0x0a, 0x33,
  0x00, 0x00, 0x00, 0xb5, 0x02, 0x03, 0x00, 0x00, 0x00, 0x00, 0x00, 0x00, 0x00, 0x00, 0x00, 0x00,
  0x00, 0x00, 0x00, 0x00, 0x00, 0x00, 0x00, 0x00, 0x00, 0x00, 0x00, 0x00, 0x00, 0x00, 0x00, 0x00,
  0x00, 0x00, 0x00, 0x00, 0x00, 0x00, 0x00, 0x00, 0x00, 0x00, 0xf7, 0x03, 0x04, 0x00, 0x00, 0x00,
  0xf3, 0x0a, 0x7a, 0x34, 0x0b, 0xff, 0xf3, 0x0a, 0xfb, 0xf3, 0x0a, 0xfe, 0x13, 0x0b, 0xff, 0xf3,
  0x0a, 0xea, 0x13, 0x13, 0x0d, 0x00, 0x00, 0x00, 0x33, 0x03, 0x05, 0x00, 0x00, 0x00, 0xf3, 0x0a,
  0x52, 0x14, 0x0b, 0xff, 0xf3, 0x0a, 0xfc, 0xf3, 0x0a, 0xfe, 0xf3, 0x0a, 0xff, 0xf3, 0x0a, 0xf5,
  0xf3, 0x0a, 0x18, 0x00, 0x00, 0x00, 0xff, 0x07, 0x01, 0x00, 0x00, 0x00, 0x00, 0x00, 0x00, 0x00,
  0x00, 0x00, 0x00, 0x00, 0x00, 0x00, 0x00, 0x00, 0x00, 0x00, 0x00, 0x00, 0x00, 0x00, 0x00, 0x00,
  0x00, 0x00, 0x00, 0x00, 0x00, 0x00, 0x00, 0x00, 0x00, 0x00, 0x00, 0x00, 0x00, 0x00, 0x00, 0x00,
  0x00, 0x00, 0x00, 0x00, 0x00, 0x00, 0x00, 0x00, 0x00, 0x00, 0x00, 0x00, 0x00, 0x00, 0x00, 0x00,
  0x00, 0x00, 0x00, 0x00, 0x00, 0x4a, 0x55, 0x03, 0x00, 0x00, 0x00, 0x0a, 0x35, 0x45, 0x4b, 0x35,
  0xff, 0x0a, 0x2d, 0xfc, 0x0a, 0x2d, 0xff, 0x0a, 0x2d, 0xfc, 0x6b, 0x35, 0xff, 0x0a, 0x2d, 0x9f,
  0x00, 0x00, 0x00, 0x4a, 0x55, 0x03, 0x4a, 0x05, 0x03, 0x00, 0x00, 0x00, 0x00, 0x00, 0x00, 0x00,
  0x00, 0x00, 0x00, 0x00, 0x00, 0x00, 0x00, 0x00, 0x4a, 0x55, 0x03, 0xe0, 0x07, 0x01, 0xca, 0x34,
  0x0f, 0x2a, 0x2d, 0xea, 0x2a, 0x35, 0xff, 0x0a, 0x2d, 0xfe, 0x0a, 0x2d, 0xfc, 0x6b, 0x35, 0xff,
  0x2a, 0x35, 0x5a, 0x00, 0x00, 0x00, 0xe7, 0x3b, 0x04, 0x00, 0x00, 0x00, 0x00, 0x00, 0x00, 0x00,
  0x00, 0x00, 0x00, 0x00, 0x00, 0x00, 0x00, 0x00, 0x00, 0x00, 0x00, 0x00, 0x00, 0x00, 0x00, 0x00,
  0x00, 0x00, 0x00, 0x00, 0x00, 0x00, 0x00, 0x00, 0x00, 0x00, 0x00, 0x00, 0x00, 0x00, 0x00, 0x00,
  0x00, 0x00, 0x00, 0x00, 0x00, 0x00, 0x00, 0x00, 0x00, 0x00, 0x00, 0x00, 0x00, 0x00, 0x00, 0x00,
  0x00, 0x00, 0x00, 0x00, 0x01, 0xe0, 0x03, 0x02, 0xeb, 0x3c, 0x08, 0x0a, 0x2d, 0xaf, 0x6b, 0x35,
  0xff, 0x6b, 0x35, 0xff, 0x4a, 0x35, 0xea, 0x0a, 0x35, 0x45, 0x00, 0x00, 0x00, 0xef, 0x7f, 0x02,
  0x00, 0x00, 0x00, 0x00, 0x00, 0x00, 0x00, 0x00, 0x00, 0x00, 0x00, 0x00, 0x00, 0x00, 0x00, 0x00,
  0x00, 0x00, 0x00, 0x00, 0x00, 0x00, 0x00, 0x00, 0x00, 0x00, 0x00, 0x00, 0x00, 0x00, 0x00, 0x00,
  0x00, 0x00, 0x00, 0x00, 0x00, 0x00, 0x00, 0x00, 0x00, 0x00, 0x00, 0x00, 0x00, 0x00, 0x00, 0x00,
  0x00, 0x00, 0x00, 0x00, 0x00, 0x00, 0x00, 0x00, 0x00, 0x00, 0x00, 0x00, 0x00, 0x00, 0x00, 0x00,
  0x00, 0x00, 0xe0, 0x07, 0x01, 0x00, 0x00, 0x01, 0x4a, 0x2d, 0x12, 0x0a, 0x2d, 0xef, 0x4b, 0x35,
  0xff, 0x0a, 0x2d, 0xf8, 0xab, 0x35, 0xff, 0x0a, 0x2d, 0x9a, 0x00, 0x00, 0x00, 0xe7, 0x3d, 0x04,
  0x00, 0x00, 0x00, 0x00, 0x00, 0x00, 0x00, 0x00, 0x00, 0x00, 0x00, 0x00, 0x00, 0x00, 0x00, 0x00,
  0x00, 0x00, 0x00, 0x00, 0x00, 0x00, 0x00, 0x00, 0x00, 0x00, 0x00, 0x00, 0x00, 0x00, 0x00, 0x00,
  0x00, 0x00, 0x00, 0x00, 0xb5, 0x02, 0x03, 0x00, 0x00, 0x00, 0xf3, 0x0a, 0xad, 0x14, 0x0b, 0xfe,
  0xf3, 0x0a, 0xfa, 0xf3, 0x0a, 0x34, 0x00, 0x00, 0x00, 0x00, 0x00, 0x00, 0xf3, 0x0a, 0x2c, 0xf3,
  0x0a, 0xf9, 0x14, 0x0b, 0xfd, 0xf3, 0x0a, 0xbe, 0x00, 0x00, 0x00, 0xef, 0x03, 0x02, 0xef, 0x03,
  0x02, 0xef, 0x03, 0x02, 0x00, 0x00, 0x00, 0x00, 0x00, 0x00, 0xf5, 0x03, 0x06, 0x00, 0x00, 0x00,
  0x00, 0x00, 0x00, 0x00, 0x00, 0x00, 0x00, 0x00, 0x00, 0x00, 0x00, 0x00, 0x00, 0x00, 0x00, 0x00,
  0x00, 0x00, 0x00, 0x00, 0x00, 0xef, 0x03, 0x04, 0x00, 0x00, 0x00, 0xf3, 0x0a, 0x7d, 0x34, 0x0b,
  0xff, 0xf3, 0x0a, 0xfb, 0xf3, 0x0a, 0xff, 0xf3, 0x0a, 0xfb, 0x34, 0x0b, 0xff, 0xf3, 0x0a, 0x9c,
  0x00, 0x00, 0x00, 0xef, 0x01, 0x04, 0x00, 0x00, 0x00, 0x00, 0x00, 0x00, 0x00, 0x00, 0x00, 0x00,
  0x00, 0x00, 0x00, 0x00, 0x00, 0x00, 0x00, 0x00, 0x00, 0x00, 0x00, 0x00, 0x00, 0x00, 0x00, 0x00,
  0x00, 0x00, 0x00, 0x00, 0x00, 0x00, 0x00, 0x00, 0x00, 0x01, 0x00, 0x00, 0x00, 0xff, 0x07, 0x01,
  0xf3, 0x0a, 0xd7, 0x14, 0x0b, 0xff, 0xf3, 0x0a, 0xfd, 0xf3, 0x0a, 0xfd, 0x14, 0x0b, 0xff, 0xf3,
  0x0a, 0xd0, 0x00, 0x00, 0x00, 0x00, 0x00, 0x00, 0x00, 0x00, 0x00, 0x00, 0x00, 0x00, 0x00, 0x00,
  0x00, 0x00, 0x00, 0x00, 0x00, 0x00, 0x00, 0x00, 0x00, 0x00, 0x00, 0x00, 0x00, 0x00, 0x00, 0x00,
  0x00, 0x00, 0x00, 0x00, 0x00, 0x00, 0x00, 0x00, 0x00, 0x00, 0x00, 0x00, 0x00, 0x00, 0x00, 0x00,
  0x00, 0x00, 0x00, 0x00, 0x00, 0x00, 0x00, 0x00, 0x00, 0x00, 0x00, 0x00, 0x00, 0x00, 0x00, 0x00,
  0x00, 0x00, 0x00, 0x00, 0x00, 0x00, 0x00, 0x00, 0x00, 0x00, 0x00, 0x00, 0x00, 0x00, 0x00, 0x00,
  0x00, 0x00, 0x00, 0x00, 0x00, 0x00, 0x00, 0x00, 0x00, 0x00, 0x00, 0x00, 0x00, 0x00, 0x00, 0x00,
  0x00, 0x00, 0x00, 0x00, 0x00, 0xf7, 0x03, 0x04, 0x00, 0x00, 0x00, 0xf3, 0x0a, 0x7d, 0x34, 0x0b,
  0xff, 0xf3, 0x0a, 0xfb, 0xf3, 0x0a, 0xfe, 0x13, 0x0b, 0xff, 0xf3, 0x0a, 0xed, 0x33, 0x13, 0x0f,
  0x00, 0x00, 0x00, 0x1f, 0x00, 0x01, 0x00, 0x00, 0x00, 0x00, 0x00, 0x00, 0x00, 0x00, 0x00, 0x00,
  0x00, 0x00, 0x00, 0x00, 0x00, 0x00, 0x00, 0x00, 0x00, 0x00, 0x00, 0x00, 0x00, 0x00, 0x00, 0x00,
  0x00, 0x00, 0x00, 0x00, 0x00, 0x00, 0x00, 0x00, 0x00, 0x00, 0xb5, 0x02, 0x03, 0x00, 0x00, 0x00,
  0xf3, 0x0a, 0xad, 0x34, 0x0b, 0xff, 0xf3, 0x0a, 0xfb, 0xf3, 0x0a, 0xfc, 0x14, 0x0b, 0xff, 0xf3,
  0x0a, 0xbb, 0x00, 0x00, 0x00, 0xef, 0x03, 0x02, 0xf7, 0x03, 0x04, 0x00, 0x00, 0x00, 0xf3, 0x0a,
  0x87, 0x34, 0x0b, 0xff, 0xf3, 0x0a, 0xfb, 0xf3, 0x0a, 0xfd, 0x14, 0x0b, 0xff, 0xf3, 0x0a, 0xd2,
  0xef, 0x03, 0x02, 0x00, 0x00, 0x01, 0x00, 0x00, 0x00, 0x00, 0x00, 0x00, 0x00, 0x00, 0x00, 0x00,
  0x00, 0x00, 0x00, 0x00, 0x00, 0x00, 0x00, 0x00, 0x00, 0x00, 0x00, 0x00, 0x00, 0x00, 0x00, 0x00,
  0x00, 0x00, 0x00, 0x00, 0x00, 0x00, 0x00, 0x00, 0x00, 0x00, 0x00, 0x00, 0x00, 0x00, 0x00, 0x00,
  0x00, 0x00, 0x00, 0x00, 0x00, 0x00, 0x00, 0x00, 0x00, 0x00, 0x00, 0x00, 0x00, 0x00, 0x00, 0x00,
  0x00, 0x00, 0x00, 0x00, 0x00, 0x4a, 0x55, 0x03, 0x00, 0x00, 0x00, 0x0a, 0x2d, 0xa9, 0x6b, 0x35,
  0xfe, 0x0a, 0x2d, 0xfb, 0x0a, 0x2d, 0xfd, 0x2a, 0x35, 0xfe, 0x2a, 0x2d, 0xe4, 0x4a, 0x2d, 0x0c,
  0xef, 0x03, 0x02, 0xef, 0x03, 0x02, 0x00, 0x00, 0x00, 0x00, 0x00, 0x00, 0x00, 0x00, 0x00, 0x00,
  0x00, 0x00, 0x00, 0x00, 0x00, 0x00, 0x00, 0x00, 0x00, 0x00, 0x00, 0xe7, 0x3d, 0x04, 0x00, 0x00,
  0x00, 0x0a, 0x2d, 0x9e, 0x6b, 0x35, 0xff, 0x0a, 0x2d, 0xfb, 0x0a, 0x2d, 0xfb, 0x6b, 0x35, 0xff,
  0x0a, 0x2d, 0x89, 0x00, 0x00, 0x00, 0xe7, 0x3d, 0x04, 0x00, 0x00, 0x00, 0x00, 0x00, 0x00, 0x00,
  0x00, 0x00, 0x00, 0x00, 0x00, 0x00, 0x00, 0x00, 0x00, 0x00, 0x00, 0x00, 0x00, 0x00, 0x00, 0x00,
  0x00, 0x00, 0x00, 0x00, 0x00, 0x00, 0x00, 0x00, 0x00, 0x00, 0x00, 0x00, 0x00, 0x00, 0x00, 0x00,
  0x00, 0x00, 0x00, 0x00, 0x00, 0x00, 0x00, 0x00, 0x00, 0x00, 0x00, 0x00, 0x00, 0x00, 0x00, 0x00,
  0x00, 0x00, 0xe7, 0x3d, 0x04, 0x00, 0x00, 0x00, 0x0a, 0x2d, 0x6d, 0xab, 0x35, 0xff, 0x0a, 0x2d,
  0xfa, 0x0a, 0x2d, 0xfa, 0x6b, 0x35, 0xff, 0x0a, 0x2d, 0xdf, 0x4a, 0x3d, 0x09, 0xe0, 0x07, 0x01,
  0x00, 0x00, 0x01, 0x00, 0x00, 0x00, 0x00, 0x00, 0x00, 0x00, 0x00, 0x00, 0x00, 0x00, 0x00, 0x00,
  0x00, 0x00, 0x00, 0x00, 0x00, 0x00, 0x00, 0x00, 0x00, 0x00, 0x00, 0x00, 0x00, 0x00, 0x00, 0x00,
  0x00, 0x00, 0x00, 0x00, 0x00, 0x00, 0x00, 0x00, 0x00, 0x00, 0x00, 0x00, 0x00, 0x00, 0x00, 0x00,
  0x00, 0x00, 0x00, 0x00, 0x00, 0x00, 0x00, 0x00, 0x00, 0x00, 0x00, 0x00, 0x00, 0x00, 0x00, 0x00,
  0x00, 0x00, 0xe7, 0x3b, 0x04, 0x00, 0x00, 0x00, 0x0a, 0x2d, 0x51, 0x6b, 0x35, 0xff, 0x0a, 0x2d,
  0xfb, 0x0a, 0x2d, 0xfc, 0x4a, 0x35, 0xfd, 0x0a, 0x2d, 0xc1, 0x00, 0x00, 0x00, 0xef, 0x03, 0x02,
  0x00, 0x00, 0x00, 0x00, 0x00, 0x00, 0x00, 0x00, 0x00, 0x00, 0x00, 0x00, 0x00, 0x00, 0x00, 0x00,
  0x00, 0x00, 0x00, 0x00, 0x00, 0x00, 0x00, 0x00, 0x00, 0x00, 0x00, 0x00, 0x00, 0x00, 0x00, 0x00,
  0x00, 0x00, 0x00, 0x00, 0xb5, 0x02, 0x03, 0x00, 0x00, 0x01, 0xf3, 0x0a, 0x36, 0x14, 0x0b, 0xff,
  0x55, 0x13, 0xff, 0xf3, 0x0a, 0x52, 0x00, 0x00, 0x00, 0x00, 0x00, 0x00, 0xf3, 0x0a, 0x42, 0x35,
  0x0b, 0xff, 0x34, 0x0b, 0xff, 0xf3, 0x0a, 0x44, 0x00, 0x00, 0x00, 0x33, 0x03, 0x05, 0x00, 0x00,
  0x00, 0x00, 0x00, 0x00, 0xf3, 0x0a, 0x38, 0x13, 0x0b, 0xa0, 0x13, 0x0b, 0xdc, 0xf3, 0x0a, 0x9e,
  0x00, 0x00, 0x00, 0x00, 0x00, 0x00, 0x00, 0x00, 0x00, 0x00, 0x00, 0x00, 0x00, 0x00, 0x00, 0x00,
  0x00, 0x00, 0x00, 0x00, 0x00, 0xef, 0x03, 0x02, 0x00, 0x00, 0x00, 0xf3, 0x0a, 0xc4, 0x14, 0x0b,
  0xff, 0xf3, 0x0a, 0xfc, 0xf3, 0x0a, 0xff, 0xf3, 0x0a, 0xfd, 0x13, 0x0b, 0xfe, 0xf3, 0x0a, 0x36,
  0x1f, 0x00, 0x01, 0xb5, 0x02, 0x03, 0x00, 0x00, 0x00, 0x00, 0x00, 0x00, 0x00, 0x00, 0x00, 0x00,
  0x00, 0x00, 0x00, 0x00, 0x00, 0x00, 0x00, 0x00, 0x00, 0x00, 0x00, 0x00, 0x00, 0x00, 0x00, 0x00,
  0x00, 0x00, 0x00, 0x00, 0x00, 0x00, 0x00, 0x00, 0x00, 0x00, 0x00, 0x00, 0x00, 0x00, 0x00, 0x00,
  0xf3, 0x0a, 0xd0, 0x14, 0x0b, 0xff, 0xf3, 0x0a, 0xfd, 0xf3, 0x0a, 0xfd, 0x14, 0x0b, 0xff, 0xf3,
  0x0a, 0xd1, 0x00, 0x00, 0x00, 0x00, 0x00, 0x00, 0x00, 0x00, 0x00, 0x00, 0x00, 0x00, 0x00, 0x00,
  0x00, 0x00, 0x00, 0x00, 0x00, 0x00, 0x00, 0x00, 0x00, 0x00, 0x00, 0x00, 0x00, 0x00, 0x00, 0x00,
  0x00, 0x00, 0x00, 0x00, 0x00, 0x00, 0x00, 0x00, 0x00, 0x00, 0x00, 0x00, 0x00, 0x00, 0x00, 0x00,
  0x00, 0x00, 0x00, 0x00, 0x00, 0x00, 0x00, 0x00, 0x00, 0x00, 0x00, 0x00, 0x00, 0x00, 0x00, 0x00,
  0x00, 0x00, 0x00, 0x00, 0x00, 0x00, 0x00, 0x00, 0x00, 0x00, 0x00, 0x00, 0x00, 0x00, 0x00, 0x00,
  0x00, 0x00, 0x00, 0x00, 0x00, 0x00, 0x00, 0x00, 0x00, 0x00, 0x00, 0x00, 0x00, 0x00, 0x00, 0x00,
  0x00, 0x00, 0x00, 0x00, 0x00, 0xb5, 0x02, 0x03, 0x00, 0x00, 0x00, 0xf3, 0x0a, 0xac, 0x34, 0x0b,
  0xff, 0xf3, 0x0a, 0xfb, 0xf3, 0x0a, 0xfc, 0x14, 0x0b, 0xff, 0xf3, 0x0a, 0xc6, 0x00, 0x00, 0x00,
  0x1f, 0x00, 0x01, 0x00, 0x00, 0x00, 0x00, 0x00, 0x00, 0x00, 0x00, 0x00, 0x00, 0x00, 0x00, 0x00,
  0x00, 0x00, 0x00, 0x00, 0x00, 0x00, 0x00, 0x00, 0x00, 0x00, 0x00, 0x00, 0x00, 0x00, 0x00, 0x00,
  0x00, 0x00, 0x00, 0x00, 0x00, 0x00, 0x00, 0x00, 0x00, 0x00, 0x00, 0x00, 0x00, 0xef, 0x01, 0x04,
  0xf3, 0x0a, 0xda, 0x13, 0x0b, 0xff, 0xf3, 0x0a, 0xfd, 0xf3, 0x0a, 0xfb, 0x34, 0x0b, 0xff, 0xf3,
  0x0a, 0x81, 0x00, 0x00, 0x00, 0xf7, 0x03, 0x04, 0xef, 0x03, 0x02, 0x00, 0x00, 0x00, 0xf3, 0x0a,
  0xba, 0x14, 0x0b, 0xff, 0xf3, 0x0a, 0xfc, 0xf3, 0x0a, 0xfb, 0x34, 0x0b, 0xff, 0xf3, 0x0a, 0x9f,
  0x00, 0x00, 0x00, 0xef, 0x01, 0x04, 0x00, 0x00, 0x00, 0x00, 0x00, 0x00, 0x00, 0x00, 0x00, 0x00,
  0x00, 0x00, 0x00, 0x00, 0x00, 0x00, 0x00, 0x00, 0x00, 0x00, 0x00, 0x00, 0x00, 0x00, 0x00, 0x00,
  0x00, 0x00, 0x00, 0x00, 0x00, 0x00, 0x00, 0x00, 0x00, 0x00, 0x00, 0x00, 0x00, 0x00, 0x00, 0x00,
  0x00, 0x00, 0x00, 0x00, 0x00, 0x00, 0x00, 0x00, 0x00, 0x00, 0x00, 0x00, 0x00, 0x00, 0x00, 0x00,
  0x00, 0x00, 0xe0, 0x07, 0x01, 0x00, 0x00, 0x00, 0x4a, 0x35, 0x0f, 0x0a, 0x2d, 0xec, 0x2a, 0x35,
  0xff, 0x0a, 0x2d, 0xfe, 0x0a, 0x2d, 0xfb, 0x6b, 0x35, 0xff, 0x0a, 0x2d, 0x73, 0x00, 0x00, 0x00,
  0xe7, 0x3d, 0x04, 0x00, 0x00, 0x00, 0x00, 0x00, 0x00, 0x00, 0x00, 0x00, 0x00, 0x00, 0x00, 0x00,
  0x00, 0x00, 0x00, 0x00, 0x00, 0x00, 0x00, 0x00, 0x00, 0x00, 0x00, 0xe7, 0x3d, 0x04, 0xe0, 0x07,
  0x01, 0x0a, 0x2d, 0x6e, 0x6b, 0x35, 0xff, 0x0a, 0x2d, 0xfb, 0x0a, 0x2d, 0xfb, 0x6b, 0x35, 0xff,
  0x0a, 0x2d, 0xa2, 0x00, 0x00, 0x00, 0xe7, 0x3b, 0x04, 0x00, 0x00, 0x00, 0x00, 0x00, 0x00, 0x00,
  0x00, 0x00, 0x00, 0x00, 0x00, 0xef, 0x03, 0x02, 0xe7, 0x3d, 0x04, 0xe7, 0x3b, 0x04, 0x4a, 0x05,
  0x03, 0x4a, 0x05, 0x03, 0x4a, 0x55, 0x03, 0xe7, 0x3d, 0x04, 0x4a, 0x05, 0x03, 0x00, 0x00, 0x01,
  0x00, 0x00, 0x00, 0x00, 0x00, 0x00, 0x00, 0x00, 0x00, 0x00, 0x00, 0x00, 0x00, 0x00, 0x00, 0x00,
  0x00, 0x00, 0xe7, 0x3b, 0x04, 0x00, 0x00, 0x00, 0x0a, 0x2d, 0xa9, 0x6b, 0x35, 0xfa, 0x2a, 0x2d,
  0xfa, 0x0a, 0x2d, 0xfe, 0x0a, 0x2d, 0xfd, 0x0a, 0x2d, 0xfe, 0x2a, 0x35, 0x25, 0x00, 0x00, 0x00,
  0xef, 0x03, 0x02, 0x00, 0x00, 0x00, 0x00, 0x00, 0x00, 0x00, 0x00, 0x00, 0x00, 0x00, 0x00, 0x00,
  0x00, 0x00, 0x00, 0x00, 0x00, 0x00, 0x00, 0x00, 0x00, 0x00, 0x01, 0xef, 0x03, 0x02, 0x4a, 0x55,
  0x03, 0x4a, 0x55, 0x03, 0xef, 0x03, 0x02, 0x00, 0x00, 0x00, 0x00, 0x00, 0x00, 0x00, 0x00, 0x00,
  0x00, 0x00, 0x00, 0x00, 0x00, 0x00, 0x00, 0x00, 0x00, 0x00, 0x00, 0x00, 0x00, 0x00, 0x00, 0x00,
  0x00, 0x00, 0xe7, 0x3d, 0x04, 0x00, 0x00, 0x00, 0x2a, 0x35, 0x74, 0x6b, 0x35, 0xfe, 0x0a, 0x2d,
  0xfb, 0x0a, 0x2d, 0xfc, 0x6b, 0x35, 0xff, 0x0a, 0x2d, 0xbd, 0x00, 0x00, 0x00, 0xef, 0x03, 0x02,
  0x00, 0x00, 0x00, 0x00, 0x00, 0x00, 0x00, 0x00, 0x00, 0x00, 0x00, 0x00, 0x00, 0x00, 0x00, 0x00,
  0x00, 0x00, 0x00, 0x00, 0x00, 0x00, 0x00, 0x00, 0x00, 0x00, 0x00, 0x00, 0x00, 0x00, 0x00, 0x00,
  0x00, 0x00, 0x00, 0x00, 0x00, 0x00, 0x00, 0xef, 0x03, 0x02, 0x00, 0x00, 0x00, 0xf2, 0x0a, 0x63,
  0xf3, 0x0a, 0x98, 0x13, 0x13, 0x0d, 0xef, 0x03, 0x02, 0xb5, 0x02, 0x03, 0xb1, 0x02, 0x09, 0xf3,
  0x0a, 0x96, 0xf3, 0x0a, 0x7b, 0x00, 0x00, 0x00, 0xb5, 0x02, 0x03, 0x00, 0x00, 0x00, 0xd2, 0x0a,
  0x27, 0x13, 0x0b, 0xae, 0xf3, 0x0a, 0xfe, 0x14, 0x0b, 0xff, 0x55, 0x13, 0xff, 0xf3, 0x0a, 0xda,
  0x00, 0x00, 0x00, 0x00, 0x00, 0x00, 0x00, 0x00, 0x00, 0x00, 0x00, 0x00, 0x00, 0x00, 0x00, 0x00,
  0x00, 0x00, 0xff, 0x07, 0x01, 0x00, 0x00, 0x00, 0xf2, 0x0a, 0x16, 0xf3, 0x0a, 0xf3, 0xf3, 0x0a,
  0xff, 0xf3, 0x0a, 0xfe, 0xf3, 0x0a, 0xfd, 0x14, 0x0b, 0xff, 0xf3, 0x0a, 0xd7, 0xb5, 0x02, 0x03,
  0x00, 0x00, 0x01, 0x00, 0x00, 0x00, 0x00, 0x00, 0x00, 0x00, 0x00, 0x00, 0x00, 0x00, 0x00, 0x00,
  0x00, 0x00, 0x00, 0x00, 0x00, 0x00, 0x00, 0x00, 0x00, 0x00, 0x00, 0x00, 0x00, 0x00, 0x00, 0x00,
  0x00, 0x00, 0x00, 0x00, 0x00, 0x00, 0x00, 0x00, 0x00, 0x01, 0x00, 0x00, 0x00, 0x33, 0x03, 0x05,
  0xf3, 0x0a, 0xde, 0x13, 0x0b, 0xff, 0xf3, 0x0a, 0xfd, 0xf3, 0x0a, 0xfc, 0x14, 0x0b, 0xff, 0xf3,
  0x0a, 0xc4, 0x00, 0x00, 0x00, 0xef, 0x03, 0x02, 0x00, 0x00, 0x00, 0x00, 0x00, 0x00, 0x00, 0x00,
  0x00, 0x00, 0x00, 0x00, 0x00, 0x00, 0x00, 0x00, 0x00, 0x00, 0x00, 0x00, 0x00, 0x00, 0x00, 0x00,
  0x00, 0x00, 0x00, 0x00, 0x00, 0x00, 0x00, 0x00, 0x00, 0x00, 0x00, 0x00, 0x00, 0x00, 0x00, 0x00,
  0x00, 0x00, 0x00, 0x00, 0x00, 0x00, 0x00, 0x00, 0x00, 0x00, 0x00, 0x00, 0x00, 0x00, 0x00, 0x00,
  0x00, 0x00, 0x00, 0x00, 0x00, 0x00, 0x00, 0x00, 0x00, 0x00, 0x00, 0x00, 0x00, 0x00, 0x00, 0x00,
  0x00, 0x00, 0x00, 0x00, 0x00, 0x00, 0x00, 0x00, 0x00, 0x00, 0x00, 0x00, 0x00, 0x00, 0x00, 0x00,
  0x00, 0x00, 0x00, 0x00, 0x00, 0x00, 0x00, 0x00, 0x1f, 0x00, 0x01, 0xf3, 0x0a, 0xd4, 0x14, 0x0b,
  0xff, 0xf3, 0x0a, 0xfd, 0xf3, 0x0a, 0xfb, 0x34, 0x0b, 0xff, 0xf3, 0x0a, 0x95, 0x00, 0x00, 0x00,
  0xef, 0x03, 0x04, 0x00, 0x00, 0x00, 0x00, 0x00, 0x00, 0x00, 0x00, 0x00, 0x00, 0x00, 0x00, 0x00,
  0x00, 0x00, 0x00, 0x00, 0x00, 0x00, 0x00, 0x00, 0x00, 0x00, 0x00, 0x00, 0x00, 0x00, 0x00, 0x00,
  0x00, 0x00, 0x00, 0x00, 0x00, 0x00, 0x00, 0xef, 0x03, 0x02, 0x00, 0x00, 0x00, 0xf3, 0x0a, 0x21,
  0xf3, 0x0a, 0xfa, 0xf3, 0x0a, 0xff, 0xf3, 0x0a, 0xfe, 0xf3, 0x0a, 0xfd, 0x14, 0x0b, 0xff, 0xf3,
  0x0a, 0x48, 0x00, 0x00, 0x00, 0xef, 0x03, 0x04, 0x00, 0x00, 0x00, 0xb1, 0x02, 0x09, 0xf3, 0x0a,
  0xe5, 0x13, 0x0b, 0xff, 0xf3, 0x0a, 0xfd, 0xf3, 0x0a, 0xfb, 0x34, 0x0b, 0xff, 0xf3, 0x0a, 0x67,
  0x00, 0x00, 0x00, 0xef, 0x01, 0x04, 0x00, 0x00, 0x00, 0x00, 0x00, 0x00, 0x00, 0x00, 0x00, 0x00,
  0x00, 0x00, 0x00, 0x00, 0x00, 0x00, 0x00, 0x00, 0x00, 0x00, 0x00, 0x00, 0x00, 0x00, 0x00, 0x00,
  0x00, 0x00, 0x00, 0x00, 0x00, 0x00, 0x00, 0x00, 0x00, 0x00, 0x00, 0x00, 0x00, 0x00, 0x00, 0x00,
  0x00, 0x00, 0x00, 0x00, 0x00, 0x00, 0x00, 0x00, 0x00, 0x00, 0x00, 0x00, 0x00, 0x00, 0x00, 0x00,
  0x00, 0x00, 0x4a, 0x55, 0x03, 0x00, 0x00, 0x00, 0x2a, 0x35, 0x3f, 0x4a, 0x35, 0xff, 0x0a, 0x2d,
  0xfd, 0x0a, 0x2d, 0xfe, 0x2a, 0x2d, 0xff, 0x2a, 0x2d, 0xf5, 0x2b, 0x35, 0x1a, 0x00, 0x00, 0x01,
  0xef, 0x03, 0x02, 0x00, 0x00, 0x00, 0x00, 0x00, 0x00, 0x00, 0x00, 0x00, 0x00, 0x00, 0x00, 0x00,
  0x00, 0x00, 0x00, 0x00, 0x00, 0x00, 0x00, 0x00, 0x00, 0x00, 0x00, 0xe7, 0x3d, 0x04, 0x00, 0x00,
  0x00, 0x2a, 0x2d, 0x63, 0x6b, 0x35, 0xff, 0x0a, 0x2d, 0xfb, 0x0a, 0x2d, 0xfb, 0x6b, 0x35, 0xff,
  0x0a, 0x2d, 0xab, 0x00, 0x00, 0x00, 0x4a, 0x55, 0x03, 0x00, 0x00, 0x00, 0x00, 0x00, 0x00, 0xef,
  0x07, 0x02, 0xef, 0x03, 0x02, 0x00, 0x00, 0x00, 0x00, 0x00, 0x00, 0x00, 0x00, 0x00, 0x00, 0x00,
  0x00, 0x00, 0x00, 0x00, 0x00, 0x00, 0x00, 0x00, 0x00, 0x00, 0x00, 0x00, 0x00, 0x00, 0x00, 0x00,
  0x4a, 0x55, 0x03, 0x00, 0x00, 0x00, 0x00, 0x00, 0x00, 0x00, 0x00, 0x00, 0x00, 0x00, 0x00, 0x00,
  0x00, 0x00, 0xe7, 0x3d, 0x04, 0x00, 0x00, 0x00, 0x0a, 0x2d, 0x7b, 0xab, 0x35, 0xff, 0x0a, 0x2d,
  0xf8, 0x0a, 0x2d, 0xf9, 0x4a, 0x35, 0xff, 0x0a, 0x2d, 0xe9, 0xe9, 0x24, 0x0d, 0x00, 0x00, 0x01,
  0xe0, 0x07, 0x01, 0x00, 0x00, 0x00, 0x00, 0x00, 0x00, 0x00, 0x00, 0x00, 0x00, 0x00, 0x00, 0x00,
  0x00, 0x00, 0xe0, 0x07, 0x01, 0xe7, 0x3b, 0x04, 0x00, 0x00, 0x00, 0x00, 0x00, 0x00, 0x00, 0x00,
  0x00, 0x00, 0x00, 0x00, 0x00, 0x00, 0x00, 0xef, 0x03, 0x02, 0x4a, 0x55, 0x03, 0x00, 0x00, 0x00,
  0x00, 0x00, 0x00, 0x00, 0x00, 0x00, 0x00, 0x00, 0x00, 0x00, 0x00, 0x00, 0x4a, 0x05, 0x03, 0xe7,
  0x3d, 0x04, 0xa9, 0x4d, 0x07, 0xe7, 0x3d, 0x04, 0x0a, 0x2d, 0x87, 0x6b, 0x35, 0xff, 0x0a, 0x2d,
  0xfb, 0x0a, 0x2d, 0xfb, 0x6b, 0x35, 0xff, 0x0a, 0x2d, 0xa6, 0x4a, 0x55, 0x03, 0x89, 0x4c, 0x07,
  0x4a, 0x05, 0x03, 0xe0, 0x07, 0x01, 0x00, 0x00, 0x00, 0x00, 0x00, 0x00, 0x00, 0x00, 0x00, 0x00,
  0x00, 0x00, 0x00, 0x00, 0x00, 0x00, 0x00, 0x00, 0x00, 0x00, 0x00, 0x00, 0x00, 0x00, 0x00, 0x00,
  0x00, 0x00, 0x00, 0x00, 0x00, 0x00, 0x00, 0x00, 0x00, 0x00, 0x1f, 0x00, 0x01, 0x00, 0x00, 0x00,
  0x00, 0x00, 0x00, 0x00, 0x00, 0x00, 0x00, 0x00, 0x00, 0x00, 0x00, 0x00, 0x00, 0x00, 0x00, 0x00,
  0x00, 0x00, 0x00, 0x00, 0x00, 0xb5, 0x02, 0x03, 0x00, 0x00, 0x01, 0x13, 0x0b, 0x3d, 0x13, 0x0b,
  0xec, 0x14, 0x0b, 0xff, 0x14, 0x0b, 0xff, 0x14, 0x0b, 0xff, 0x13, 0x0b, 0xa2, 0x33, 0x13, 0x0f,
  0x00, 0x00, 0x00, 0x00, 0x00, 0x00, 0x00, 0x00, 0x00, 0x00, 0x00, 0x00, 0x00, 0x00, 0x00, 0x00,
  0x00, 0x00, 0xb5, 0x02, 0x03, 0x00, 0x00, 0x00, 0xf3, 0x0a, 0x43, 0x14, 0x0b, 0xff, 0xf3, 0x0a,
  0xfd, 0xf3, 0x0a, 0xff, 0xf3, 0x0a, 0xfb, 0x34, 0x0b, 0xff, 0xf3, 0x0a, 0x95, 0x00, 0x00, 0x00,
  0xef, 0x03, 0x04, 0x00, 0x00, 0x00, 0x00, 0x00, 0x00, 0x00, 0x00, 0x00, 0x00, 0x00, 0x00, 0x00,
  0x00, 0x00, 0x00, 0x00, 0x00, 0x00, 0x00, 0x00, 0x00, 0x00, 0x00, 0x00, 0x00, 0x00, 0x00, 0x00,
  0x00, 0x00, 0x00, 0x00, 0x00, 0x00, 0x00, 0xef, 0x03, 0x02, 0x00, 0x00, 0x00, 0xd3, 0x12, 0x1f,
  0xf3, 0x0a, 0xf8, 0xf3, 0x0a, 0xff, 0xf3, 0x0a, 0xfe, 0xf3, 0x0a, 0xfb, 0x34, 0x0b, 0xff, 0xf3,
  0x0a, 0xa8, 0x00, 0x00, 0x00, 0xef, 0x01, 0x04, 0x00, 0x00, 0x00, 0x00, 0x00, 0x00, 0x00, 0x00,
  0x00, 0x00, 0x00, 0x00, 0x00, 0x00, 0x00, 0x1f, 0x00, 0x01, 0x1f, 0x00, 0x01, 0x00, 0x00, 0x00,
  0x00, 0x00, 0x00, 0x00, 0x00, 0x00, 0x00, 0x00, 0x00, 0x00, 0x00, 0x00, 0x00, 0x00, 0x00, 0x00,
  0x00, 0x00, 0x00, 0x00, 0x00, 0x00, 0x00, 0x00, 0x00, 0x00, 0x00, 0x00, 0x00, 0x00, 0x00, 0x00,
  0x00, 0x00, 0x00, 0x00, 0x00, 0x00, 0x00, 0x00, 0x00, 0x00, 0x00, 0x00, 0x00, 0x00, 0x00, 0x00,
  0x00, 0x00, 0x00, 0x1f, 0x00, 0x01, 0xb5, 0x02, 0x03, 0xef, 0x01, 0x04, 0xef, 0x01, 0x04, 0xb5,
  0x02, 0x03, 0xb5, 0x02, 0x03, 0x00, 0x00, 0x00, 0x13, 0x0b, 0x15, 0xf3, 0x0a, 0xf2, 0xf3, 0x0a,
  0xff, 0xf3, 0x0a, 0xfe, 0xf3, 0x0a, 0xfb, 0x34, 0x0b, 0xff, 0xf3, 0x0a, 0x60, 0x00, 0x00, 0x00,
  0xef, 0x01, 0x04, 0x00, 0x00, 0x00, 0x00, 0x00, 0x00, 0x00, 0x00, 0x00, 0x00, 0x00, 0x00, 0x00,
  0x00, 0x00, 0x00, 0x00, 0x00, 0x00, 0x00, 0x00, 0x1f, 0x00, 0x01, 0xb5, 0x02, 0x03, 0xb5, 0x02,
  0x03, 0xb5, 0x02, 0x03, 0xef, 0x03, 0x02, 0xef, 0x01, 0x04, 0x00, 0x00, 0x00, 0xf3, 0x0a, 0x4b,
  0x14, 0x0b, 0xff, 0xf3, 0x0a, 0xfc, 0xf3, 0x0a, 0xfe, 0xf3, 0x0a, 0xff, 0xf3, 0x0a, 0xf5, 0xd3,
  0x0a, 0x19, 0x00, 0x00, 0x00, 0xef, 0x01, 0x04, 0x00, 0x00, 0x00, 0xf3, 0x0a, 0x2c, 0xf3, 0x0a,
  0xfe, 0xf3, 0x0a, 0xfe, 0xf3, 0x0a, 0xfe, 0xf3, 0x0a, 0xfe, 0x13, 0x0b, 0xff, 0xf3, 0x0a, 0x33,
  0x00, 0x00, 0x00, 0xb5, 0x02, 0x03, 0x00, 0x00, 0x00, 0x00, 0x00, 0x00, 0x00, 0x00, 0x00, 0x00,
  0x00, 0x00, 0x00, 0x00, 0x00, 0xef, 0x03, 0x02, 0xef, 0x01, 0x04, 0xf7, 0x03, 0x04, 0xef, 0x03,
  0x04, 0xf7, 0x03, 0x04, 0xb5, 0x02, 0x03, 0x00, 0x00, 0x01, 0x00, 0x00, 0x00, 0x00, 0x00, 0x00,
  0x00, 0x00, 0x00, 0x00, 0x00, 0x00, 0x00, 0x00, 0x00, 0x00, 0x00, 0x00, 0x00, 0x00, 0x00, 0x00,
  0x00, 0x00, 0xe7, 0x3d, 0x04, 0x00, 0x00, 0x00, 0x0a, 0x2d, 0x6f, 0x6b, 0x35, 0xff, 0x0a, 0x2d,
  0xfb, 0x0a, 0x2d, 0xfc, 0x4b, 0x35, 0xff, 0x0a, 0x2d, 0xc1, 0x00, 0x00, 0x00, 0xef, 0x03, 0x02,
  0x00, 0x00, 0x00, 0x00, 0x00, 0x00, 0x00, 0x00, 0x00, 0x00, 0x00, 0x00, 0x00, 0x00, 0x00, 0x00,
  0x00, 0x00, 0x00, 0x00, 0x00, 0x00, 0x00, 0x00, 0x00, 0x00, 0x00, 0xe7, 0x3d, 0x04, 0x00, 0x00,
  0x00, 0x0a, 0x2d, 0x74, 0x6b, 0x35, 0xff, 0x0a, 0x2d, 0xfb, 0x0a, 0x2d, 0xfb, 0x6b, 0x35, 0xff,
  0x0a, 0x2d, 0xa4, 0x00, 0x00, 0x00, 0xe7, 0x3b, 0x04, 0x00, 0x00, 0x00, 0x4a, 0x55, 0x03, 0x00,
  0x00, 0x00, 0x00, 0x00, 0x00, 0x2b, 0x35, 0x28, 0x2a, 0x35, 0x69, 0x2a, 0x35, 0x9a, 0x2a, 0x2d,
  0xb2, 0x0a, 0x2d, 0xb5, 0x2a, 0x35, 0xa3, 0x2a, 0x35, 0x78, 0x2b, 0x35, 0x39, 0x00, 0x00, 0x00,
  0x00, 0x00, 0x00, 0xef, 0x03, 0x02, 0xe0, 0x07, 0x01, 0x00, 0x00, 0x00, 0x00, 0x00, 0x00, 0x00,
  0x00, 0x00, 0xe0, 0x07, 0x01, 0xe0, 0x07, 0x01, 0xe9, 0x2c, 0x10, 0x2a, 0x2d, 0xc8, 0x8b, 0x35,
  0xff, 0x6b, 0x35, 0xff, 0x4a, 0x35, 0xfa, 0x0a, 0x2d, 0x5b, 0x00, 0x00, 0x00, 0x4a, 0x55, 0x03,
  0x00, 0x00, 0x00, 0xe0, 0x07, 0x01, 0xe7, 0x3b, 0x04, 0x4a, 0x55, 0x03, 0x4a, 0x55, 0x03, 0xef,
  0x07, 0x02, 0x00, 0x00, 0x00, 0x00, 0x00, 0x00, 0xef, 0x03, 0x02, 0x2a, 0x35, 0x29, 0x2a, 0x2d,
  0x46, 0x2a, 0x35, 0x3d, 0x4a, 0x2d, 0x1b, 0x00, 0x00, 0x00, 0x00, 0x00, 0x00, 0xef, 0x07, 0x02,
  0x00, 0x00, 0x00, 0x00, 0x00, 0x00, 0x00, 0x00, 0x00, 0xef, 0x03, 0x02, 0x00, 0x00, 0x00, 0x00,
  0x00, 0x00, 0x00, 0x00, 0x00, 0x00, 0x00, 0x00, 0x0a, 0x2d, 0x91, 0x6b, 0x35, 0xff, 0x0a, 0x2d,
  0xfb, 0x0a, 0x2d, 0xfb, 0x6b, 0x35, 0xff, 0x2a, 0x2d, 0x71, 0x00, 0x00, 0x00, 0x00, 0x00, 0x00,
  0x00, 0x00, 0x00, 0x00, 0x00, 0x00, 0x4a, 0x55, 0x03, 0x00, 0x00, 0x00, 0x00, 0x00, 0x00, 0x00,
  0x00, 0x00, 0x00, 0x00, 0x00, 0x00, 0x00, 0x00, 0x00, 0x00, 0x00, 0x00, 0x00, 0x00, 0x00, 0x00,
  0x00, 0x00, 0x00, 0x00, 0x00, 0x00, 0x00, 0x00, 0x00, 0x00, 0xff, 0x07, 0x01, 0x00, 0x00, 0x00,
  0x00, 0x00, 0x00, 0x34, 0x0b, 0x14, 0x34, 0x0b, 0x28, 0xf3, 0x0a, 0x20, 0xb5, 0x02, 0x03, 0x00,
  0x00, 0x00, 0x00, 0x00, 0x00, 0x72, 0x03, 0x07, 0x00, 0x00, 0x00, 0xf3, 0x0a, 0xaf, 0x76, 0x13,
  0xff, 0x13, 0x0b, 0xff, 0x13, 0x0b, 0xc6, 0xf3, 0x0a, 0x4c, 0x00, 0x00, 0x00, 0x00, 0x00, 0x00,
  0x00, 0x00, 0x00, 0x00, 0x00, 0x00, 0x00, 0x00, 0x00, 0x00, 0x00, 0x00, 0x00, 0x00, 0x00, 0x00,
  0x00, 0x00, 0xf7, 0x03, 0x04, 0x00, 0x00, 0x00, 0xf3, 0x0a, 0x72, 0x34, 0x0b, 0xff, 0xf3, 0x0a,
  0xfb, 0xf3, 0x0a, 0xff, 0xf3, 0x0a, 0xfb, 0x34, 0x0b, 0xff, 0xf3, 0x0a, 0x5b, 0x00, 0x00, 0x00,
  0xef, 0x01, 0x04, 0x00, 0x00, 0x00, 0x00, 0x00, 0x00, 0x00, 0x00, 0x00, 0x00, 0x00, 0x00, 0x00,
  0x00, 0x00, 0x00, 0x00, 0x00, 0x00, 0x00, 0x00, 0x00, 0x00, 0x00, 0x00, 0x00, 0x00, 0x00, 0x00,
  0x00, 0x00, 0x00, 0x00, 0x00, 0x00, 0x00, 0xef, 0x01, 0x04, 0x00, 0x00, 0x01, 0xf3, 0x0a, 0x5c,
  0x34, 0x0b, 0xff, 0xf3, 0x0a, 0xfc, 0xf3, 0x0a, 0xff, 0xf3, 0x0a, 0xfb, 0x34, 0x0b, 0xff, 0xf3,
  0x0a, 0x79, 0x00, 0x00, 0x00, 0xf7, 0x03, 0x04, 0x00, 0x00, 0x00, 0x00, 0x00, 0x00, 0xef, 0x03,
  0x02, 0xef, 0x01, 0x04, 0x00, 0x00, 0x00, 0x00, 0x00, 0x00, 0x00, 0x00, 0x00, 0x00, 0x00, 0x00,
  0xef, 0x01, 0x04, 0x1f, 0x00, 0x01, 0x00, 0x00, 0x00, 0xef, 0x03, 0x02, 0xf7, 0x03, 0x04, 0xb5,
  0x02, 0x03, 0x00, 0x00, 0x00, 0x00, 0x00, 0x00, 0x00, 0x00, 0x00, 0x00, 0x00, 0x00, 0x00, 0x00,
  0x00, 0x00, 0x00, 0x00, 0x00, 0x00, 0x00, 0x00, 0x00, 0x00, 0x00, 0x00, 0x00, 0x1f, 0x00, 0x01,
  0xb5, 0x02, 0x03, 0x00, 0x00, 0x00, 0x00, 0x00, 0x00, 0x00, 0x00, 0x00, 0x00, 0x00, 0x00, 0x00,
  0x00, 0x00, 0x00, 0x00, 0x00, 0xb5, 0x02, 0x03, 0xf3, 0x0a, 0x37, 0x13, 0x0b, 0xff, 0xf3, 0x0a,
  0xfe, 0xf3, 0x0a, 0xfe, 0xf3, 0x0a, 0xfe, 0xf3, 0x0a, 0xfe, 0xf3, 0x12, 0x2f, 0x00, 0x00, 0x00,
  0xef, 0x03, 0x02, 0x00, 0x00, 0x00, 0x00, 0x00, 0x00, 0x00, 0x00, 0x00, 0x00, 0x00, 0x00, 0x00,
  0x00, 0x00, 0xef, 0x03, 0x02, 0xb5, 0x02, 0x03, 0x00, 0x00, 0x00, 0x00, 0x00, 0x00, 0x00, 0x00,
  0x00, 0x00, 0x00, 0x00, 0x00, 0x00, 0x00, 0xb5, 0x02, 0x03, 0xef, 0x01, 0x04, 0xf3, 0x0a, 0x7b,
  0x34, 0x0b, 0xff, 0xf3, 0x0a, 0xfb, 0xf3, 0x0a, 0xfd, 0x14, 0x0b, 0xff, 0xf3, 0x0a, 0xcf, 0x00,
  0x00, 0x01, 0x00, 0x00, 0x01, 0xef, 0x03, 0x04, 0x00, 0x00, 0x00, 0xf3, 0x0a, 0x59, 0x34, 0x0b,
  0xff, 0xf3, 0x0a, 0xfc, 0xf3, 0x0a, 0xfe, 0x13, 0x0b, 0xff, 0xf3, 0x0a, 0xe8, 0xb2, 0x12, 0x0c,
  0x00, 0x00, 0x00, 0x1f, 0x00, 0x01, 0x00, 0x00, 0x00, 0x00, 0x00, 0x00, 0x00, 0x00, 0x00, 0xef,
  0x03, 0x02, 0xb5, 0x02, 0x03, 0x00, 0x00, 0x00, 0x00, 0x00, 0x00, 0x00, 0x00, 0x00, 0x00, 0x00,
  0x00, 0x00, 0x00, 0x00, 0x00, 0x00, 0x00, 0x00, 0x00, 0x00, 0xef, 0x03, 0x02, 0x00, 0x00, 0x00,
  0x00, 0x00, 0x00, 0x00, 0x00, 0x00, 0x00, 0x00, 0x00, 0x00, 0x00, 0x00, 0x00, 0x00, 0x00, 0x00,
  0x00, 0x00, 0xe7, 0x3d, 0x04, 0x00, 0x00, 0x00, 0x0a, 0x2d, 0x93, 0x6b, 0x35, 0xff, 0x0a, 0x2d,
  0xfb, 0x0a, 0x2d, 0xfb, 0x6b, 0x35, 0xff, 0x0a, 0x2d, 0x8d, 0x00, 0x00, 0x01, 0xe7, 0x3d, 0x04,
  0x00, 0x00, 0x00, 0x00, 0x00, 0x00, 0x00, 0x00, 0x00, 0x00, 0x00, 0x00, 0x00, 0x00, 0x00, 0x00,
  0x00, 0x00, 0x00, 0x00, 0x00, 0x00, 0x00, 0x00, 0x00, 0x00, 0x00, 0xe7, 0x3b, 0x04, 0x00, 0x00,
  0x00, 0x0a, 0x2d, 0x9e, 0x6b, 0x35, 0xff, 0x0a, 0x2d, 0xfb, 0x0a, 0x2d, 0xfb, 0x6b, 0x35, 0xff,
  0x0a, 0x2d, 0x8c, 0x00, 0x00, 0x00, 0xc6, 0x34, 0x05, 0xef, 0x03, 0x02, 0x00, 0x00, 0x00, 0x2a,
  0x35, 0x39, 0x2a, 0x35, 0xb2, 0x2a, 0x2d, 0xfa, 0x6b, 0x35, 0xff, 0x6b, 0x35, 0xff, 0x8b, 0x35,
  0xff, 0x8b, 0x35, 0xff, 0x6b, 0x35, 0xff, 0x6b, 0x35, 0xff, 0x4a, 0x35, 0xff, 0x2a, 0x2d, 0xca,
  0x2a, 0x2d, 0x57, 0x00, 0x00, 0x00, 0x00, 0x00, 0x00, 0xef, 0x03, 0x02, 0x00, 0x00, 0x00, 0x00,
  0x00, 0x00, 0x00, 0x00, 0x00, 0xe0, 0x07, 0x01, 0x00, 0x00, 0x00, 0x6a, 0x3c, 0x09, 0x2a, 0x35,
  0x5c, 0x4a, 0x35, 0x72, 0xea, 0x2c, 0x2f, 0x00, 0x00, 0x00, 0xe0, 0x07, 0x01, 0x00, 0x00, 0x00,
  0x00, 0x00, 0x00, 0x00, 0x00, 0x00, 0x00, 0x00, 0x00, 0x00, 0x00, 0x00, 0x00, 0x00, 0x00, 0x00,
  0x00, 0x00, 0x89, 0x24, 0x0e, 0x2a, 0x2d, 0x7c, 0x2a, 0x2d, 0xd5, 0x2a, 0x2d, 0xfd, 0x4b, 0x35,
  0xff, 0x4a, 0x35, 0xff, 0x2a, 0x35, 0xf3, 0x2a, 0x2d, 0xba, 0x0a, 0x2d, 0x46, 0x00, 0x00, 0x00,
  0x4a, 0x05, 0x03, 0x00, 0x00, 0x00, 0xe0, 0x07, 0x01, 0x00, 0x00, 0x00, 0xea, 0x2c, 0x38, 0x4a,
  0x35, 0x91, 0x2a, 0x2d, 0xa6, 0x0a, 0x2d, 0x95, 0x0a, 0x2d, 0xd6, 0x4a, 0x35, 0xff, 0x0a, 0x2d,
  0xfd, 0x0a, 0x2d, 0xfd, 0x4b, 0x35, 0xff, 0x0a, 0x2d, 0x85, 0x0a, 0x2d, 0x48, 0x2a, 0x35, 0x48,
  0x4b, 0x35, 0x34, 0x2b, 0x2d, 0x11, 0x00, 0x00, 0x00, 0x00, 0x00, 0x00, 0x00, 0x00, 0x00, 0x00,
  0x00, 0x00, 0x00, 0x00, 0x00, 0x00, 0x00, 0x00, 0x00, 0x00, 0x00, 0x00, 0x00, 0x00, 0x00, 0x00,
  0x00, 0x00, 0x00, 0x00, 0x00, 0x00, 0x01, 0x00, 0x00, 0x01, 0x00, 0x00, 0x00, 0x13, 0x0b, 0x54,
  0x13, 0x0b, 0xb7, 0xf3, 0x0a, 0xe9, 0xf3, 0x0a, 0xfa, 0xf3, 0x0a, 0xf4, 0x13, 0x0b, 0xd3, 0xf3,
  0x0a, 0x78, 0xb2, 0x12, 0x0c, 0x00, 0x00, 0x00, 0xef, 0x03, 0x02, 0xf3, 0x0a, 0x31, 0x34, 0x0b,
  0x90, 0xf3, 0x0a, 0x4f, 0x00, 0x00, 0x00, 0x00, 0x00, 0x00, 0xef, 0x03, 0x02, 0x1f, 0x00, 0x01,
  0x00, 0x00, 0x00, 0x00, 0x00, 0x00, 0x00, 0x00, 0x00, 0x00, 0x00, 0x00, 0x00, 0x00, 0x00, 0x00,
  0x00, 0x00, 0xef, 0x01, 0x04, 0x00, 0x00, 0x00, 0xf3, 0x0a, 0x9d, 0x34, 0x0b, 0xff, 0xf3, 0x0a,
  0xfb, 0xf3, 0x0a, 0xff, 0xf3, 0x0a, 0xfe, 0xf3, 0x0a, 0xff, 0xf2, 0x0a, 0x31, 0x00, 0x00, 0x00,
  0xef, 0x03, 0x02, 0x00, 0x00, 0x00, 0x00, 0x00, 0x00, 0x00, 0x00, 0x00, 0x00, 0x00, 0x00, 0x00,
  0x00, 0x00, 0x00, 0x00, 0x00, 0x00, 0x00, 0x00, 0x00, 0x00, 0x00, 0x00, 0x00, 0x00, 0x00, 0x00,
  0x00, 0x00, 0x00, 0x00, 0x00, 0x00, 0x00, 0xb5, 0x02, 0x03, 0x00, 0x00, 0x00, 0xf3, 0x0a, 0xc0,
  0x14, 0x0b, 0xff, 0xf3, 0x0a, 0xfc, 0xf3, 0x0a, 0xff, 0xf3, 0x0a, 0xfd, 0x14, 0x0b, 0xff, 0xf3,
  0x0a, 0x3c, 0x00, 0x00, 0x00, 0xb5, 0x02, 0x03, 0xef, 0x03, 0x02, 0xff, 0x03, 0x02, 0x00, 0x00,
  0x00, 0x00, 0x00, 0x00, 0x00, 0x00, 0x00, 0xd4, 0x12, 0x0e, 0x54, 0x0b, 0x11, 0x00, 0x00, 0x00,
  0x00, 0x00, 0x00, 0x00, 0x00, 0x00, 0xb5, 0x02, 0x03, 0x00, 0x00, 0x00, 0x00, 0x00, 0x00, 0x00,
  0x00, 0x00, 0x00, 0x00, 0x00, 0x00, 0x00, 0x00, 0x00, 0x00, 0x00, 0x00, 0x00, 0x00, 0x00, 0x00,
  0x00, 0x00, 0x00, 0x00, 0x00, 0x00, 0x00, 0x00, 0x00, 0x00, 0xb5, 0x02, 0x03, 0x00, 0x00, 0x00,
  0x00, 0x00, 0x00, 0x73, 0x1a, 0x0a, 0xf3, 0x0a, 0x38, 0xf3, 0x0a, 0x59, 0x13, 0x0b, 0x5c, 0xf3,
  0x0a, 0x40, 0x13, 0x0b, 0x15, 0x00, 0x00, 0x00, 0xf3, 0x0a, 0x54, 0x34, 0x0b, 0xff, 0xf3, 0x0a,
  0xfb, 0xf3, 0x0a, 0xfe, 0x13, 0x0b, 0xff, 0xf3, 0x0a, 0xe6, 0x33, 0x1b, 0x0a, 0x00, 0x00, 0x00,
  0x1f, 0x00, 0x01, 0x00, 0x00, 0x00, 0x00, 0x00, 0x00, 0x00, 0x00, 0x00, 0x00, 0x00, 0x00, 0xb5,
  0x02, 0x03, 0x00, 0x00, 0x00, 0x00, 0x00, 0x00, 0x55, 0x13, 0x0c, 0x13, 0x0b, 0x35, 0xf3, 0x0a,
  0x4e, 0xf3, 0x0a, 0x4b, 0x13, 0x13, 0x2d, 0xef, 0x02, 0x08, 0x00, 0x00, 0x00, 0xf3, 0x0a, 0xa8,
  0x34, 0x0b, 0xff, 0xf3, 0x0a, 0xfb, 0xf3, 0x0a, 0xfb, 0x34, 0x0b, 0xff, 0xf3, 0x0a, 0xa2, 0x00,
  0x00, 0x00, 0xef, 0x01, 0x04, 0xf7, 0x03, 0x04, 0x00, 0x00, 0x00, 0xf3, 0x0a, 0x8b, 0x34, 0x0b,
  0xff, 0xf3, 0x0a, 0xfb, 0xf3, 0x0a, 0xfc, 0x14, 0x0b, 0xff, 0xf3, 0x0a, 0xbd, 0x00, 0x00, 0x00,
  0xef, 0x03, 0x02, 0x00, 0x00, 0x00, 0x00, 0x00, 0x00, 0x00, 0x00, 0x00, 0xb5, 0x02, 0x03, 0x00,
  0x00, 0x00, 0x00, 0x00, 0x00, 0xf4, 0x0a, 0x1b, 0x13, 0x0b, 0x56, 0xf3, 0x0a, 0x7e, 0xf3, 0x0a,
  0x88, 0x13, 0x0b, 0x77, 0x13, 0x0b, 0x44, 0x0f, 0x00, 0x02, 0x00, 0x00, 0x00, 0xef, 0x03, 0x02,
  0x00, 0x00, 0x00, 0x00, 0x00, 0x00, 0x00, 0x00, 0x00, 0x00, 0x00, 0x00, 0x00, 0x00, 0x00, 0x00,
  0x00, 0x00, 0x4a, 0x55, 0x03, 0x00, 0x00, 0x00, 0x0a, 0x2d, 0xac, 0x6b, 0x35, 0xff, 0x0a, 0x2d,
  0xfb, 0x0a, 0x2d, 0xfb, 0x6b, 0x35, 0xff, 0x0a, 0x2d, 0x66, 0x00, 0x00, 0x00, 0xe7, 0x3d, 0x04,
  0x00, 0x00, 0x00, 0x00, 0x00, 0x00, 0x00, 0x00, 0x00, 0x00, 0x00, 0x00, 0x00, 0x00, 0x00, 0x00,
  0x00, 0x00, 0x00, 0x00, 0x00, 0x00, 0x00, 0x00, 0x00, 0x00, 0x01, 0xe0, 0x07, 0x01, 0xcc, 0x34,
  0x05, 0x0a, 0x2d, 0xde, 0x4a, 0x35, 0xff, 0x0a, 0x2d, 0xfd, 0x0a, 0x2d, 0xfb, 0x6b, 0x35, 0xff,
  0x0a, 0x2d, 0x61, 0x00, 0x00, 0x00, 0xcc, 0x34, 0x05, 0x00, 0x00, 0x00, 0x0a, 0x2d, 0x83, 0x4a,
  0x35, 0xfe, 0x6b, 0x35, 0xff, 0x0a, 0x2d, 0xff, 0x0a, 0x2d, 0xfb, 0x2a, 0x2d, 0xfd, 0x0a, 0x2d,
  0xd6, 0x0a, 0x2d, 0xce, 0x2a, 0x2d, 0xfe, 0x0a, 0x2d, 0xfb, 0x0a, 0x2d, 0xfe, 0x4a, 0x35, 0xff,
  0x6b, 0x35, 0xff, 0x2a, 0x2d, 0xac, 0xa9, 0x2c, 0x11, 0x00, 0x00, 0x00, 0xef, 0x03, 0x02, 0x00,
  0x00, 0x00, 0x00, 0x00, 0x00, 0x00, 0x00, 0x00, 0xef, 0x03, 0x02, 0x00, 0x00, 0x00, 0x00, 0x00,
  0x00, 0x00, 0x00, 0x00, 0x00, 0x00, 0x00, 0x4a, 0x55, 0x03, 0x00, 0x00, 0x00, 0xe0, 0x07, 0x01,
  0x00, 0x00, 0x01, 0x4a, 0x2d, 0x1b, 0x2a, 0x2d, 0x95, 0x4b, 0x35, 0xa8, 0x0a, 0x2d, 0x50, 0x2a,
  0x35, 0x39, 0x2a, 0x35, 0xd8, 0x8b, 0x35, 0xff, 0x4a, 0x35, 0xff, 0x0a, 0x2d, 0xff, 0x0a, 0x2d,
  0xfd, 0x0a, 0x2d, 0xfd, 0x2a, 0x2d, 0xff, 0x6b, 0x35, 0xff, 0x6b, 0x35, 0xff, 0x0a, 0x2d, 0x76,
  0x00, 0x00, 0x00, 0xcc, 0x34, 0x05, 0x00, 0x00, 0x00, 0x0a, 0x2d, 0x4f, 0x4a, 0x35, 0xfd, 0x6b,
  0x35, 0xff, 0x6b, 0x35, 0xff, 0x6b, 0x35, 0xff, 0x2a, 0x35, 0xff, 0x0a, 0x2d, 0xff, 0x0a, 0x2d,
  0xff, 0x0a, 0x2d, 0xff, 0x0a, 0x2d, 0xff, 0x4a, 0x35, 0xff, 0x4b, 0x35, 0xff, 0x4b, 0x35, 0xff,
  0x2a, 0x35, 0xff, 0x4a, 0x35, 0xea, 0x0a, 0x2d, 0x84, 0xef, 0x03, 0x02, 0xe0, 0x03, 0x02, 0x00,
  0x00, 0x00, 0x00, 0x00, 0x00, 0x00, 0x00, 0x00, 0x00, 0x00, 0x00, 0x00, 0x00, 0x00, 0x00, 0x00,
  0x00, 0x00, 0x00, 0x01, 0xb5, 0x02, 0x03, 0xb5, 0x02, 0x03, 0xf3, 0x0a, 0xa2, 0x34, 0x0b, 0xff,
  0x34, 0x0b, 0xff, 0x34, 0x0b, 0xff, 0x34, 0x0b, 0xff, 0x34, 0x0b, 0xff, 0x34, 0x0b, 0xff, 0x34,
  0x0b, 0xff, 0x13, 0x0b, 0xd7, 0x13, 0x0b, 0x57, 0x00, 0x00, 0x00, 0x00, 0x00, 0x00, 0x00, 0x00,
  0x00, 0x00, 0x00, 0x00, 0x00, 0x00, 0x00, 0xb5, 0x02, 0x03, 0x00, 0x00, 0x00, 0x00, 0x00, 0x00,
  0x00, 0x00, 0x00, 0x00, 0x00, 0x00, 0x00, 0x00, 0x00, 0x00, 0x00, 0x00, 0x00, 0x00, 0x00, 0x00,
  0x00, 0x00, 0xef, 0x03, 0x02, 0x00, 0x00, 0x00, 0xf3, 0x0a, 0xc0, 0x14, 0x0b, 0xff, 0xf3, 0x0a,
  0xfc, 0xf3, 0x0a, 0xfe, 0xf3, 0x0a, 0xff, 0xf3, 0x0a, 0xf1, 0xd3, 0x0a, 0x14, 0x00, 0x00, 0x00,
  0x1f, 0x00, 0x01, 0x00, 0x00, 0x00, 0x00, 0x00, 0x00, 0x00, 0x00, 0x00, 0x00, 0x00, 0x00, 0x00,
  0x00, 0x00, 0x00, 0x00, 0x00, 0x00, 0x00, 0x00, 0x00, 0x00, 0x00, 0x00, 0x00, 0x00, 0x00, 0x00,
  0x00, 0x00, 0x00, 0x00, 0xef, 0x01, 0x04, 0x00, 0x00, 0x00, 0xf2, 0x0a, 0x47, 0x14, 0x0b, 0xff,
  0xf3, 0x0a, 0xfd, 0xf3, 0x0a, 0xff, 0xf3, 0x0a, 0xfd, 0x13, 0x0b, 0xff, 0xf3, 0x0a, 0xe1, 0xf3,
  0x02, 0x08, 0x00, 0x00, 0x00, 0xef, 0x01, 0x04, 0x00, 0x00, 0x00, 0x00, 0x00, 0x00, 0xf3, 0x0a,
  0x31, 0x13, 0x0b, 0x8b, 0xf3, 0x0a, 0xd0, 0xf3, 0x0a, 0xe8, 0xf3, 0x0a, 0xeb, 0x13, 0x0b, 0xcc,
  0x13, 0x0b, 0x6a, 0x13, 0x13, 0x0d, 0x00, 0x00, 0x00, 0x12, 0x13, 0x1d, 0x14, 0x0b, 0x6e, 0xf3,
  0x0a, 0x4e, 0x00, 0x00, 0x00, 0x00, 0x00, 0x01, 0x00, 0x00, 0x01, 0x00, 0x00, 0x00, 0x00, 0x00,
  0x00, 0x00, 0x00, 0x00, 0x00, 0x00, 0x00, 0xb5, 0x02, 0x03, 0x00, 0x00, 0x00, 0xd2, 0x0a, 0x11,
  0x13, 0x0b, 0x82, 0x13, 0x0b, 0xdf, 0x13, 0x0b, 0xff, 0x34, 0x0b, 0xff, 0x34, 0x0b, 0xff, 0x14,
  0x0b, 0xff, 0x13, 0x0b, 0xeb, 0xf3, 0x0a, 0x8f, 0xf3, 0x0a, 0x9d, 0x14, 0x0b, 0xff, 0xf3, 0x0a,
  0xfc, 0xf3, 0x0a, 0xfc, 0x14, 0x0b, 0xff, 0xf3, 0x0a, 0xbb, 0x00, 0x00, 0x00, 0xef, 0x03, 0x02,
  0x00, 0x00, 0x00, 0x00, 0x00, 0x00, 0x00, 0x00, 0x00, 0x00, 0x00, 0x00, 0xb5, 0x02, 0x03, 0x00,
  0x00, 0x00, 0xf3, 0x0a, 0x21, 0x13, 0x0b, 0x93, 0x13, 0x0b, 0xe3, 0x13, 0x0b, 0xff, 0x14, 0x0b,
  0xff, 0x14, 0x0b, 0xff, 0xf3, 0x0a, 0xff, 0xf3, 0x0a, 0xda, 0xf3, 0x0a, 0x81, 0xf3, 0x0a, 0xd8,
  0x13, 0x0b, 0xff, 0xf3, 0x0a, 0xfd, 0xf3, 0x0a, 0xfb, 0x34, 0x0b, 0xff, 0xf3, 0x0a, 0x76, 0x00,
  0x00, 0x00, 0xf7, 0x03, 0x04, 0xef, 0x03, 0x02, 0x00, 0x00, 0x00, 0xf3, 0x0a, 0xba, 0x14, 0x0b,
  0xff, 0xf3, 0x0a, 0xfc, 0xf3, 0x0a, 0xfb, 0x34, 0x0b, 0xff, 0xf3, 0x0a, 0x8b, 0x00, 0x00, 0x00,
  0xf7, 0x03, 0x04, 0x00, 0x00, 0x00, 0x00, 0x00, 0x00, 0xb5, 0x02, 0x03, 0x00, 0x00, 0x00, 0xf2,
  0x0a, 0x21, 0x13, 0x0b, 0x9e, 0x13, 0x0b, 0xf1, 0x34, 0x0b, 0xff, 0x34, 0x0b, 0xff, 0x34, 0x0b,
  0xff, 0x34, 0x0b, 0xff, 0x14, 0x0b, 0xff, 0x13, 0x0b, 0xce, 0xd2, 0x0a, 0x3b, 0x00, 0x00, 0x00,
  0xef, 0x03, 0x02, 0x00, 0x00, 0x00, 0x00, 0x00, 0x00, 0x00, 0x00, 0x00, 0x00, 0x00, 0x00, 0x00,
  0x00, 0x00, 0xef, 0x07, 0x02, 0x00, 0x00, 0x00, 0x0a, 0x2d, 0xb9, 0x6b, 0x35, 0xff, 0x0a, 0x2d,
  0xfc, 0x0a, 0x2d, 0xfc, 0x6b, 0x35, 0xff, 0x0a, 0x2d, 0x4d, 0x00, 0x00, 0x00, 0x4a, 0x55, 0x03,
  0x00, 0x00, 0x00, 0x00, 0x00, 0x00, 0x00, 0x00, 0x00, 0x00, 0x00, 0x00, 0x00, 0x00, 0x00, 0x00,
  0x00, 0x00, 0x00, 0x00, 0x00, 0x00, 0x00, 0x00, 0xe7, 0x3b, 0x04, 0x00, 0x00, 0x00, 0x2a, 0x35,
  0x4f, 0x6b, 0x35, 0xff, 0x0a, 0x2d, 0xfc, 0x0a, 0x2d, 0xfe, 0x0a, 0x2d, 0xfe, 0x2a, 0x2d, 0xfd,
  0x0a, 0x35, 0x2a, 0xe0, 0x07, 0x01, 0x00, 0x00, 0x00, 0x2a, 0x2d, 0xa1, 0x8b, 0x35, 0xff, 0x0a,
  0x2d, 0xfd, 0x0a, 0x2d, 0xfb, 0x0a, 0x2d, 0xfd, 0x2a, 0x35, 0xfe, 0x2a, 0x2d, 0xe7, 0x00, 0x00,
  0x00, 0x00, 0x00, 0x00, 0x0a, 0x2d, 0xbb, 0x6b, 0x35, 0xff, 0x0a, 0x2d, 0xfc, 0x0a, 0x2d, 0xfc,
  0x0a, 0x2d, 0xfb, 0x8b, 0x35, 0xff, 0x2a, 0x35, 0xcf, 0xea, 0x34, 0x15, 0x00, 0x00, 0x00, 0xe0,
  0x03, 0x02, 0x00, 0x00, 0x00, 0xe0, 0x07, 0x01, 0x00, 0x00, 0x00, 0x0a, 0x2d, 0x21, 0x2a, 0x35,
  0x8a, 0x4a, 0x35, 0x90, 0xea, 0x34, 0x35, 0x00, 0x00, 0x00, 0xe0, 0x07, 0x01, 0xef, 0x03, 0x02,
  0x00, 0x00, 0x00, 0x0a, 0x2d, 0xb9, 0xab, 0x35, 0xff, 0x6b, 0x35, 0xff, 0x4a, 0x35, 0xff, 0x0a,
  0x2d, 0xff, 0x4a, 0x35, 0xff, 0x0a, 0x2d, 0xfb, 0x0a, 0x2d, 0xfd, 0x0a, 0x2d, 0xfc, 0x0a, 0x2d,
  0xfb, 0x0a, 0x2d, 0xfd, 0x0a, 0x2d, 0xfe, 0x0a, 0x2d, 0xfb, 0x0a, 0x2d, 0xfc, 0x6b, 0x35, 0xff,
  0x0a, 0x2d, 0x48, 0x00, 0x00, 0x00, 0x00, 0x00, 0x00, 0x0a, 0x2d, 0xcf, 0x4b, 0x35, 0xfd, 0x0a,
  0x2d, 0xf8, 0x0a, 0x2d, 0xfb, 0x0a, 0x2d, 0xfb, 0x0a, 0x2d, 0xfe, 0x0a, 0x2d, 0xff, 0x0a, 0x2d,
  0xff, 0x0a, 0x2d, 0xff, 0x0a, 0x2d, 0xff, 0x0a, 0x2d, 0xfe, 0x0a, 0x2d, 0xfc, 0x0a, 0x2d, 0xfd,
  0x0a, 0x2d, 0xfe, 0x2a, 0x35, 0xff, 0x8b, 0x35, 0xff, 0x0a, 0x2d, 0x43, 0x00, 0x00, 0x00, 0x4a,
  0x55, 0x03, 0x00, 0x00, 0x00, 0x00, 0x00, 0x00, 0x00, 0x00, 0x00, 0x00, 0x00, 0x00, 0x00, 0x00,
  0x00, 0xb5, 0x02, 0x03, 0x00, 0x00, 0x00, 0xf3, 0x0a, 0x87, 0x34, 0x0b, 0xff, 0x13, 0x0b, 0xff,
  0xf3, 0x0a, 0xf0, 0xf3, 0x0a, 0x87, 0xf3, 0x0a, 0x63, 0xf3, 0x0a, 0x89, 0xf3, 0x0a, 0xce, 0x13,
  0x0b, 0xff, 0x34, 0x0b, 0xff, 0x14, 0x0b, 0xff, 0x13, 0x0b, 0xb6, 0xf3, 0x12, 0x2e, 0x00, 0x00,
  0x00, 0x33, 0x03, 0x05, 0x1f, 0x00, 0x01, 0x00, 0x00, 0x00, 0x00, 0x00, 0x00, 0x00, 0x00, 0x00,
  0x00, 0x00, 0x00, 0x1f, 0x00, 0x01, 0xef, 0x01, 0x04, 0xb5, 0x02, 0x03, 0x1f, 0x00, 0x01, 0x00,
  0x00, 0x01, 0x00, 0x00, 0x00, 0xb5, 0x02, 0x03, 0xf3, 0x0a, 0xda, 0x13, 0x0b, 0xff, 0xf3, 0x0a,
  0xfd, 0xf3, 0x0a, 0xfd, 0x13, 0x0b, 0xff, 0xf3, 0x0a, 0xdb, 0xb5, 0x02, 0x03, 0x00, 0x00, 0x00,
  0x00, 0x00, 0x01, 0x00, 0x00, 0x00, 0x00, 0x00, 0x00, 0x00, 0x00, 0x00, 0x00, 0x00, 0x00, 0x00,
  0x00, 0x00, 0x00, 0x00, 0x00, 0x00, 0x00, 0x00, 0x00, 0x00, 0x00, 0x00, 0x00, 0x00, 0x00, 0x00,
  0x00, 0xef, 0x03, 0x02, 0x1f, 0x00, 0x01, 0xd2, 0x12, 0x0e, 0xf3, 0x0a, 0xde, 0x13, 0x0b, 0xfe,
  0xf3, 0x0a, 0xfd, 0xf3, 0x0a, 0xff, 0xf3, 0x0a, 0xfb, 0x34, 0x0b, 0xff, 0xf3, 0x0a, 0x89, 0x00,
  0x00, 0x00, 0x72, 0x03, 0x07, 0x00, 0x00, 0x00, 0xd2, 0x12, 0x1f, 0x13, 0x0b, 0xa6, 0x13, 0x0b,
  0xfd, 0x34, 0x0b, 0xff, 0x14, 0x0b, 0xff, 0x13, 0x0b, 0xff, 0x13, 0x0b, 0xff, 0x14, 0x0b, 0xff,
  0x34, 0x0b, 0xff, 0xf3, 0x0a, 0xdd, 0xf3, 0x0a, 0xa7, 0xf3, 0x0a, 0xec, 0x34, 0x0b, 0xff, 0x34,
  0x0b, 0xff, 0xf3, 0x0a, 0x98, 0x00, 0x00, 0x01, 0xef, 0x03, 0x02, 0x00, 0x00, 0x00, 0x00, 0x00,
  0x00, 0x00, 0x00, 0x00, 0xef, 0x01, 0x04, 0x00, 0x00, 0x00, 0xf3, 0x0a, 0x41, 0x13, 0x0b, 0xdd,
  0x34, 0x0b, 0xff, 0x13, 0x0b, 0xff, 0xf3, 0x0a, 0xfe, 0xf3, 0x0a, 0xfc, 0xf3, 0x0a, 0xfb, 0xf3,
  0x0a, 0xfd, 0x13, 0x0b, 0xff, 0x34, 0x0b, 0xff, 0x13, 0x0b, 0xff, 0xf3, 0x0a, 0xff, 0xf3, 0x0a,
  0xff, 0xf3, 0x0a, 0xfb, 0x34, 0x0b, 0xff, 0xf3, 0x0a, 0x88, 0x00, 0x00, 0x00, 0xf7, 0x03, 0x04,
  0x00, 0x00, 0x00, 0x00, 0x00, 0x00, 0x00, 0x00, 0x00, 0xb5, 0x02, 0x03, 0x00, 0x00, 0x00, 0xf3,
  0x0a, 0x64, 0x13, 0x0b, 0xef, 0x34, 0x0b, 0xff, 0x13, 0x0b, 0xff, 0xf3, 0x0a, 0xfe, 0xf3, 0x0a,
  0xfc, 0xf3, 0x0a, 0xfc, 0xf3, 0x0a, 0xff, 0x13, 0x0b, 0xff, 0x34, 0x0b, 0xff, 0xf3, 0x0a, 0xff,
  0xf3, 0x0a, 0xff, 0xf3, 0x0a, 0xff, 0xf3, 0x0a, 0xfc, 0x14, 0x0b, 0xff, 0xf3, 0x0a, 0x4f, 0x00,
  0x00, 0x00, 0xf7, 0x03, 0x04, 0x00, 0x00, 0x00, 0x72, 0x03, 0x07, 0xf3, 0x0a, 0xe1, 0x13, 0x0b,
  0xff, 0xf3, 0x0a, 0xfd, 0xf3, 0x0a, 0xfc, 0x34, 0x0b, 0xff, 0xf3, 0x0a, 0x58, 0x00, 0x00, 0x00,
  0xef, 0x01, 0x04, 0x00, 0x00, 0x00, 0xef, 0x01, 0x04, 0x00, 0x00, 0x00, 0xf3, 0x0a, 0x54, 0x13,
  0x0b, 0xee, 0x34, 0x0b, 0xff, 0xf3, 0x0a, 0xff, 0xf3, 0x0a, 0xfc, 0xf3, 0x0a, 0xfb, 0xf3, 0x0a,
  0xfb, 0xf3, 0x0a, 0xfb, 0xf3, 0x0a, 0xfc, 0x14, 0x0b, 0xff, 0x13, 0x0b, 0xf8, 0xd3, 0x0a, 0x3d,
  0x00, 0x00, 0x00, 0xaa, 0x02, 0x03, 0x00, 0x00, 0x00, 0x00, 0x00, 0x00, 0x00, 0x00, 0x00, 0x00,
  0x00, 0x00, 0xef, 0x03, 0x02, 0x00, 0x00, 0x00, 0x0a, 0x2d, 0xbf, 0x6b, 0x35, 0xff, 0x0a, 0x2d,
  0xfc, 0x0a, 0x2d, 0xfd, 0x4a, 0x35, 0xff, 0x2a, 0x2d, 0x41, 0x00, 0x00, 0x00, 0x4a, 0x55, 0x03,
  0x00, 0x00, 0x00, 0x00, 0x00, 0x00, 0x00, 0x00, 0x00, 0x00, 0x00, 0x00, 0x00, 0x00, 0x00, 0x00,
  0x00, 0x00, 0x00, 0x00, 0x00, 0xe0, 0x07, 0x01, 0x4a, 0x55, 0x03, 0xe7, 0x3d, 0x04, 0x2a, 0x2d,
  0xd3, 0x4a, 0x35, 0xfe, 0x0a, 0x2d, 0xfc, 0x0a, 0x2d, 0xfc, 0x4b, 0x35, 0xfe, 0x0a, 0x2d, 0xce,
  0x4a, 0x55, 0x03, 0x00, 0x00, 0x00, 0x0a, 0x2d, 0x8c, 0x8b, 0x35, 0xff, 0x0a, 0x2d, 0xf9, 0x0a,
  0x2d, 0xfc, 0x0a, 0x2d, 0xfe, 0x0a, 0x2d, 0xfd, 0x2a, 0x2d, 0xfe, 0x2a, 0x35, 0xf7, 0x0a, 0x2d,
  0x7d, 0x0a, 0x35, 0x54, 0x2a, 0x2d, 0xe1, 0x2a, 0x35, 0xff, 0x0a, 0x2d, 0xfd, 0x0a, 0x2d, 0xfd,
  0x0a, 0x2d, 0xfc, 0x0a, 0x2d, 0xf9, 0x6b, 0x35, 0xff, 0x0a, 0x2d, 0xc4, 0xcc, 0x34, 0x05, 0x4a,
  0x55, 0x03, 0x4a, 0x05, 0x03, 0x00, 0x00, 0x01, 0x0a, 0x35, 0x23, 0x2a, 0x2d, 0xea, 0x8b, 0x35,
  0xff, 0x6b, 0x35, 0xff, 0x2a, 0x35, 0xf9, 0x0a, 0x2d, 0x31, 0x00, 0x00, 0x01, 0x00, 0x00, 0x00,
  0xe9, 0x24, 0x0d, 0x0a, 0x2d, 0xec, 0x2a, 0x2d, 0xfb, 0x0a, 0x2d, 0xfa, 0x0a, 0x2d, 0xfd, 0x0a,
  0x2d, 0xff, 0x0a, 0x2d, 0xfd, 0x0a, 0x2d, 0xff, 0x0a, 0x2d, 0xfd, 0x4a, 0x35, 0xff, 0x6b, 0x35,
  0xff, 0x4a, 0x35, 0xff, 0x0a, 0x2d, 0xfe, 0x0a, 0x2d, 0xff, 0x0a, 0x2d, 0xfc, 0x4b, 0x35, 0xfe,
  0x0a, 0x2d, 0xcb, 0x4a, 0x55, 0x03, 0x00, 0x00, 0x00, 0x2a, 0x2d, 0xab, 0x8b, 0x35, 0xff, 0x0a,
  0x2d, 0xfb, 0x0a, 0x2d, 0xfb, 0x0a, 0x2d, 0xfc, 0x0a, 0x2d, 0xff, 0x0a, 0x2d, 0xff, 0x0a, 0x2d,
  0xff, 0x0a, 0x2d, 0xff, 0x0a, 0x2d, 0xfe, 0x0a, 0x2d, 0xfc, 0x0a, 0x2d, 0xfd, 0x0a, 0x2d, 0xfd,
  0x0a, 0x2d, 0xfd, 0x0a, 0x2d, 0xf6, 0x6b, 0x35, 0xfd, 0x0a, 0x2d, 0x68, 0x00, 0x00, 0x00, 0xe7,
  0x3d, 0x04, 0x00, 0x00, 0x00, 0x00, 0x00, 0x00, 0x00, 0x00, 0x00, 0x00, 0x00, 0x00, 0xaa, 0x02,
  0x03, 0x00, 0x00, 0x00, 0x13, 0x13, 0x2d, 0xf3, 0x0a, 0xfb, 0x14, 0x0b, 0xff, 0x13, 0x0b, 0xd9,
  0xf2, 0x0a, 0x2c, 0x00, 0x00, 0x00, 0x00, 0x00, 0x00, 0x00, 0x00, 0x00, 0xff, 0x07, 0x01, 0xf3,
  0x0a, 0x4e, 0xf3, 0x0a, 0xca, 0x14, 0x0b, 0xff, 0x34, 0x0b, 0xff, 0x13, 0x0b, 0xf4, 0xf3, 0x0a,
  0x70, 0x00, 0x00, 0x00, 0x1f, 0x00, 0x01, 0x00, 0x00, 0x01, 0x00, 0x00, 0x00, 0x00, 0x00, 0x00,
  0xef, 0x03, 0x02, 0x00, 0x00, 0x00, 0x00, 0x00, 0x00, 0x00, 0x00, 0x00, 0x00, 0x00, 0x00, 0x33,
  0x03, 0x05, 0xef, 0x03, 0x02, 0x13, 0x0b, 0x12, 0xf3, 0x0a, 0xee, 0x13, 0x0b, 0xff, 0xf3, 0x0a,
  0xfe, 0xf3, 0x0a, 0xfc, 0x14, 0x0b, 0xff, 0xf3, 0x0a, 0xc8, 0x00, 0x00, 0x00, 0x1f, 0x00, 0x01,
  0x00, 0x00, 0x00, 0x00, 0x00, 0x00, 0x00, 0x00, 0x00, 0x00, 0x00, 0x00, 0x00, 0x00, 0x00, 0x00,
  0x00, 0x00, 0x00, 0x00, 0x00, 0x00, 0x00, 0x00, 0x00, 0x00, 0x00, 0x00, 0x00, 0x00, 0xb5, 0x02,
  0x03, 0x1f, 0x00, 0x01, 0x00, 0x00, 0x00, 0xf3, 0x0a, 0xb3, 0x34, 0x0b, 0xff, 0xf3, 0x0a, 0xfc,
  0xf3, 0x0a, 0xff, 0xf3, 0x0a, 0xfe, 0xf3, 0x0a, 0xfd, 0x13, 0x0b, 0xf7, 0xf3, 0x0a, 0x20, 0xef,
  0x03, 0x02, 0x00, 0x00, 0x00, 0xd2, 0x0a, 0x49, 0x13, 0x0b, 0xea, 0x34, 0x0b, 0xff, 0xf3, 0x0a,
  0xfe, 0xf3, 0x0a, 0xfb, 0xf3, 0x0a, 0xfd, 0xf3, 0x0a, 0xfe, 0xf3, 0x0a, 0xfe, 0xf3, 0x0a, 0xfd,
  0xf3, 0x0a, 0xfc, 0x13, 0x0b, 0xff, 0x34, 0x0b, 0xff, 0x13, 0x0b, 0xff, 0xf3, 0x0a, 0xfa, 0xf3,
  0x0a, 0xfd, 0x13, 0x0b, 0xff, 0xf3, 0x0a, 0x24, 0x00, 0x00, 0x00, 0xef, 0x03, 0x02, 0x00, 0x00,
  0x00, 0xb5, 0x02, 0x03, 0x00, 0x00, 0x00, 0xf2, 0x0a, 0x54, 0x13, 0x0b, 0xfc, 0x13, 0x0b, 0xff,
  0xf3, 0x0a, 0xfa, 0xf3, 0x0a, 0xfd, 0xf3, 0x0a, 0xff, 0xf3, 0x0a, 0xfd, 0xf3, 0x0a, 0xfd, 0xf3,
  0x0a, 0xfe, 0xf3, 0x0a, 0xfe, 0xf3, 0x0a, 0xfb, 0xf3, 0x0a, 0xfe, 0xf3, 0x0a, 0xff, 0xf3, 0x0a,
  0xff, 0xf3, 0x0a, 0xfc, 0x34, 0x0b, 0xff, 0xf3, 0x0a, 0x55, 0x00, 0x00, 0x00, 0xef, 0x01, 0x04,
  0x00, 0x00, 0x00, 0x00, 0x00, 0x00, 0xef, 0x01, 0x04, 0x00, 0x00, 0x00, 0xf3, 0x0a, 0x85, 0x34,
  0x0b, 0xff, 0xf3, 0x0a, 0xff, 0xf3, 0x0a, 0xfb, 0xf3, 0x0a, 0xfe, 0xf3, 0x0a, 0xfe, 0xf3, 0x0a,
  0xfd, 0xf3, 0x0a, 0xfd, 0xf3, 0x0a, 0xfe, 0xf3, 0x0a, 0xfd, 0xf3, 0x0a, 0xfb, 0xf3, 0x0a, 0xfe,
  0xf3, 0x0a, 0xff, 0xf3, 0x0a, 0xff, 0xf3, 0x0a, 0xff, 0xf3, 0x0a, 0xfd, 0xf3, 0x0a, 0x2b, 0x00,
  0x00, 0x00, 0xef, 0x03, 0x04, 0x00, 0x00, 0x00, 0xd2, 0x0a, 0x25, 0xf3, 0x0a, 0xfc, 0xf3, 0x0a,
  0xff, 0xf3, 0x0a, 0xfe, 0xf3, 0x0a, 0xfe, 0xf3, 0x0a, 0xfe, 0x13, 0x0b, 0x2d, 0x00, 0x00, 0x00,
  0xef, 0x03, 0x02, 0xb5, 0x02, 0x03, 0x00, 0x00, 0x00, 0xf3, 0x0a, 0x61, 0x14, 0x0b, 0xff, 0x13,
  0x0b, 0xff, 0xf3, 0x0a, 0xfb, 0xf3, 0x0a, 0xfe, 0xf3, 0x0a, 0xfd, 0xf3, 0x0a, 0xfb, 0xf3, 0x0a,
  0xfb, 0xf3, 0x0a, 0xfd, 0xf3, 0x0a, 0xff, 0xf3, 0x0a, 0xfa, 0x14, 0x0b, 0xff, 0xf3, 0x0a, 0xde,
  0xf4, 0x12, 0x0b, 0x1f, 0x00, 0x01, 0x00, 0x00, 0x01, 0x00, 0x00, 0x00, 0x00, 0x00, 0x00, 0x00,
  0x00, 0x00, 0xef, 0x03, 0x02, 0x00, 0x00, 0x00, 0x0a, 0x2d, 0xbd, 0x6b, 0x35, 0xff, 0x0a, 0x2d,
  0xfc, 0x0a, 0x2d, 0xfd, 0x4a, 0x35, 0xff, 0x0a, 0x35, 0x3f, 0x00, 0x00, 0x00, 0x4a, 0x55, 0x03,
  0x00, 0x00, 0x00, 0x00, 0x00, 0x00, 0x00, 0x00, 0x00, 0x00, 0x00, 0x00, 0x00, 0x00, 0x00, 0x00,
  0x00, 0x00, 0xe0, 0x07, 0x01, 0xe7, 0x3d, 0x04, 0x00, 0x00, 0x00, 0x0a, 0x2d, 0x91, 0x6b, 0x35,
  0xff, 0x0a, 0x2d, 0xfc, 0x0a, 0x2d, 0xff, 0x0a, 0x2d, 0xfb, 0x6b, 0x35, 0xff, 0x2a, 0x2d, 0x6e,
  0x00, 0x00, 0x00, 0x0a, 0x35, 0x45, 0x4b, 0x35, 0xff, 0x2a, 0x2d, 0xfa, 0x0a, 0x2d, 0xff, 0x4a,
  0x35, 0xff, 0x2a, 0x35, 0xff, 0x4a, 0x35, 0xff, 0x0a, 0x2d, 0xff, 0x2a, 0x2d, 0xff, 0x6b, 0x35,
  0xff, 0x6b, 0x35, 0xff, 0x2a, 0x35, 0xff, 0x0a, 0x2d, 0xff, 0x2a, 0x35, 0xff, 0x4a, 0x35, 0xff,
  0x4b, 0x35, 0xff, 0x2a, 0x35, 0xff, 0x0a, 0x2d, 0xfa, 0x8b, 0x35, 0xff, 0x0a, 0x2d, 0x80, 0x00,
  0x00, 0x00, 0xeb, 0x1c, 0x08, 0x00, 0x00, 0x00, 0x0a, 0x2d, 0x6c, 0x8b, 0x35, 0xff, 0x0a, 0x2d,
  0xf7, 0x0a, 0x2d, 0xf7, 0x6b, 0x35, 0xff, 0x2a, 0x2d, 0x68, 0x00, 0x00, 0x00, 0x00, 0x00, 0x00,
  0xea, 0x2c, 0x28, 0x0a, 0x2d, 0xfc, 0x0a, 0x2d, 0xff, 0x0a, 0x2d, 0xff, 0x0a, 0x2d, 0xff, 0x0a,
  0x2d, 0xff, 0x0a, 0x2d, 0xff, 0x2a, 0x2d, 0xff, 0x6b, 0x35, 0xff, 0x0a, 0x2d, 0xd3, 0x0a, 0x2d,
  0xa2, 0x0a, 0x2d, 0xdb, 0x4b, 0x35, 0xff, 0x0a, 0x2d, 0xfe, 0x0a, 0x2d, 0xff, 0x0a, 0x2d, 0xfe,
  0x2a, 0x35, 0xfe, 0x2a, 0x2d, 0x2d, 0x00, 0x00, 0x00, 0x2b, 0x35, 0x1a, 0x2a, 0x35, 0xbe, 0x4b,
  0x35, 0xff, 0x6b, 0x35, 0xff, 0x6b, 0x35, 0xff, 0x0a, 0x2d, 0xff, 0x0a, 0x2d, 0xff, 0x0a, 0x2d,
  0xff, 0x0a, 0x2d, 0xff, 0x2a, 0x35, 0xff, 0x4b, 0x35, 0xff, 0x4a, 0x35, 0xff, 0x4a, 0x35, 0xff,
  0x4a, 0x35, 0xff, 0x6b, 0x35, 0xff, 0x2a, 0x2d, 0xfb, 0x0a, 0x35, 0x2a, 0x00, 0x00, 0x00, 0xef,
  0x03, 0x02, 0x00, 0x00, 0x00, 0x00, 0x00, 0x00, 0x00, 0x00, 0x00, 0x00, 0x00, 0x00, 0xb5, 0x02,
  0x03, 0x00, 0x00, 0x00, 0xf3, 0x0a, 0xbf, 0x34, 0x0b, 0xff, 0x13, 0x0b, 0xe7, 0xb2, 0x0a, 0x20,
  0x00, 0x00, 0x00, 0x33, 0x03, 0x05, 0xef, 0x01, 0x04, 0xef, 0x01, 0x04, 0x00, 0x00, 0x00, 0x00,
  0x00, 0x00, 0xef, 0x01, 0x04, 0xf3, 0x0a, 0x7b, 0x13, 0x0b, 0xf7, 0x14, 0x0b, 0xff, 0x34, 0x0b,
  0xff, 0xf3, 0x0a, 0x9e, 0xef, 0x03, 0x02, 0xef, 0x03, 0x02, 0x00, 0x00, 0x01, 0x00, 0x00, 0x00,
  0x00, 0x00, 0x00, 0xb1, 0x0a, 0x12, 0x13, 0x0b, 0x53, 0x13, 0x0b, 0x4a, 0xf2, 0x0a, 0x13, 0x00,
  0x00, 0x00, 0x00, 0x00, 0x00, 0xd2, 0x0a, 0x27, 0xf3, 0x0a, 0xfc, 0xf3, 0x0a, 0xff, 0xf3, 0x0a,
  0xfe, 0xf3, 0x0a, 0xfc, 0x14, 0x0b, 0xff, 0xf3, 0x0a, 0xb8, 0x00, 0x00, 0x00, 0xb5, 0x02, 0x03,
  0x00, 0x00, 0x00, 0x00, 0x00, 0x00, 0x00, 0x00, 0x00, 0x00, 0x00, 0x00, 0x00, 0x00, 0x00, 0x00,
  0x00, 0x00, 0x00, 0x00, 0x00, 0x00, 0x00, 0x00, 0xef, 0x03, 0x02, 0xf7, 0x03, 0x04, 0x00, 0x00,
  0x00, 0x8c, 0x01, 0x05, 0xf3, 0x0a, 0xa6, 0x34, 0x0b, 0xff, 0xf3, 0x0a, 0xfc, 0xf3, 0x0a, 0xff,
  0xf3, 0x0a, 0xff, 0xf3, 0x0a, 0xfb, 0x34, 0x0b, 0xff, 0xf3, 0x0a, 0x8f, 0x00, 0x00, 0x00, 0x00,
  0x00, 0x00, 0xf2, 0x0a, 0x4f, 0x13, 0x0b, 0xfd, 0x13, 0x0b, 0xff, 0xf3, 0x0a, 0xfb, 0xf3, 0x0a,
  0xff, 0xf3, 0x0a, 0xfe, 0xf3, 0x0a, 0xfb, 0xf3, 0x0a, 0xfc, 0xf3, 0x0a, 0xfb, 0xf3, 0x0a, 0xfc,
  0xf3, 0x0a, 0xff, 0xf3, 0x0a, 0xfd, 0xf3, 0x0a, 0xfb, 0xf3, 0x0a, 0xfe, 0xf3, 0x0a, 0xff, 0xf3,
  0x0a, 0xff, 0xf3, 0x0a, 0xfe, 0xf2, 0x12, 0x2f, 0x00, 0x00, 0x00, 0xef, 0x03, 0x02, 0xb5, 0x02,
  0x03, 0x00, 0x00, 0x00, 0xf3, 0x0a, 0x41, 0x13, 0x0b, 0xfc, 0xf3, 0x0a, 0xfe, 0xf3, 0x0a, 0xfc,
  0xf3, 0x0a, 0xff, 0xf3, 0x0a, 0xfe, 0xf3, 0x0a, 0xfc, 0x13, 0x0b, 0xff, 0x14, 0x0b, 0xff, 0xf3,
  0x0a, 0xff, 0xf3, 0x0a, 0xfd, 0xf3, 0x0a, 0xff, 0xf3, 0x0a, 0xff, 0xf3, 0x0a, 0xff, 0xf3, 0x0a,
  0xff, 0xf3, 0x0a, 0xff, 0xf3, 0x0a, 0xfd, 0xf3, 0x0a, 0x28, 0x00, 0x00, 0x00, 0xef, 0x03, 0x02,
  0x00, 0x00, 0x00, 0xb5, 0x02, 0x03, 0x00, 0x00, 0x00, 0xf3, 0x0a, 0x77, 0x34, 0x0b, 0xff, 0xf3,
  0x0a, 0xfb, 0xf3, 0x0a, 0xfe, 0xf3, 0x0a, 0xff, 0xf3, 0x0a, 0xfd, 0xf3, 0x0a, 0xfe, 0x14, 0x0b,
  0xff, 0x13, 0x0b, 0xff, 0xf3, 0x0a, 0xfe, 0xf3, 0x0a, 0xfe, 0xf3, 0x0a, 0xff, 0xf3, 0x0a, 0xff,
  0xf3, 0x0a, 0xff, 0xf3, 0x0a, 0xfd, 0x13, 0x0b, 0xff, 0xf3, 0x0a, 0xe6, 0x33, 0x03, 0x0a, 0x00,
  0x00, 0x00, 0xf7, 0x03, 0x04, 0x00, 0x00, 0x00, 0xf3, 0x0a, 0x4c, 0x14, 0x0b, 0xff, 0xf3, 0x0a,
  0xfc, 0xf3, 0x0a, 0xfe, 0x13, 0x0b, 0xff, 0xf3, 0x0a, 0xe9, 0xb2, 0x12, 0x0c, 0x00, 0x00, 0x00,
  0xef, 0x01, 0x04, 0x00, 0x00, 0x00, 0xf3, 0x0a, 0x41, 0x14, 0x0b, 0xff, 0xf3, 0x0a, 0xfc, 0xf3,
  0x0a, 0xfd, 0xf3, 0x0a, 0xff, 0xf3, 0x0a, 0xfc, 0x13, 0x0b, 0xff, 0x34, 0x0b, 0xff, 0x34, 0x0b,
  0xff, 0x13, 0x0b, 0xff, 0xf3, 0x0a, 0xff, 0xf3, 0x0a, 0xff, 0xf3, 0x0a, 0xfb, 0x34, 0x0b, 0xff,
  0xf3, 0x0a, 0x5e, 0x00, 0x00, 0x00, 0xef, 0x01, 0x04, 0x00, 0x00, 0x00, 0x00, 0x00, 0x00, 0x00,
  0x00, 0x00, 0x4a, 0x05, 0x03, 0x00, 0x00, 0x00, 0x0a, 0x2d, 0xb6, 0x6b, 0x35, 0xff, 0x0a, 0x2d,
  0xfc, 0x0a, 0x2d, 0xfd, 0x4b, 0x35, 0xff, 0x0a, 0x35, 0x45, 0x00, 0x00, 0x00, 0x4a, 0x55, 0x03,
  0x00, 0x00, 0x00, 0x00, 0x00, 0x00, 0x00, 0x00, 0x00, 0x00, 0x00, 0x00, 0x00, 0x00, 0x00, 0x4a,
  0x55, 0x03, 0xe0, 0x07, 0x01, 0x00, 0x00, 0x00, 0x2a, 0x2d, 0x7a, 0x6b, 0x35, 0xff, 0x0a, 0x2d,
  0xfb, 0x0a, 0x2d, 0xff, 0x0a, 0x2d, 0xfd, 0x2a, 0x35, 0xfe, 0x0a, 0x2d, 0xe4, 0x0b, 0x35, 0x0e,
  0x4a, 0x05, 0x03, 0x0a, 0x2d, 0xcc, 0x4b, 0x35, 0xff, 0x0a, 0x2d, 0xfa, 0x4a, 0x35, 0xff, 0x0a,
  0x2d, 0x8e, 0x0a, 0x2d, 0x39, 0x0a, 0x2d, 0xcf, 0x4a, 0x35, 0xff, 0x0a, 0x2d, 0xfd, 0x0a, 0x2d,
  0xfc, 0x0a, 0x2d, 0xfc, 0x0a, 0x2d, 0xfd, 0x2a, 0x2d, 0xfe, 0x2a, 0x35, 0xf4, 0x0a, 0x2d, 0x51,
  0x0a, 0x2d, 0x56, 0x2a, 0x2d, 0xe7, 0x2a, 0x35, 0xfd, 0x2a, 0x2d, 0xfc, 0x2a, 0x2d, 0xf5, 0x0a,
  0x2d, 0x1c, 0xe0, 0x07, 0x01, 0x00, 0x00, 0x00, 0x0a, 0x2d, 0x89, 0x6b, 0x35, 0xfe, 0x0a, 0x2d,
  0xfb, 0x0a, 0x2d, 0xfb, 0x6b, 0x35, 0xfe, 0x0a, 0x2d, 0x6f, 0x00, 0x00, 0x00, 0x00, 0x00, 0x00,
  0x0a, 0x2d, 0x42, 0x4a, 0x35, 0xff, 0x0a, 0x2d, 0xfd, 0x0a, 0x2d, 0xff, 0x0a, 0x2d, 0xff, 0x0a,
  0x2d, 0xfe, 0x2a, 0x2d, 0xfd, 0x2a, 0x35, 0xfd, 0x2a, 0x35, 0x6e, 0x4a, 0x55, 0x03, 0x00, 0x00,
  0x00, 0x4a, 0x35, 0x0f, 0x2a, 0x35, 0xce, 0x4a, 0x35, 0xfe, 0x0a, 0x2d, 0xfd, 0x0a, 0x2d, 0xfb,
  0x6b, 0x35, 0xff, 0x0a, 0x2d, 0x61, 0x00, 0x00, 0x00, 0x00, 0x00, 0x00, 0x00, 0x00, 0x00, 0x4a,
  0x35, 0x3e, 0x4a, 0x35, 0x62, 0x0a, 0x2d, 0x94, 0x2a, 0x35, 0xff, 0x0a, 0x2d, 0xfe, 0x0a, 0x2d,
  0xfe, 0x2a, 0x35, 0xff, 0x0a, 0x2d, 0xee, 0x0a, 0x2d, 0xc3, 0x0a, 0x2d, 0xd3, 0x0a, 0x2d, 0xd7,
  0x2a, 0x2d, 0xcd, 0x4a, 0x35, 0xa5, 0xea, 0x2c, 0x3d, 0x00, 0x00, 0x00, 0xe0, 0x07, 0x01, 0x00,
  0x00, 0x00, 0x00, 0x00, 0x00, 0x00, 0x00, 0x00, 0x00, 0x00, 0x00, 0xb5, 0x02, 0x03, 0x00, 0x00,
  0x00, 0xf3, 0x0a, 0x63, 0x34, 0x0b, 0xff, 0x13, 0x0b, 0xff, 0xf2, 0x0a, 0x4c, 0x00, 0x00, 0x00,
  0x33, 0x03, 0x05, 0x00, 0x00, 0x00, 0x00, 0x00, 0x00, 0x00, 0x00, 0x00, 0x00, 0x00, 0x00, 0xb5,
  0x02, 0x03, 0x00, 0x00, 0x01, 0x00, 0x00, 0x00, 0xf2, 0x0a, 0x3b, 0x13, 0x0b, 0xda, 0x14, 0x0b,
  0xff, 0x34, 0x0b, 0xff, 0xf3, 0x0a, 0x9f, 0x00, 0x00, 0x00, 0xaa, 0x02, 0x03, 0x00, 0x00, 0x00,
  0xf3, 0x0a, 0x37, 0x13, 0x0b, 0xe1, 0x34, 0x0b, 0xff, 0x14, 0x0b, 0xff, 0x13, 0x0b, 0xe9, 0x13,
  0x0b, 0x90, 0x13, 0x13, 0x1d, 0x13, 0x0b, 0x2a, 0x13, 0x0b, 0xff, 0xf3, 0x0a, 0xfe, 0xf3, 0x0a,
  0xff, 0xf3, 0x0a, 0xfb, 0x34, 0x0b, 0xff, 0xf3, 0x0a, 0xac, 0x00, 0x00, 0x01, 0xb5, 0x02, 0x03,
  0x00, 0x00, 0x00, 0x00, 0x00, 0x00, 0x00, 0x00, 0x00, 0x00, 0x00, 0x00, 0x1f, 0x00, 0x01, 0xef,
  0x03, 0x02, 0xef, 0x01, 0x04, 0xff, 0x03, 0x02, 0x00, 0x00, 0x00, 0x00, 0x00, 0x00, 0xf3, 0x0a,
  0x2b, 0x13, 0x0b, 0xc3, 0x34, 0x0b, 0xff, 0xf3, 0x0a, 0xfb, 0xf3, 0x0a, 0xff, 0xf3, 0x0a, 0xff,
  0xf3, 0x0a, 0xfd, 0x13, 0x0b, 0xfe, 0xf3, 0x0a, 0xe3, 0xd2, 0x0a, 0x11, 0x00, 0x00, 0x00, 0xf2,
  0x0a, 0x31, 0x13, 0x0b, 0xf7, 0xf3, 0x0a, 0xfe, 0xf3, 0x0a, 0xfc, 0xf3, 0x0a, 0xff, 0xf3, 0x0a,
  0xfe, 0xf3, 0x0a, 0xff, 0x34, 0x0b, 0xff, 0x14, 0x0b, 0xff, 0x34, 0x0b, 0xff, 0x14, 0x0b, 0xff,
  0xf3, 0x0a, 0xfd, 0xf3, 0x0a, 0xff, 0xf3, 0x0a, 0xff, 0xf3, 0x0a, 0xff, 0xf3, 0x0a, 0xfe, 0xf3,
  0x0a, 0xff, 0xf3, 0x0a, 0xf1, 0x33, 0x0b, 0x14, 0x00, 0x00, 0x00, 0xb5, 0x02, 0x03, 0xef, 0x03,
  0x02, 0x13, 0x0b, 0x15, 0x13, 0x0b, 0xe7, 0x13, 0x0b, 0xff, 0xf3, 0x0a, 0xfc, 0xf3, 0x0a, 0xff,
  0xf3, 0x0a, 0xfe, 0xf3, 0x0a, 0xff, 0x34, 0x0b, 0xff, 0xf3, 0x0a, 0xdf, 0xf3, 0x0a, 0xd2, 0xf3,
  0x0a, 0xf5, 0x14, 0x0b, 0xff, 0xf3, 0x0a, 0xfe, 0xf3, 0x0a, 0xff, 0xf3, 0x0a, 0xff, 0xf3, 0x0a,
  0xfd, 0x13, 0x0b, 0xff, 0xf3, 0x0a, 0xe3, 0xf3, 0x02, 0x08, 0x00, 0x00, 0x00, 0x00, 0x00, 0x01,
  0xb5, 0x02, 0x03, 0x00, 0x00, 0x00, 0xf3, 0x0a, 0x42, 0x14, 0x0b, 0xff, 0xf3, 0x0a, 0xfb, 0xf3,
  0x0a, 0xfe, 0xf3, 0x0a, 0xff, 0xf3, 0x0a, 0xfd, 0x13, 0x0b, 0xff, 0x13, 0x0b, 0xff, 0xf3, 0x0a,
  0xd4, 0xf3, 0x0a, 0xdd, 0x13, 0x0b, 0xff, 0x13, 0x0b, 0xff, 0xf3, 0x0a, 0xff, 0xf3, 0x0a, 0xff,
  0xf3, 0x0a, 0xff, 0xf3, 0x0a, 0xfc, 0x14, 0x0b, 0xff, 0xf3, 0x0a, 0xbd, 0x00, 0x00, 0x00, 0xef,
  0x03, 0x02, 0xf7, 0x03, 0x04, 0x00, 0x00, 0x00, 0xf3, 0x0a, 0x78, 0x34, 0x0b, 0xff, 0xf3, 0x0a,
  0xfb, 0xf3, 0x0a, 0xfc, 0x14, 0x0b, 0xff, 0xf3, 0x0a, 0xc6, 0x00, 0x00, 0x00, 0xb5, 0x02, 0x03,
  0xef, 0x03, 0x02, 0x33, 0x13, 0x0f, 0xf3, 0x0a, 0xe2, 0x13, 0x0b, 0xff, 0xf3, 0x0a, 0xfd, 0xf3,
  0x0a, 0xff, 0xf3, 0x0a, 0xfc, 0x34, 0x0b, 0xff, 0xf3, 0x0a, 0xe4, 0xf3, 0x0a, 0x89, 0xf3, 0x0a,
  0x8c, 0xf3, 0x0a, 0xdf, 0x13, 0x0b, 0xff, 0xf3, 0x0a, 0xfe, 0xf3, 0x0a, 0xfb, 0x34, 0x0b, 0xfe,
  0xf3, 0x0a, 0xa6, 0x00, 0x00, 0x00, 0xef, 0x01, 0x04, 0xe0, 0x07, 0x01, 0xef, 0x07, 0x02, 0xef,
  0x03, 0x02, 0xe7, 0x3d, 0x04, 0x00, 0x00, 0x00, 0x0a, 0x2d, 0xaa, 0x6b, 0x35, 0xff, 0x0a, 0x2d,
  0xfb, 0x0a, 0x2d, 0xfc, 0x6b, 0x35, 0xff, 0x0a, 0x2d, 0x53, 0x00, 0x00, 0x00, 0xe7, 0x3b, 0x04,
  0x00, 0x00, 0x00, 0x00, 0x00, 0x00, 0x00, 0x00, 0x01, 0x4a, 0x05, 0x03, 0x4a, 0x55, 0x03, 0x00,
  0x00, 0x00, 0xea, 0x2b, 0x06, 0x2a, 0x35, 0x93, 0x6b, 0x35, 0xff, 0x0a, 0x2d, 0xfc, 0x0a, 0x2d,
  0xff, 0x0a, 0x2d, 0xff, 0x0a, 0x2d, 0xfa, 0x6b, 0x35, 0xff, 0x0a, 0x2d, 0x5e, 0x00, 0x00, 0x00,
  0x0a, 0x2d, 0x40, 0x4a, 0x35, 0xff, 0x0a, 0x2d, 0xfc, 0x2a, 0x35, 0xff, 0x0a, 0x2d, 0xe9, 0x00,
  0x00, 0x00, 0x00, 0x00, 0x00, 0x0a, 0x2d, 0x92, 0x6b, 0x35, 0xff, 0x0a, 0x2d, 0xfb, 0x0a, 0x2d,
  0xfe, 0x0a, 0x2d, 0xfe, 0x0a, 0x2d, 0xfc, 0x4b, 0x35, 0xff, 0x0a, 0x2d, 0xce, 0x00, 0x00, 0x00,
  0x00, 0x00, 0x00, 0x0a, 0x2d, 0x96, 0x6b, 0x35, 0xff, 0x0a, 0x2d, 0xf7, 0x6b, 0x35, 0xff, 0x0a,
  0x2d, 0x7c, 0x00, 0x00, 0x00, 0x00, 0x00, 0x00, 0x0a, 0x2d, 0xa1, 0x6b, 0x35, 0xff, 0x0a, 0x2d,
  0xfb, 0x0a, 0x2d, 0xfb, 0x6b, 0x35, 0xff, 0x0a, 0x2d, 0x71, 0x00, 0x00, 0x00, 0x00, 0x00, 0x00,
  0x0a, 0x2d, 0x5c, 0x6b, 0x35, 0xff, 0x0a, 0x2d, 0xfb, 0x0a, 0x2d, 0xff, 0x0a, 0x2d, 0xff, 0x0a,
  0x2d, 0xfd, 0x4b, 0x35, 0xff, 0x0a, 0x2d, 0x61, 0x00, 0x00, 0x00, 0xe0, 0x03, 0x02, 0xe7, 0x3c,
  0x08, 0x00, 0x00, 0x00, 0x0a, 0x2d, 0x66, 0x6b, 0x35, 0xff, 0x0a, 0x2d, 0xfb, 0x0a, 0x2d, 0xfb,
  0x6b, 0x35, 0xff, 0x0a, 0x2d, 0x83, 0x00, 0x00, 0x00, 0x66, 0x36, 0x05, 0x00, 0x00, 0x00, 0x00,
  0x00, 0x00, 0x00, 0x00, 0x00, 0x0a, 0x35, 0x3f, 0x6b, 0x35, 0xff, 0x0a, 0x2d, 0xfc, 0x0a, 0x2d,
  0xfb, 0x6b, 0x35, 0xff, 0x0a, 0x2d, 0xaf, 0x00, 0x00, 0x00, 0xe0, 0x07, 0x01, 0xe0, 0x07, 0x01,
  0x00, 0x00, 0x00, 0x00, 0x00, 0x00, 0x00, 0x00, 0x00, 0xe0, 0x07, 0x01, 0x00, 0x00, 0x00, 0x00,
  0x00, 0x00, 0x00, 0x00, 0x00, 0x00, 0x00, 0x00, 0xef, 0x03, 0x02, 0xef, 0x03, 0x02, 0xf3, 0x0a,
  0x18, 0xf3, 0x0a, 0xeb, 0x34, 0x0b, 0xff, 0xf3, 0x0a, 0xa8, 0x00, 0x00, 0x00, 0xf7, 0x03, 0x04,
  0x00, 0x00, 0x00, 0x00, 0x00, 0x00, 0x00, 0x00, 0x00, 0x00, 0x00, 0x00, 0x00, 0x00, 0x00, 0x00,
  0x00, 0x00, 0x00, 0x00, 0x00, 0xf7, 0x03, 0x04, 0x00, 0x00, 0x00, 0xf2, 0x0a, 0x13, 0xf3, 0x0a,
  0xb3, 0x13, 0x0b, 0xff, 0x34, 0x0b, 0xff, 0xf3, 0x0a, 0x5c, 0x00, 0x00, 0x00, 0xef, 0x01, 0x04,
  0xf3, 0x0a, 0xd7, 0x14, 0x0b, 0xff, 0xf3, 0x0a, 0xfa, 0xf3, 0x0a, 0xfc, 0x13, 0x0b, 0xff, 0x34,
  0x0b, 0xff, 0xf3, 0x0a, 0xef, 0xf3, 0x0a, 0xbe, 0xf3, 0x0a, 0xfe, 0xf3, 0x0a, 0xff, 0xf3, 0x0a,
  0xff, 0xf3, 0x0a, 0xfb, 0x34, 0x0b, 0xff, 0xf3, 0x0a, 0xa2, 0x00, 0x00, 0x00, 0x93, 0x01, 0x05,
  0xef, 0x03, 0x02, 0xb5, 0x02, 0x03, 0xef, 0x03, 0x02, 0x1f, 0x00, 0x01, 0x00, 0x00, 0x00, 0x00,
  0x00, 0x00, 0x00, 0x00, 0x00, 0x00, 0x00, 0x00, 0xf4, 0x0a, 0x23, 0x13, 0x0b, 0x8a, 0xf3, 0x0a,
  0xf5, 0x14, 0x0b, 0xff, 0xf3, 0x0a, 0xfc, 0xf3, 0x0a, 0xff, 0xf3, 0x0a, 0xff, 0xf3, 0x0a, 0xfe,
  0xf3, 0x0a, 0xfb, 0x14, 0x0b, 0xff, 0xf3, 0x0a, 0x44, 0x00, 0x00, 0x00, 0x95, 0x03, 0x09, 0xf3,
  0x0a, 0xd5, 0x14, 0x0b, 0xff, 0xf3, 0x0a, 0xfc, 0xf3, 0x0a, 0xff, 0xf3, 0x0a, 0xfd, 0x13, 0x0b,
  0xff, 0x13, 0x0b, 0xff, 0xf3, 0x0a, 0x9e, 0xf3, 0x0a, 0x50, 0xf3, 0x0a, 0x66, 0xf3, 0x0a, 0xc5,
  0x14, 0x0b, 0xff, 0xf3, 0x0a, 0xfe, 0xf3, 0x0a, 0xff, 0xf3, 0x0a, 0xff, 0xf3, 0x0a, 0xfd, 0x14,
  0x0b, 0xff, 0xf3, 0x0a, 0xce, 0x00, 0x00, 0x00, 0x1f, 0x00, 0x01, 0xb5, 0x02, 0x03, 0x00, 0x00,
  0x00, 0xf3, 0x0a, 0xa1, 0x34, 0x0b, 0xff, 0xf3, 0x0a, 0xfb, 0xf3, 0x0a, 0xff, 0xf3, 0x0a, 0xfe,
  0x13, 0x0b, 0xff, 0x13, 0x0b, 0xf9, 0xf3, 0x0a, 0x71, 0x33, 0x1b, 0x0a, 0xef, 0x03, 0x02, 0xf2,
  0x0a, 0x20, 0xf3, 0x0a, 0xaf, 0x14, 0x0b, 0xff, 0xf3, 0x0a, 0xfd, 0xf3, 0x0a, 0xff, 0xf3, 0x0a,
  0xfc, 0x14, 0x0b, 0xff, 0xf3, 0x0a, 0xbd, 0x00, 0x00, 0x00, 0xef, 0x03, 0x02, 0x1f, 0x00, 0x01,
  0xef, 0x03, 0x02, 0x33, 0x03, 0x0a, 0xf3, 0x0a, 0xdc, 0x14, 0x0b, 0xff, 0xf3, 0x0a, 0xfc, 0xf3,
  0x0a, 0xff, 0xf3, 0x0a, 0xfc, 0x14, 0x0b, 0xff, 0x13, 0x0b, 0xdd, 0xf3, 0x0a, 0x49, 0x00, 0x00,
  0x01, 0xb5, 0x02, 0x06, 0xf3, 0x0a, 0x48, 0x13, 0x0b, 0xe9, 0xf3, 0x0a, 0xfe, 0xf3, 0x0a, 0xfe,
  0xf3, 0x0a, 0xff, 0xf3, 0x0a, 0xfb, 0x34, 0x0b, 0xff, 0xf3, 0x0a, 0x8c, 0x00, 0x00, 0x00, 0xf7,
  0x03, 0x04, 0xef, 0x01, 0x04, 0x00, 0x00, 0x00, 0xf3, 0x0a, 0xa4, 0x34, 0x0b, 0xff, 0xf3, 0x0a,
  0xfb, 0xf3, 0x0a, 0xfb, 0x34, 0x0b, 0xff, 0xf3, 0x0a, 0x9f, 0x00, 0x00, 0x00, 0x76, 0x03, 0x07,
  0x00, 0x00, 0x00, 0xf3, 0x0a, 0x87, 0x34, 0x0b, 0xff, 0xf3, 0x0a, 0xfb, 0xf3, 0x0a, 0xff, 0xf3,
  0x0a, 0xfd, 0x14, 0x0b, 0xff, 0xf3, 0x0a, 0xad, 0x33, 0x0b, 0x14, 0x00, 0x00, 0x00, 0x00, 0x00,
  0x00, 0xf2, 0x0a, 0x29, 0xf3, 0x0a, 0xfb, 0xf3, 0x0a, 0xfe, 0xf3, 0x0a, 0xfc, 0x14, 0x0b, 0xff,
  0xf3, 0x0a, 0xc2, 0x00, 0x00, 0x00, 0xef, 0x03, 0x04, 0x00, 0x00, 0x00, 0x00, 0x00, 0x00, 0x00,
  0x00, 0x00, 0xe0, 0x07, 0x01, 0x4a, 0x55, 0x03, 0x0a, 0x2d, 0x9c, 0x6b, 0x35, 0xff, 0x0a, 0x2d,
  0xfb, 0x0a, 0x2d, 0xfb, 0x6b, 0x35, 0xff, 0x0a, 0x2d, 0x6b, 0x4a, 0x55, 0x03, 0xa9, 0x4d, 0x07,
  0xe7, 0x3d, 0x04, 0x4a, 0x55, 0x03, 0x00, 0x00, 0x00, 0x00, 0x00, 0x00, 0x00, 0x00, 0x00, 0x2a,
  0x2d, 0x41, 0x2a, 0x2d, 0xcc, 0x6b, 0x35, 0xff, 0x0a, 0x2d, 0xfc, 0x0a, 0x2d, 0xff, 0x0a, 0x2d,
  0xff, 0x0a, 0x2d, 0xfa, 0x8b, 0x35, 0xff, 0x0a, 0x2d, 0xa9, 0x00, 0x00, 0x00, 0xe0, 0x07, 0x01,
  0x0a, 0x2d, 0x8d, 0x6b, 0x35, 0xfe, 0x0a, 0x2d, 0xfa, 0x0a, 0x2d, 0xfe, 0x2a, 0x2d, 0xfa, 0x0a,
  0x35, 0x6a, 0x0a, 0x2d, 0x5d, 0x2a, 0x35, 0xf3, 0x2a, 0x2d, 0xfe, 0x0a, 0x2d, 0xfe, 0x0a, 0x2d,
  0xff, 0x2a, 0x2d, 0xff, 0x0a, 0x2d, 0xfd, 0x0a, 0x2d, 0xfe, 0x2a, 0x2d, 0xfa, 0x0a, 0x2d, 0x81,
  0x0a, 0x35, 0x45, 0x0a, 0x2d, 0xe3, 0x2a, 0x35, 0xff, 0x0a, 0x2d, 0xfb, 0x4b, 0x35, 0xfe, 0x0a,
  0x2d, 0xc9, 0x00, 0x00, 0x01, 0x00, 0x00, 0x00, 0x0a, 0x2d, 0xb4, 0x6b, 0x35, 0xff, 0x0a, 0x2d,
  0xfc, 0x0a, 0x2d, 0xfb, 0x6b, 0x35, 0xff, 0x0a, 0x2d, 0x70, 0x00, 0x00, 0x00, 0x00, 0x00, 0x00,
  0x0a, 0x2d, 0x75, 0x6b, 0x35, 0xff, 0x0a, 0x2d, 0xfb, 0x0a, 0x2d, 0xff, 0x0a, 0x2d, 0xfc, 0x6b,
  0x35, 0xff, 0x0a, 0x2d, 0xb2, 0x00, 0x00, 0x00, 0x6c, 0x36, 0x05, 0x00, 0x00, 0x01, 0x4a, 0x55,
  0x03, 0xe0, 0x07, 0x01, 0x0a, 0x2d, 0x51, 0x6b, 0x35, 0xff, 0x0a, 0x2d, 0xfc, 0x0a, 0x2d, 0xfb,
  0x6b, 0x35, 0xff, 0x0a, 0x2d, 0x93, 0x00, 0x00, 0x00, 0xe7, 0x3d, 0x04, 0x00, 0x00, 0x00, 0x89,
  0x4c, 0x07, 0xe7, 0x3d, 0x04, 0x0a, 0x2d, 0x60, 0x6b, 0x35, 0xff, 0x0a, 0x2d, 0xfb, 0x0a, 0x2d,
  0xfb, 0x6b, 0x35, 0xff, 0x0a, 0x2d, 0x9f, 0xef, 0x03, 0x02, 0xe7, 0x3b, 0x04, 0x00, 0x00, 0x00,
  0x00, 0x00, 0x00, 0x4a, 0x55, 0x03, 0x4a, 0x05, 0x03, 0x00, 0x00, 0x00, 0x00, 0x00, 0x00, 0x00,
  0x00, 0x00, 0x00, 0x00, 0x00, 0x00, 0x00, 0x00, 0xb5, 0x02, 0x03, 0x00, 0x00, 0x00, 0xf3, 0x0a,
  0xa3, 0x34, 0x0b, 0xff, 0xf3, 0x0a, 0xf4, 0xf3, 0x0a, 0x21, 0x1f, 0x00, 0x01, 0xef, 0x03, 0x02,
  0x00, 0x00, 0x00, 0x00, 0x00, 0x00, 0x00, 0x00, 0x00, 0x00, 0x00, 0x00, 0x00, 0x00, 0x00, 0x00,
  0x00, 0x00, 0x00, 0x00, 0x00, 0x00, 0x00, 0x00, 0xb5, 0x02, 0x03, 0x00, 0x00, 0x00, 0x00, 0x00,
  0x00, 0xf3, 0x0a, 0xb9, 0x35, 0x0b, 0xfd, 0xf3, 0x0a, 0xd4, 0xf7, 0x03, 0x04, 0xff, 0x07, 0x01,
  0xf3, 0x0a, 0xff, 0xf3, 0x0a, 0xfc, 0xf3, 0x0a, 0xff, 0xf3, 0x0a, 0xff, 0xf3, 0x0a, 0xfe, 0xf3,
  0x0a, 0xfb, 0xf3, 0x0a, 0xff, 0x14, 0x0b, 0xff, 0xf3, 0x0a, 0xff, 0xf3, 0x0a, 0xff, 0xf3, 0x0a,
  0xff, 0xf3, 0x0a, 0xfb, 0x34, 0x0b, 0xff, 0xf3, 0x0a, 0xa3, 0xb5, 0x02, 0x03, 0x00, 0x00, 0x00,
  0x00, 0x00, 0x00, 0x00, 0x00, 0x00, 0x00, 0x00, 0x00, 0x00, 0x00, 0x00, 0x73, 0x02, 0x0a, 0xf3,
  0x0a, 0x2c, 0xf3, 0x0a, 0x66, 0xf3, 0x0a, 0xb2, 0xf3, 0x0a, 0xf5, 0x34, 0x0b, 0xff, 0xf3, 0x0a,
  0xff, 0xf3, 0x0a, 0xfd, 0xf3, 0x0a, 0xff, 0xf3, 0x0a, 0xff, 0xf3, 0x0a, 0xfe, 0xf3, 0x0a, 0xfb,
  0x34, 0x0b, 0xff, 0xf3, 0x0a, 0x6e, 0x00, 0x00, 0x00, 0x00, 0x00, 0x00, 0xf3, 0x0a, 0x81, 0x34,
  0x0b, 0xff, 0xf3, 0x0a, 0xfb, 0xf3, 0x0a, 0xff, 0xf3, 0x0a, 0xfd, 0x13, 0x0b, 0xff, 0x13, 0x0b,
  0xea, 0xf3, 0x0a, 0x43, 0x00, 0x00, 0x00, 0x00, 0x00, 0x00, 0x00, 0x00, 0x00, 0xff, 0x07, 0x01,
  0xf3, 0x0a, 0xbc, 0x14, 0x0b, 0xff, 0xf3, 0x0a, 0xfc, 0xf3, 0x0a, 0xff, 0xf3, 0x0a, 0xfb, 0x34,
  0x0b, 0xff, 0xf3, 0x0a, 0x99, 0x00, 0x00, 0x00, 0x52, 0x02, 0x07, 0x00, 0x00, 0x00, 0x13, 0x0b,
  0x32, 0x13, 0x0b, 0xfe, 0xf3, 0x0a, 0xfc, 0xf3, 0x0a, 0xff, 0xf3, 0x0a, 0xfe, 0xf3, 0x0a, 0xfd,
  0x13, 0x0b, 0xf6, 0xf3, 0x0a, 0x46, 0x00, 0x00, 0x00, 0x00, 0x00, 0x00, 0xef, 0x03, 0x02, 0x00,
  0x00, 0x00, 0xd2, 0x0a, 0x11, 0xf3, 0x0a, 0xf0, 0xf3, 0x0a, 0xfe, 0xf3, 0x0a, 0xfe, 0xf3, 0x0a,
  0xfb, 0x34, 0x0b, 0xff, 0xf3, 0x0a, 0x92, 0x00, 0x00, 0x00, 0xef, 0x03, 0x04, 0xef, 0x01, 0x04,
  0x00, 0x00, 0x00, 0xf3, 0x0a, 0x73, 0x34, 0x0b, 0xff, 0xf3, 0x0a, 0xfb, 0xf3, 0x0a, 0xff, 0xf3,
  0x0a, 0xfd, 0x14, 0x0b, 0xff, 0xf3, 0x0a, 0xd2, 0xf2, 0x0a, 0x18, 0x00, 0x00, 0x00, 0x1f, 0x00,
  0x01, 0xef, 0x03, 0x02, 0x00, 0x00, 0x00, 0xf3, 0x0a, 0x68, 0x34, 0x0b, 0xff, 0xf3, 0x0a, 0xfb,
  0xf3, 0x0a, 0xff, 0xf3, 0x0a, 0xfc, 0x34, 0x0b, 0xff, 0xf3, 0x0a, 0x5a, 0x00, 0x00, 0x00, 0xef,
  0x03, 0x04, 0x1f, 0x00, 0x01, 0x00, 0x00, 0x00, 0xf3, 0x0a, 0xcb, 0x14, 0x0b, 0xff, 0xf3, 0x0a,
  0xfc, 0xf3, 0x0a, 0xfb, 0x34, 0x0b, 0xff, 0xf3, 0x0a, 0x77, 0x00, 0x00, 0x00, 0xff, 0x07, 0x01,
  0xf4, 0x0a, 0x16, 0xf3, 0x0a, 0xf1, 0xf3, 0x0a, 0xfe, 0xf3, 0x0a, 0xfe, 0xf3, 0x0a, 0xfc, 0x14,
  0x0b, 0xff, 0xf3, 0x0a, 0xbf, 0x00, 0x00, 0x00, 0x00, 0x00, 0x00, 0xb1, 0x02, 0x09, 0x33, 0x03,
  0x05, 0xf3, 0x0a, 0x34, 0x13, 0x0b, 0xfd, 0xf3, 0x0a, 0xfd, 0xf3, 0x0a, 0xfc, 0x14, 0x0b, 0xff,
  0xf3, 0x0a, 0xbe, 0x00, 0x00, 0x00, 0x00, 0x00, 0x00, 0xe9, 0x33, 0x0a, 0x4b, 0x35, 0x31, 0x2a,
  0x35, 0x28, 0xab, 0x35, 0x0e, 0x00, 0x00, 0x00, 0x0a, 0x2d, 0x7a, 0x8b, 0x35, 0xff, 0x0a, 0x2d,
  0xfb, 0x0a, 0x2d, 0xfb, 0x6b, 0x35, 0xff, 0x0a, 0x2d, 0x87, 0x00, 0x00, 0x00, 0x00, 0x00, 0x00,
  0x00, 0x00, 0x00, 0x00, 0x00, 0x00, 0x4a, 0x2d, 0x06, 0x2a, 0x35, 0x42, 0x2a, 0x2d, 0xac, 0x4a,
  0x35, 0xff, 0x4b, 0x35, 0xff, 0x0a, 0x2d, 0xfc, 0x0a, 0x2d, 0xff, 0x0a, 0x2d, 0xff, 0x0a, 0x2d,
  0xfa, 0x6b, 0x35, 0xff, 0x2a, 0x2d, 0xcc, 0xaa, 0x2c, 0x0c, 0x4a, 0x55, 0x03, 0x00, 0x00, 0x00,
  0x0a, 0x2d, 0xc1, 0x4b, 0x35, 0xff, 0x0a, 0x2d, 0xfc, 0x0a, 0x2d, 0xff, 0x2a, 0x2d, 0xff, 0x4b,
  0x35, 0xff, 0x4b, 0x35, 0xff, 0x2a, 0x35, 0xff, 0x0a, 0x2d, 0xfe, 0x2a, 0x35, 0xff, 0x2a, 0x2d,
  0xff, 0x0a, 0x2d, 0xf9, 0x4a, 0x35, 0xff, 0x0a, 0x2d, 0xff, 0x2a, 0x2d, 0xff, 0x6b, 0x35, 0xff,
  0x4a, 0x35, 0xff, 0x2a, 0x35, 0xff, 0x0a, 0x2d, 0xff, 0x0a, 0x2d, 0xfe, 0x2a, 0x35, 0xff, 0x0a,
  0x2d, 0xf0, 0xea, 0x34, 0x15, 0x00, 0x00, 0x00, 0x0a, 0x2d, 0xc4, 0x4b, 0x35, 0xff, 0x0a, 0x2d,
  0xfc, 0x0a, 0x2d, 0xfb, 0x6b, 0x35, 0xff, 0x0a, 0x2d, 0x6b, 0x00, 0x00, 0x00, 0x00, 0x00, 0x00,
  0x0a, 0x2d, 0x8c, 0x6b, 0x35, 0xff, 0x0a, 0x2d, 0xfb, 0x0a, 0x2d, 0xff, 0x0a, 0x2d, 0xfd, 0x4a,
  0x35, 0xff, 0x0a, 0x2d, 0x3f, 0xe0, 0x07, 0x01, 0x4a, 0x55, 0x03, 0x00, 0x00, 0x00, 0x4a, 0x55,
  0x03, 0x00, 0x00, 0x00, 0x2a, 0x2d, 0x4d, 0x6b, 0x35, 0xff, 0x0a, 0x2d, 0xfc, 0x0a, 0x2d, 0xfb,
  0x6b, 0x35, 0xff, 0x0a, 0x2d, 0x95, 0x00, 0x00, 0x00, 0xe7, 0x3d, 0x04, 0x00, 0x00, 0x00, 0xe7,
  0x3d, 0x04, 0x00, 0x00, 0x00, 0x0a, 0x35, 0x6a, 0x6b, 0x35, 0xff, 0x0a, 0x2d, 0xfb, 0x0a, 0x2d,
  0xfb, 0x6b, 0x35, 0xff, 0x0a, 0x2d, 0x8d, 0x00, 0x00, 0x00, 0xe7, 0x3d, 0x04, 0x00, 0x00, 0x01,
  0x00, 0x00, 0x00, 0x00, 0x00, 0x00, 0x00, 0x00, 0x00, 0x00, 0x00, 0x00, 0x00, 0x00, 0x00, 0x00,
  0x00, 0x00, 0x00, 0x00, 0x00, 0xb5, 0x02, 0x03, 0x00, 0x00, 0x00, 0xf3, 0x0a, 0x3f, 0x13, 0x0b,
  0xfe, 0x34, 0x0b, 0xff, 0xf3, 0x0a, 0x87, 0x00, 0x00, 0x00, 0xef, 0x01, 0x04, 0x00, 0x00, 0x00,
  0x00, 0x00, 0x00, 0x00, 0x00, 0x00, 0x00, 0x00, 0x00, 0x00, 0x00, 0x00, 0x00, 0x00, 0x00, 0x00,
  0x00, 0x00, 0x00, 0x00, 0x00, 0x00, 0x00, 0x00, 0x00, 0x00, 0x00, 0x33, 0x03, 0x05, 0x00, 0x00,
  0x00, 0xf3, 0x0a, 0x49, 0x14, 0x0b, 0xff, 0xf3, 0x0a, 0xfc, 0xf3, 0x0a, 0x28, 0x00, 0x00, 0x00,
  0xf3, 0x0a, 0xdc, 0x14, 0x0b, 0xff, 0xf3, 0x0a, 0xfa, 0xf3, 0x0a, 0xff, 0xf3, 0x0a, 0xff, 0xf3,
  0x0a, 0xff, 0xf3, 0x0a, 0xfe, 0xf3, 0x0a, 0xfc, 0xf3, 0x0a, 0xff, 0xf3, 0x0a, 0xff, 0xf3, 0x0a,
  0xff, 0xf3, 0x0a, 0xff, 0xf3, 0x0a, 0xff, 0xf3, 0x0a, 0xf6, 0xf3, 0x0a, 0xdc, 0xf3, 0x0a, 0xc9,
  0xf3, 0x0a, 0xba, 0xf3, 0x0a, 0xb5, 0xf3, 0x0a, 0xb9, 0xf3, 0x0a, 0xc9, 0xf3, 0x0a, 0xe3, 0xf3,
  0x0a, 0xff, 0x34, 0x0b, 0xff, 0x14, 0x0b, 0xff, 0xf3, 0x0a, 0xff, 0xf3, 0x0a, 0xfc, 0xf3, 0x0a,
  0xfe, 0xf3, 0x0a, 0xff, 0xf3, 0x0a, 0xff, 0xf3, 0x0a, 0xfc, 0xf3, 0x0a, 0xff, 0x34, 0x0b, 0xff,
  0xf3, 0x0a, 0x77, 0x00, 0x00, 0x00, 0xef, 0x03, 0x02, 0xd3, 0x0a, 0x19, 0xf3, 0x0a, 0xf2, 0xf3,
  0x0a, 0xfd, 0xf3, 0x0a, 0xfe, 0xf3, 0x0a, 0xfe, 0xf3, 0x0a, 0xfd, 0x13, 0x0b, 0xf3, 0xd3, 0x0a,
  0x32, 0x00, 0x00, 0x00, 0x33, 0x03, 0x05, 0xb5, 0x02, 0x03, 0xf3, 0x02, 0x08, 0x00, 0x00, 0x00,
  0xf2, 0x0a, 0x4a, 0x14, 0x0b, 0xff, 0xf3, 0x0a, 0xfc, 0xf3, 0x0a, 0xff, 0xf3, 0x0a, 0xfb, 0x34,
  0x0b, 0xff, 0xf3, 0x0a, 0x64, 0x00, 0x00, 0x00, 0x72, 0x03, 0x07, 0x00, 0x00, 0x00, 0xf3, 0x0a,
  0xa5, 0x34, 0x0b, 0xff, 0xf3, 0x0a, 0xfb, 0xf3, 0x0a, 0xff, 0xf3, 0x0a, 0xfc, 0x14, 0x0b, 0xff,
  0xf3, 0x0a, 0x5a, 0x00, 0x00, 0x00, 0xb5, 0x02, 0x06, 0x00, 0x00, 0x01, 0x00, 0x00, 0x00, 0xef,
  0x03, 0x02, 0x00, 0x00, 0x00, 0xf3, 0x0a, 0xcf, 0x14, 0x0b, 0xff, 0xf3, 0x0a, 0xfd, 0xf3, 0x0a,
  0xfb, 0x34, 0x0b, 0xff, 0xf3, 0x0a, 0x68, 0x00, 0x00, 0x00, 0x33, 0x03, 0x05, 0x00, 0x00, 0x01,
  0x33, 0x1b, 0x0a, 0xf3, 0x0a, 0xe3, 0x13, 0x0b, 0xfe, 0xf3, 0x0a, 0xfd, 0xf3, 0x0a, 0xfd, 0x13,
  0x0b, 0xfd, 0xf3, 0x0a, 0xed, 0xd2, 0x12, 0x1f, 0x00, 0x00, 0x00, 0x33, 0x03, 0x05, 0x00, 0x00,
  0x00, 0xb5, 0x02, 0x03, 0xb5, 0x02, 0x03, 0xf3, 0x12, 0x2e, 0xf3, 0x0a, 0xff, 0xf3, 0x0a, 0xff,
  0xf3, 0x0a, 0xfe, 0xf3, 0x0a, 0xfe, 0xf3, 0x0a, 0xfe, 0xf2, 0x12, 0x2f, 0x00, 0x00, 0x00, 0xb5,
  0x02, 0x03, 0x00, 0x00, 0x00, 0x13, 0x13, 0x0d, 0xf3, 0x0a, 0xe9, 0x13, 0x0b, 0xff, 0xf3, 0x0a,
  0xfe, 0xf3, 0x0a, 0xfc, 0x14, 0x0b, 0xff, 0xf3, 0x0a, 0x53, 0x00, 0x00, 0x00, 0x00, 0x00, 0x00,
  0xf3, 0x0a, 0x6d, 0x34, 0x0b, 0xff, 0xf3, 0x0a, 0xfb, 0xf3, 0x0a, 0xff, 0xf3, 0x0a, 0xfe, 0xf3,
  0x0a, 0xfa, 0xf2, 0x0a, 0x29, 0x1f, 0x00, 0x01, 0xf3, 0x02, 0x08, 0xef, 0x03, 0x02, 0x00, 0x00,
  0x00, 0xf3, 0x0a, 0xb5, 0x14, 0x0b, 0xff, 0xf3, 0x0a, 0xfc, 0xf3, 0x0a, 0xfb, 0x34, 0x0b, 0xfe,
  0xf3, 0x0a, 0x9d, 0x00, 0x00, 0x00, 0xea, 0x2c, 0x2f, 0x2a, 0x35, 0xdb, 0x2a, 0x35, 0xff, 0x2a,
  0x2d, 0xfd, 0x2a, 0x2d, 0xe5, 0x0a, 0x2d, 0xac, 0x0a, 0x2d, 0xb8, 0x4a, 0x35, 0xff, 0x0a, 0x2d,
  0xfd, 0x0a, 0x2d, 0xfc, 0x4b, 0x35, 0xff, 0x0a, 0x2d, 0xbe, 0x0a, 0x2d, 0x3d, 0x0a, 0x35, 0x54,
  0x2a, 0x2d, 0x73, 0x2a, 0x2d, 0xa3, 0x2a, 0x2d, 0xda, 0x4a, 0x35, 0xff, 0x6b, 0x35, 0xff, 0x0a,
  0x2d, 0xfe, 0x0a, 0x2d, 0xfd, 0x0a, 0x2d, 0xff, 0x0a, 0x2d, 0xfe, 0x0a, 0x2d, 0xfa, 0x6b, 0x35,
  0xff, 0x2a, 0x35, 0xcf, 0x0a, 0x2d, 0x16, 0x00, 0x00, 0x00, 0xef, 0x03, 0x02, 0xef, 0x07, 0x02,
  0x0a, 0x2d, 0xda, 0x4a, 0x35, 0xff, 0x0a, 0x2d, 0xfd, 0x0a, 0x2d, 0xfc, 0x0a, 0x2d, 0xfb, 0x0a,
  0x2d, 0xfc, 0x0a, 0x2d, 0xfc, 0x0a, 0x2d, 0xfd, 0x2a, 0x35, 0xfe, 0x2a, 0x35, 0xed, 0x0a, 0x2d,
  0x40, 0x0a, 0x2d, 0x26, 0x2a, 0x35, 0xcf, 0x4a, 0x35, 0xff, 0x0a, 0x2d, 0xfd, 0x0a, 0x2d, 0xfc,
  0x0a, 0x2d, 0xfd, 0x0a, 0x2d, 0xfb, 0x0a, 0x2d, 0xfb, 0x0a, 0x2d, 0xfe, 0x0a, 0x2d, 0xff, 0x2a,
  0x2d, 0xfe, 0x0a, 0x35, 0x2a, 0x00, 0x00, 0x00, 0x0a, 0x2d, 0xd1, 0x4a, 0x35, 0xff, 0x0a, 0x2d,
  0xfd, 0x0a, 0x2d, 0xfb, 0x6b, 0x35, 0xff, 0x2a, 0x2d, 0x63, 0x00, 0x00, 0x00, 0x00, 0x00, 0x00,
  0x0a, 0x2d, 0xa1, 0x6b, 0x35, 0xff, 0x0a, 0x2d, 0xfb, 0x0a, 0x2d, 0xfd, 0x2a, 0x35, 0xff, 0x0a,
  0x2d, 0xe3, 0xeb, 0x1c, 0x08, 0x00, 0x00, 0x00, 0x00, 0x00, 0x01, 0x00, 0x00, 0x00, 0xe7, 0x3b,
  0x04, 0x00, 0x00, 0x00, 0x2a, 0x2d, 0x57, 0x6b, 0x35, 0xff, 0x0a, 0x2d, 0xfc, 0x0a, 0x2d, 0xfb,
  0x6b, 0x35, 0xff, 0x0a, 0x2d, 0x8d, 0x00, 0x00, 0x00, 0xe7, 0x3d, 0x04, 0x00, 0x00, 0x00, 0xe7,
  0x3d, 0x04, 0x00, 0x00, 0x00, 0x0a, 0x2d, 0x74, 0x6b, 0x35, 0xff, 0x0a, 0x2d, 0xfb, 0x0a, 0x2d,
  0xfb, 0x6b, 0x35, 0xff, 0x0a, 0x2d, 0x80, 0x00, 0x00, 0x00, 0xe7, 0x3d, 0x04, 0x00, 0x00, 0x00,
  0x00, 0x00, 0x00, 0x00, 0x00, 0x00, 0x00, 0x00, 0x00, 0x00, 0x00, 0x00, 0x00, 0x00, 0x00, 0x00,
  0x00, 0x00, 0x00, 0x00, 0x00, 0xef, 0x03, 0x02, 0xef, 0x03, 0x02, 0xf3, 0x0a, 0xc9, 0x34, 0x0b,
  0xff, 0xf3, 0x0a, 0xdf, 0xd2, 0x12, 0x0e, 0xef, 0x03, 0x02, 0x1f, 0x00, 0x01, 0x00, 0x00, 0x00,
  0x00, 0x00, 0x00, 0x00, 0x00, 0x00, 0x00, 0x00, 0x00, 0x00, 0x00, 0x00, 0x00, 0x00, 0x00, 0x00,
  0x00, 0x00, 0x00, 0x00, 0x00, 0x00, 0x00, 0x00, 0x00, 0x00, 0x00, 0xb5, 0x02, 0x03, 0x00, 0x00,
  0x01, 0x13, 0x0b, 0x35, 0x13, 0x0b, 0xff, 0x13, 0x0b, 0xff, 0xf3, 0x0a, 0x3a, 0x00, 0x00, 0x00,
  0xd2, 0x0a, 0x3d, 0x13, 0x0b, 0xec, 0x34, 0x0b, 0xff, 0xf3, 0x0a, 0xfe, 0xf3, 0x0a, 0xfb, 0xf3,
  0x0a, 0xfd, 0xf3, 0x0a, 0xff, 0xf3, 0x0a, 0xff, 0xf3, 0x0a, 0xff, 0xf3, 0x0a, 0xff, 0xf3, 0x0a,
  0xff, 0xf3, 0x0a, 0xff, 0xf3, 0x0a, 0xff, 0xf3, 0x0a, 0xff, 0x13, 0x0b, 0xff, 0x14, 0x0b, 0xff,
  0x14, 0x0b, 0xff, 0x14, 0x0b, 0xff, 0x14, 0x0b, 0xff, 0x14, 0x0b, 0xff, 0x13, 0x0b, 0xff, 0xf3,
  0x0a, 0xff, 0xf3, 0x0a, 0xfb, 0xf3, 0x0a, 0xfc, 0xf3, 0x0a, 0xfe, 0xf3, 0x0a, 0xff, 0xf3, 0x0a,
  0xff, 0xf3, 0x0a, 0xfd, 0xf3, 0x0a, 0xfb, 0x14, 0x0b, 0xff, 0x13, 0x0b, 0xf6, 0xf3, 0x0a, 0x5f,
  0x00, 0x00, 0x00, 0x72, 0x03, 0x07, 0x00, 0x00, 0x00, 0xf3, 0x0a, 0x78, 0x34, 0x0b, 0xff, 0xf3,
  0x0a, 0xfb, 0xf3, 0x0a, 0xff, 0xf3, 0x0a, 0xfc, 0x34, 0x0b, 0xff, 0xf2, 0x0a, 0x62, 0x00, 0x00,
  0x00, 0xaf, 0x02, 0x06, 0x00, 0x00, 0x00, 0x00, 0x00, 0x00, 0xef, 0x03, 0x02, 0x00, 0x00, 0x01,
  0xf3, 0x0a, 0x30, 0xf3, 0x0a, 0xff, 0xf3, 0x0a, 0xff, 0xf3, 0x0a, 0xfe, 0xf3, 0x0a, 0xfe, 0x13,
  0x0b, 0xff, 0xf3, 0x0a, 0x3a, 0x00, 0x00, 0x00, 0x00, 0x00, 0x00, 0x13, 0x0b, 0x15, 0xf3, 0x0a,
  0xf2, 0xf3, 0x0a, 0xff, 0xf3, 0x0a, 0xfe, 0xf3, 0x0a, 0xfc, 0x34, 0x0b, 0xff, 0xf3, 0x0a, 0xae,
  0x00, 0x00, 0x00, 0x33, 0x03, 0x05, 0x00, 0x00, 0x00, 0x00, 0x00, 0x00, 0x00, 0x00, 0x00, 0x00,
  0x00, 0x00, 0xb5, 0x02, 0x03, 0xf3, 0x0a, 0xd8, 0x13, 0x0b, 0xff, 0xf3, 0x0a, 0xfd, 0xf3, 0x0a,
  0xfd, 0x14, 0x0b, 0xff, 0xf3, 0x0a, 0x43, 0x00, 0x00, 0x00, 0x52, 0x02, 0x07, 0x00, 0x00, 0x00,
  0xf3, 0x0a, 0x52, 0x34, 0x0b, 0xff, 0xf3, 0x0a, 0xfc, 0xf3, 0x0a, 0xff, 0xf3, 0x0a, 0xfc, 0x34,
  0x0b, 0xff, 0xf2, 0x0a, 0x62, 0x00, 0x00, 0x00, 0x33, 0x03, 0x05, 0x00, 0x00, 0x00, 0x00, 0x00,
  0x00, 0xef, 0x03, 0x02, 0x00, 0x00, 0x00, 0xf3, 0x0a, 0x33, 0x13, 0x0b, 0xff, 0xf3, 0x0a, 0xfe,
  0xf3, 0x0a, 0xfd, 0x13, 0x0b, 0xff, 0xf3, 0x0a, 0xec, 0xb3, 0x12, 0x0f, 0x00, 0x00, 0x00, 0xb5,
  0x02, 0x03, 0x00, 0x00, 0x00, 0x13, 0x0b, 0x25, 0xf3, 0x0a, 0xfc, 0xf3, 0x0a, 0xff, 0xf3, 0x0a,
  0xfe, 0xf3, 0x0a, 0xfe, 0x13, 0x0b, 0xff, 0xf3, 0x0a, 0x36, 0x00, 0x00, 0x00, 0x00, 0x00, 0x00,
  0xf3, 0x0a, 0xbe, 0x14, 0x0b, 0xfe, 0xf3, 0x0a, 0xfc, 0xf3, 0x0a, 0xfc, 0x34, 0x0b, 0xff, 0xf3,
  0x0a, 0xb4, 0x00, 0x00, 0x00, 0x00, 0x00, 0x00, 0x00, 0x00, 0x00, 0xef, 0x03, 0x02, 0xf3, 0x0a,
  0x8d, 0x14, 0x0b, 0xff, 0xf3, 0x0a, 0xfd, 0xf3, 0x0a, 0xff, 0xf3, 0x0a, 0xfc, 0x34, 0x0b, 0xff,
  0x13, 0x0b, 0x5a, 0x00, 0x00, 0x00, 0x0a, 0x2d, 0xbd, 0x8b, 0x35, 0xff, 0x0a, 0x2d, 0xfb, 0x0a,
  0x2d, 0xff, 0x2a, 0x35, 0xff, 0x6b, 0x35, 0xff, 0x4a, 0x35, 0xff, 0x0a, 0x2d, 0xff, 0x0a, 0x2d,
  0xff, 0x0a, 0x2d, 0xff, 0x0a, 0x2d, 0xff, 0x2a, 0x35, 0xff, 0x4a, 0x35, 0xff, 0x6b, 0x35, 0xff,
  0x6b, 0x35, 0xff, 0x6b, 0x35, 0xff, 0x4a, 0x35, 0xff, 0x0a, 0x2d, 0xfe, 0x0a, 0x2d, 0xfc, 0x0a,
  0x2d, 0xff, 0x0a, 0x2d, 0xff, 0x0a, 0x2d, 0xfc, 0x2a, 0x2d, 0xff, 0x8b, 0x35, 0xff, 0x2a, 0x2d,
  0xb5, 0xa9, 0x2c, 0x11, 0x00, 0x00, 0x00, 0x4a, 0x05, 0x03, 0x00, 0x00, 0x00, 0x4a, 0x2d, 0x06,
  0x0a, 0x2d, 0xe0, 0x4a, 0x35, 0xff, 0x0a, 0x2d, 0xfd, 0x4b, 0x35, 0xff, 0x6b, 0x35, 0xff, 0x0a,
  0x2d, 0xff, 0x0a, 0x2d, 0xff, 0x0a, 0x2d, 0xfc, 0x4b, 0x35, 0xff, 0x0a, 0x2d, 0xc8, 0x00, 0x00,
  0x00, 0x00, 0x00, 0x00, 0x0a, 0x2d, 0x89, 0x8b, 0x35, 0xff, 0x0a, 0x2d, 0xfb, 0x0a, 0x2d, 0xff,
  0x0a, 0x2d, 0xfe, 0x4a, 0x35, 0xff, 0x6b, 0x35, 0xff, 0x0a, 0x2d, 0xff, 0x0a, 0x2d, 0xff, 0x2a,
  0x35, 0xff, 0x2a, 0x2d, 0x30, 0x00, 0x00, 0x00, 0x0a, 0x2d, 0xdb, 0x4a, 0x35, 0xff, 0x0a, 0x2d,
  0xfd, 0x0a, 0x2d, 0xfb, 0x6b, 0x35, 0xff, 0x2a, 0x35, 0x5a, 0x00, 0x00, 0x00, 0x00, 0x00, 0x00,
  0x0a, 0x2d, 0xb3, 0x6b, 0x35, 0xff, 0x0a, 0x2d, 0xfc, 0x0a, 0x2d, 0xfc, 0x6b, 0x35, 0xff, 0x0a,
  0x2d, 0xb3, 0x00, 0x00, 0x00, 0x4a, 0x55, 0x03, 0x00, 0x00, 0x00, 0x00, 0x00, 0x00, 0xe7, 0x3d,
  0x04, 0x00, 0x00, 0x00, 0x0a, 0x2d, 0x6c, 0x6b, 0x35, 0xff, 0x0a, 0x2d, 0xfb, 0x0a, 0x2d, 0xfb,
  0x6b, 0x35, 0xff, 0x2a, 0x35, 0x79, 0x00, 0x00, 0x00, 0xe7, 0x3d, 0x04, 0x00, 0x00, 0x00, 0xe7,
  0x3d, 0x04, 0x00, 0x00, 0x00, 0x0a, 0x2d, 0x78, 0x6b, 0x35, 0xff, 0x0a, 0x2d, 0xfb, 0x0a, 0x2d,
  0xfb, 0x6b, 0x35, 0xff, 0x0a, 0x2d, 0x79, 0x00, 0x00, 0x00, 0xe7, 0x3d, 0x04, 0x00, 0x00, 0x00,
  0x00, 0x00, 0x00, 0x00, 0x00, 0x00, 0x00, 0x00, 0x00, 0x00, 0x00, 0x00, 0x00, 0x00, 0x00, 0x00,
  0x00, 0x00, 0xef, 0x01, 0x04, 0x00, 0x00, 0x00, 0xf3, 0x0a, 0x52, 0x14, 0x0b, 0xff, 0x13, 0x0b,
  0xfe, 0xf3, 0x0a, 0x4b, 0x00, 0x00, 0x00, 0xb5, 0x02, 0x03, 0x00, 0x00, 0x00, 0x00, 0x00, 0x00,
  0x00, 0x00, 0x00, 0x00, 0x00, 0x00, 0x00, 0x00, 0x00, 0x00, 0x00, 0x00, 0x00, 0x00, 0x00, 0x00,
  0x00, 0x00, 0x00, 0x00, 0x00, 0x00, 0x00, 0x00, 0x00, 0x00, 0x00, 0xef, 0x01, 0x04, 0x00, 0x00,
  0x01, 0xf3, 0x0a, 0x4f, 0x14, 0x0b, 0xff, 0xf3, 0x0a, 0xfb, 0xf3, 0x0a, 0x26, 0x00, 0x00, 0x00,
  0x00, 0x00, 0x00, 0xd2, 0x0a, 0x25, 0x13, 0x0b, 0xad, 0x13, 0x0b, 0xfe, 0x34, 0x0b, 0xff, 0x13,
  0x0b, 0xff, 0xf3, 0x0a, 0xfd, 0xf3, 0x0a, 0xfc, 0xf3, 0x0a, 0xff, 0xf3, 0x0a, 0xff, 0xf3, 0x0a,
  0xff, 0xf3, 0x0a, 0xff, 0xf3, 0x0a, 0xff, 0xf3, 0x0a, 0xfe, 0xf3, 0x0a, 0xfd, 0xf3, 0x0a, 0xfc,
  0xf3, 0x0a, 0xfc, 0xf3, 0x0a, 0xfc, 0xf3, 0x0a, 0xfc, 0xf3, 0x0a, 0xfc, 0xf3, 0x0a, 0xfd, 0xf3,
  0x0a, 0xfe, 0xf3, 0x0a, 0xff, 0xf3, 0x0a, 0xff, 0xf3, 0x0a, 0xfe, 0xf3, 0x0a, 0xfc, 0xf3, 0x0a,
  0xfc, 0x13, 0x0b, 0xff, 0x34, 0x0b, 0xff, 0x13, 0x0b, 0xc6, 0xf2, 0x0a, 0x31, 0x00, 0x00, 0x00,
  0xef, 0x01, 0x04, 0xff, 0x07, 0x01, 0xff, 0x07, 0x01, 0xf3, 0x0a, 0xcf, 0x14, 0x0b, 0xfe, 0xf3,
  0x0a, 0xfc, 0xf3, 0x0a, 0xfc, 0x14, 0x0b, 0xff, 0xf3, 0x0a, 0xcb, 0x00, 0x00, 0x00, 0xb5, 0x02,
  0x03, 0x00, 0x00, 0x00, 0x00, 0x00, 0x00, 0x00, 0x00, 0x00, 0xb5, 0x02, 0x03, 0x00, 0x00, 0x00,
  0xf3, 0x0a, 0x40, 0x14, 0x0b, 0xff, 0xf3, 0x0a, 0xfd, 0xf3, 0x0a, 0xfe, 0xf3, 0x0a, 0xff, 0xf3,
  0x0a, 0xf8, 0xf3, 0x12, 0x1e, 0x00, 0x00, 0x00, 0x00, 0x00, 0x00, 0xf3, 0x0a, 0x57, 0x34, 0x0b,
  0xff, 0xf3, 0x0a, 0xfc, 0xf3, 0x0a, 0xff, 0xf3, 0x0a, 0xfe, 0x13, 0x0b, 0xfc, 0xf3, 0x12, 0x2e,
  0x1f, 0x00, 0x01, 0xb5, 0x02, 0x03, 0x00, 0x00, 0x00, 0x00, 0x00, 0x00, 0xef, 0x03, 0x02, 0x00,
  0x00, 0x00, 0x13, 0x0b, 0x1a, 0xf3, 0x0a, 0xf6, 0xf3, 0x0a, 0xff, 0xf3, 0x0a, 0xfe, 0xf3, 0x0a,
  0xff, 0xf3, 0x0a, 0xfc, 0xf3, 0x0a, 0x26, 0x00, 0x00, 0x00, 0xaf, 0x02, 0x06, 0x00, 0x00, 0x00,
  0xf3, 0x0a, 0xa4, 0x34, 0x0b, 0xfe, 0xf3, 0x0a, 0xfb, 0xf3, 0x0a, 0xfd, 0x14, 0x0b, 0xff, 0xf3,
  0x0a, 0xd6, 0xb5, 0x02, 0x03, 0xef, 0x03, 0x02, 0x00, 0x00, 0x01, 0x00, 0x00, 0x00, 0x00, 0x00,
  0x00, 0xef, 0x01, 0x04, 0x00, 0x00, 0x01, 0xf3, 0x0a, 0x57, 0x34, 0x0b, 0xff, 0xf3, 0x0a, 0xfc,
  0xf3, 0x0a, 0xfd, 0x14, 0x0b, 0xff, 0xf3, 0x0a, 0xce, 0x00, 0x00, 0x00, 0x00, 0x00, 0x01, 0xb5,
  0x02, 0x03, 0x00, 0x00, 0x00, 0xf3, 0x0a, 0x3f, 0x14, 0x0b, 0xff, 0xf3, 0x0a, 0xfd, 0xf3, 0x0a,
  0xfe, 0xf3, 0x0a, 0xff, 0xf3, 0x0a, 0xfa, 0xf3, 0x0a, 0x21, 0x00, 0x00, 0x00, 0xf2, 0x0a, 0x13,
  0xf3, 0x0a, 0xee, 0x13, 0x0b, 0xff, 0xf3, 0x0a, 0xfe, 0xf3, 0x0a, 0xfc, 0x34, 0x0b, 0xff, 0xf3,
  0x0a, 0x5c, 0x72, 0x03, 0x07, 0xf3, 0x0a, 0x21, 0xf3, 0x0a, 0x60, 0xf3, 0x0a, 0xca, 0x34, 0x0b,
  0xff, 0xf3, 0x0a, 0xfd, 0xf3, 0x0a, 0xff, 0xf3, 0x0a, 0xfd, 0x13, 0x0b, 0xfd, 0xf3, 0x0a, 0xe8,
  0x73, 0x02, 0x0d, 0x4a, 0x55, 0x03, 0x0a, 0x2d, 0xe6, 0x2a, 0x2d, 0xfa, 0x0a, 0x2d, 0xfc, 0x0a,
  0x2d, 0xfe, 0x0a, 0x2d, 0xfd, 0x0a, 0x2d, 0xfc, 0x0a, 0x2d, 0xfd, 0x0a, 0x2d, 0xff, 0x0a, 0x2d,
  0xff, 0x0a, 0x2d, 0xff, 0x0a, 0x2d, 0xff, 0x0a, 0x2d, 0xfe, 0x0a, 0x2d, 0xfd, 0x0a, 0x2d, 0xfc,
  0x0a, 0x2d, 0xfb, 0x0a, 0x2d, 0xfb, 0x0a, 0x2d, 0xfd, 0x0a, 0x2d, 0xfe, 0x0a, 0x2d, 0xfd, 0x0a,
  0x2d, 0xfb, 0x0a, 0x2d, 0xff, 0x6b, 0x35, 0xff, 0x2a, 0x35, 0xf6, 0x2a, 0x2d, 0x7b, 0x00, 0x00,
  0x00, 0x00, 0x00, 0x00, 0xef, 0x03, 0x02, 0x00, 0x00, 0x00, 0x00, 0x00, 0x00, 0x00, 0x00, 0x01,
  0x0a, 0x2d, 0xd4, 0x4a, 0x35, 0xff, 0x4a, 0x35, 0xff, 0x0a, 0x2d, 0xba, 0x0a, 0x2d, 0xa5, 0x2a,
  0x35, 0xfe, 0x0a, 0x2d, 0xfe, 0x0a, 0x2d, 0xfe, 0x0a, 0x2d, 0xfe, 0x2a, 0x2d, 0xfa, 0x0a, 0x35,
  0x7a, 0x0a, 0x2d, 0x5d, 0x2a, 0x2d, 0xea, 0x2a, 0x35, 0xfe, 0x0a, 0x2d, 0xfe, 0x0a, 0x2d, 0xfd,
  0x4b, 0x35, 0xff, 0x0a, 0x2d, 0xc2, 0x0a, 0x2d, 0xa4, 0x2a, 0x35, 0xfe, 0x0a, 0x2d, 0xff, 0x0a,
  0x2d, 0xfd, 0x0a, 0x2d, 0x23, 0x00, 0x00, 0x00, 0x0a, 0x2d, 0xe3, 0x4a, 0x35, 0xff, 0x0a, 0x2d,
  0xfd, 0x0a, 0x2d, 0xfc, 0x6b, 0x35, 0xff, 0x0a, 0x2d, 0x50, 0x00, 0x00, 0x00, 0x00, 0x00, 0x00,
  0x0a, 0x2d, 0xc3, 0x4b, 0x35, 0xff, 0x0a, 0x2d, 0xfc, 0x0a, 0x2d, 0xfb, 0x6b, 0x35, 0xff, 0x0a,
  0x2d, 0x8d, 0x00, 0x00, 0x00, 0xe7, 0x3d, 0x04, 0x00, 0x00, 0x00, 0x00, 0x00, 0x00, 0xe7, 0x3d,
  0x04, 0x00, 0x00, 0x00, 0x0a, 0x2d, 0x87, 0x6b, 0x35, 0xff, 0x0a, 0x2d, 0xfb, 0x0a, 0x2d, 0xfb,
  0x6b, 0x35, 0xff, 0x0a, 0x35, 0x5f, 0x00, 0x00, 0x00, 0xe7, 0x3b, 0x04, 0x00, 0x00, 0x00, 0xe7,
  0x3d, 0x04, 0x00, 0x00, 0x00, 0x0a, 0x2d, 0x77, 0x6b, 0x35, 0xff, 0x0a, 0x2d, 0xfb, 0x0a, 0x2d,
  0xfb, 0x6b, 0x35, 0xff, 0x0a, 0x2d, 0x7b, 0x00, 0x00, 0x00, 0xe7, 0x3d, 0x04, 0x00, 0x00, 0x00,
  0x00, 0x00, 0x00, 0x00, 0x00, 0x00, 0x00, 0x00, 0x00, 0x00, 0x00, 0x00, 0x00, 0x00, 0x00, 0x00,
  0x00, 0x00, 0xef, 0x03, 0x02, 0x00, 0x00, 0x01, 0xf3, 0x0a, 0xc5, 0x55, 0x0b, 0xfe, 0xf3, 0x0a,
  0xb3, 0x00, 0x00, 0x00, 0xb5, 0x02, 0x03, 0x00, 0x00, 0x00, 0x00, 0x00, 0x00, 0x00, 0x00, 0x00,
  0x00, 0x00, 0x00, 0x00, 0x00, 0x00, 0x00, 0x00, 0x00, 0x00, 0x00, 0x00, 0x00, 0x00, 0x00, 0x00,
  0x00, 0x00, 0x00, 0x00, 0x00, 0x00, 0x00, 0x00, 0x00, 0x00, 0x00, 0xef, 0x01, 0x04, 0x00, 0x00,
  0x00, 0xf3, 0x0a, 0x8f, 0x35, 0x0b, 0xff, 0xf3, 0x0a, 0xdb, 0xb5, 0x02, 0x06, 0x00, 0x00, 0x00,
  0xef, 0x03, 0x02, 0x00, 0x00, 0x00, 0x00, 0x00, 0x00, 0xf3, 0x0a, 0x34, 0x13, 0x0b, 0x92, 0x13,
  0x0b, 0xdf, 0x14, 0x0b, 0xff, 0x14, 0x0b, 0xff, 0xf3, 0x0a, 0xff, 0xf3, 0x0a, 0xff, 0xf3, 0x0a,
  0xff, 0xf3, 0x0a, 0xff, 0xf3, 0x0a, 0xff, 0xf3, 0x0a, 0xfe, 0xf3, 0x0a, 0xfd, 0xf3, 0x0a, 0xfd,
  0xf3, 0x0a, 0xfd, 0xf3, 0x0a, 0xfd, 0xf3, 0x0a, 0xfd, 0xf3, 0x0a, 0xfd, 0xf3, 0x0a, 0xfc, 0xf3,
  0x0a, 0xfb, 0xf3, 0x0a, 0xfb, 0xf3, 0x0a, 0xfd, 0xf3, 0x0a, 0xff, 0x14, 0x0b, 0xff, 0x34, 0x0b,
  0xff, 0x13, 0x0b, 0xdc, 0x13, 0x0b, 0x6a, 0xaa, 0x02, 0x03, 0x00, 0x00, 0x00, 0xb5, 0x02, 0x03,
  0xef, 0x03, 0x02, 0x00, 0x00, 0x00, 0xf3, 0x0a, 0x23, 0xf3, 0x0a, 0xfb, 0xf3, 0x0a, 0xff, 0xf3,
  0x0a, 0xfe, 0xf3, 0x0a, 0xfc, 0x34, 0x0b, 0xff, 0xf3, 0x0a, 0x5e, 0x00, 0x00, 0x00, 0xef, 0x01,
  0x04, 0x00, 0x00, 0x00, 0x00, 0x00, 0x00, 0x00, 0x00, 0x00, 0xef, 0x03, 0x04, 0x00, 0x00, 0x01,
  0xf3, 0x0a, 0x73, 0x34, 0x0b, 0xff, 0xf3, 0x0a, 0xfb, 0xf3, 0x0a, 0xfe, 0x13, 0x0b, 0xff, 0xf3,
  0x0a, 0xe9, 0x13, 0x13, 0x0d, 0x00, 0x00, 0x01, 0x00, 0x00, 0x00, 0xf3, 0x0a, 0x95, 0x34, 0x0b,
  0xfe, 0xf3, 0x0a, 0xfb, 0xf3, 0x0a, 0xfc, 0x14, 0x0b, 0xff, 0xf3, 0x0a, 0xc4, 0x00, 0x00, 0x00,
  0xef, 0x03, 0x02, 0x00, 0x00, 0x00, 0x00, 0x00, 0x00, 0x00, 0x00, 0x00, 0xef, 0x01, 0x04, 0x1f,
  0x00, 0x01, 0xf3, 0x0a, 0x56, 0x34, 0x0b, 0xff, 0xf3, 0x0a, 0xfc, 0xf3, 0x0a, 0xfe, 0x13, 0x0b,
  0xff, 0xf3, 0x0a, 0xec, 0xf3, 0x0a, 0x10, 0x00, 0x00, 0x00, 0x00, 0x00, 0x01, 0x33, 0x03, 0x05,
  0xf3, 0x0a, 0xdc, 0x13, 0x0b, 0xff, 0xf3, 0x0a, 0xfd, 0xf3, 0x0a, 0xfb, 0x34, 0x0b, 0xff, 0xf3,
  0x0a, 0x76, 0x00, 0x00, 0x00, 0xef, 0x01, 0x04, 0x00, 0x00, 0x00, 0x00, 0x00, 0x00, 0x00, 0x00,
  0x00, 0xb5, 0x02, 0x03, 0x00, 0x00, 0x00, 0xf3, 0x0a, 0x9b, 0x34, 0x0b, 0xff, 0xf3, 0x0a, 0xfb,
  0xf3, 0x0a, 0xfb, 0x34, 0x0b, 0xff, 0xf3, 0x0a, 0xaf, 0x00, 0x00, 0x00, 0xb5, 0x02, 0x03, 0xef,
  0x01, 0x04, 0x00, 0x00, 0x00, 0xd3, 0x0a, 0x56, 0x34, 0x0b, 0xff, 0xf3, 0x0a, 0xfc, 0xf3, 0x0a,
  0xfe, 0x13, 0x0b, 0xff, 0xf3, 0x0a, 0xec, 0xf2, 0x0a, 0x13, 0x00, 0x00, 0x00, 0xf3, 0x0a, 0x33,
  0x13, 0x0b, 0xff, 0xf3, 0x0a, 0xfe, 0xf3, 0x0a, 0xff, 0xf3, 0x0a, 0xff, 0xf3, 0x0a, 0xff, 0xf3,
  0x0a, 0xdc, 0xf3, 0x0a, 0xe0, 0xf3, 0x0a, 0xf6, 0x34, 0x0b, 0xff, 0x14, 0x0b, 0xff, 0xf3, 0x0a,
  0xfc, 0xf3, 0x0a, 0xff, 0xf3, 0x0a, 0xfe, 0xf3, 0x0a, 0xfa, 0x34, 0x0b, 0xff, 0xf3, 0x0a, 0x61,
  0x00, 0x00, 0x00, 0x1f, 0x00, 0x01, 0x0a, 0x2d, 0xa7, 0xab, 0x35, 0xff, 0x0a, 0x2d, 0xff, 0x0a,
  0x2d, 0xfc, 0x0a, 0x2d, 0xfb, 0x0a, 0x2d, 0xfc, 0x0a, 0x2d, 0xfd, 0x0a, 0x2d, 0xfe, 0x0a, 0x2d,
  0xff, 0x0a, 0x2d, 0xff, 0x0a, 0x2d, 0xff, 0x0a, 0x2d, 0xff, 0x0a, 0x2d, 0xfe, 0x0a, 0x2d, 0xfd,
  0x0a, 0x2d, 0xfc, 0x0a, 0x2d, 0xfb, 0x0a, 0x2d, 0xfb, 0x0a, 0x2d, 0xfe, 0x2a, 0x35, 0xff, 0x6b,
  0x35, 0xff, 0x2a, 0x35, 0xfc, 0x2a, 0x35, 0xa9, 0x0a, 0x2d, 0x2c, 0x00, 0x00, 0x00, 0xe0, 0x07,
  0x01, 0xe0, 0x07, 0x01, 0x00, 0x00, 0x00, 0x00, 0x00, 0x00, 0x4a, 0x55, 0x03, 0x00, 0x00, 0x00,
  0x0a, 0x2d, 0xb3, 0x6b, 0x35, 0xff, 0x2a, 0x2d, 0xf9, 0x0a, 0x35, 0x1e, 0x00, 0x00, 0x00, 0x2a,
  0x2d, 0xa0, 0x6b, 0x35, 0xff, 0x0a, 0x2d, 0xfb, 0x0a, 0x2d, 0xff, 0x2a, 0x2d, 0xff, 0x6b, 0x35,
  0xff, 0x6b, 0x35, 0xff, 0x2a, 0x35, 0xff, 0x0a, 0x2d, 0xff, 0x0a, 0x2d, 0xfe, 0x2a, 0x35, 0xfe,
  0x2a, 0x35, 0xe3, 0xe9, 0x2c, 0x10, 0x00, 0x00, 0x00, 0x0a, 0x2d, 0xcc, 0x6b, 0x35, 0xff, 0x0a,
  0x2d, 0xe6, 0xeb, 0x3c, 0x08, 0xeb, 0x3c, 0x08, 0x0a, 0x2d, 0xe8, 0x2a, 0x35, 0xff, 0x0a, 0x2d,
  0xfd, 0x0a, 0x2d, 0xfd, 0x4b, 0x35, 0xff, 0x2a, 0x35, 0x44, 0x00, 0x00, 0x00, 0x00, 0x00, 0x01,
  0x0a, 0x2d, 0xd1, 0x4a, 0x35, 0xff, 0x0a, 0x2d, 0xfd, 0x0a, 0x2d, 0xfb, 0x6b, 0x35, 0xff, 0x0a,
  0x2d, 0x70, 0x00, 0x00, 0x00, 0xe7, 0x3d, 0x04, 0x00, 0x00, 0x00, 0x00, 0x00, 0x00, 0xe7, 0x3b,
  0x04, 0x00, 0x00, 0x00, 0x0a, 0x2d, 0xa2, 0x6b, 0x35, 0xff, 0x0a, 0x2d, 0xfb, 0x0a, 0x2d, 0xfd,
  0x4a, 0x35, 0xff, 0x2a, 0x2d, 0x41, 0x00, 0x00, 0x00, 0x4a, 0x55, 0x03, 0x00, 0x00, 0x00, 0xe7,
  0x3d, 0x04, 0x00, 0x00, 0x00, 0x0a, 0x2d, 0x6d, 0x6b, 0x35, 0xff, 0x0a, 0x2d, 0xfb, 0x0a, 0x2d,
  0xfb, 0x6b, 0x35, 0xff, 0x0a, 0x2d, 0x8a, 0x00, 0x00, 0x00, 0xe7, 0x3d, 0x04, 0x00, 0x00, 0x00,
  0x00, 0x00, 0x00, 0x00, 0x00, 0x00, 0x00, 0x00, 0x00, 0x00, 0x00, 0x00, 0x00, 0x00, 0x00, 0xb5,
  0x02, 0x03, 0x00, 0x00, 0x00, 0x13, 0x0b, 0x35, 0x13, 0x0b, 0xfd, 0x14, 0x0b, 0xff, 0x13, 0x0b,
  0x42, 0x1f, 0x00, 0x01, 0xb5, 0x02, 0x03, 0x00, 0x00, 0x00, 0x00, 0x00, 0x00, 0x00, 0x00, 0x00,
  0x00, 0x00, 0x00, 0x00, 0x00, 0x00, 0x00, 0x00, 0x00, 0x00, 0x00, 0x00, 0x00, 0x00, 0x00, 0x00,
  0x00, 0x00, 0x00, 0x00, 0x00, 0x00, 0x00, 0x00, 0x00, 0x00, 0x01, 0x1f, 0x00, 0x01, 0x33, 0x1b,
  0x0a, 0xf3, 0x0a, 0xe0, 0x35, 0x0b, 0xff, 0xf3, 0x0a, 0x93, 0x00, 0x00, 0x00, 0xef, 0x03, 0x04,
  0x00, 0x00, 0x00, 0xef, 0x03, 0x02, 0xef, 0x03, 0x02, 0x00, 0x00, 0x00, 0x00, 0x00, 0x00, 0xb2,
  0x12, 0x0c, 0x13, 0x0b, 0x49, 0x13, 0x0b, 0xaa, 0x13, 0x0b, 0xfe, 0xf3, 0x0a, 0xfe, 0xf3, 0x0a,
  0xff, 0xf3, 0x0a, 0xff, 0xf3, 0x0a, 0xff, 0xf3, 0x0a, 0xff, 0x14, 0x0b, 0xff, 0x13, 0x0b, 0xff,
  0x13, 0x0b, 0xff, 0x13, 0x0b, 0xff, 0x13, 0x0b, 0xff, 0x14, 0x0b, 0xff, 0x14, 0x0b, 0xff, 0x34,
  0x0b, 0xff, 0x34, 0x0b, 0xff, 0x14, 0x0b, 0xff, 0xf3, 0x0a, 0xf1, 0x13, 0x0b, 0xb6, 0xf3, 0x0a,
  0x5d, 0xf1, 0x02, 0x0b, 0x00, 0x00, 0x00, 0x00, 0x00, 0x00, 0xef, 0x03, 0x02, 0x00, 0x00, 0x00,
  0xef, 0x01, 0x04, 0x00, 0x00, 0x00, 0xf3, 0x0a, 0x54, 0x14, 0x0b, 0xff, 0xf3, 0x0a, 0xfc, 0xf3,
  0x0a, 0xfe, 0xf3, 0x0a, 0xff, 0xf3, 0x0a, 0xf4, 0xf2, 0x0a, 0x18, 0x00, 0x00, 0x00, 0xef, 0x03,
  0x02, 0x00, 0x00, 0x00, 0x00, 0x00, 0x00, 0x00, 0x00, 0x00, 0xef, 0x03, 0x02, 0x00, 0x00, 0x00,
  0xf3, 0x0a, 0xc5, 0x14, 0x0b, 0xff, 0xf3, 0x0a, 0xfc, 0xf3, 0x0a, 0xfd, 0x13, 0x0b, 0xff, 0xf3,
  0x0a, 0xdd, 0x33, 0x03, 0x05, 0x00, 0x00, 0x01, 0x00, 0x00, 0x00, 0xf3, 0x0a, 0xbe, 0x14, 0x0b,
  0xff, 0xf3, 0x0a, 0xfc, 0xf3, 0x0a, 0xfb, 0x34, 0x0b, 0xff, 0xf3, 0x0a, 0x7f, 0x00, 0x00, 0x01,
  0xf7, 0x03, 0x04, 0x00, 0x00, 0x00, 0x00, 0x00, 0x00, 0x00, 0x00, 0x00, 0xb5, 0x02, 0x03, 0x00,
  0x00, 0x00, 0xf3, 0x0a, 0xb2, 0x34, 0x0b, 0xff, 0xf3, 0x0a, 0xfc, 0xf3, 0x0a, 0xfd, 0x13, 0x0b,
  0xff, 0xf3, 0x0a, 0xd9, 0xef, 0x03, 0x02, 0x1f, 0x00, 0x01, 0x00, 0x00, 0x00, 0xd3, 0x12, 0x1f,
  0xf3, 0x0a, 0xf9, 0xf3, 0x0a, 0xff, 0xf3, 0x0a, 0xfe, 0xf3, 0x0a, 0xfe, 0x13, 0x0b, 0xfe, 0xf2,
  0x0a, 0x31, 0x00, 0x00, 0x00, 0xef, 0x03, 0x02, 0x00, 0x00, 0x00, 0x00, 0x00, 0x00, 0x1f, 0x00,
  0x01, 0x1f, 0x00, 0x01, 0x13, 0x13, 0x0d, 0xf3, 0x0a, 0xe8, 0x13, 0x0b, 0xff, 0xf3, 0x0a, 0xfe,
  0xf3, 0x0a, 0xfb, 0x34, 0x0b, 0xff, 0xf3, 0x0a, 0x94, 0x00, 0x00, 0x00, 0xef, 0x01, 0x04, 0xef,
  0x01, 0x04, 0x00, 0x00, 0x00, 0xf3, 0x0a, 0x66, 0x34, 0x0b, 0xff, 0xf3, 0x0a, 0xfb, 0xf3, 0x0a,
  0xfd, 0x13, 0x0b, 0xff, 0xf3, 0x0a, 0xe1, 0x33, 0x1b, 0x0a, 0x00, 0x00, 0x00, 0xf3, 0x0a, 0x4b,
  0x14, 0x0b, 0xff, 0xf3, 0x0a, 0xfc, 0xf3, 0x0a, 0xff, 0xf3, 0x0a, 0xff, 0xf3, 0x0a, 0xff, 0x13,
  0x0b, 0xff, 0x13, 0x0b, 0xff, 0xf3, 0x0a, 0xff, 0xf3, 0x0a, 0xfc, 0xf3, 0x0a, 0xfd, 0xf3, 0x0a,
  0xff, 0xf3, 0x0a, 0xfc, 0xf3, 0x0a, 0xfd, 0x35, 0x0b, 0xff, 0xf3, 0x0a, 0x90, 0x00, 0x00, 0x00,
  0xb5, 0x02, 0x03, 0xe0, 0x07, 0x01, 0x4a, 0x35, 0x0f, 0x2a, 0x35, 0x9a, 0x2a, 0x35, 0xf3, 0x6b,
  0x35, 0xff, 0x6b, 0x35, 0xff, 0x6b, 0x35, 0xff, 0x4a, 0x35, 0xff, 0x2a, 0x2d, 0xff, 0x0a, 0x2d,
  0xff, 0x0a, 0x2d, 0xff, 0x0a, 0x2d, 0xff, 0x0a, 0x2d, 0xff, 0x2a, 0x2d, 0xff, 0x4a, 0x35, 0xff,
  0x4b, 0x35, 0xff, 0x6b, 0x35, 0xff, 0x6b, 0x35, 0xff, 0x4a, 0x35, 0xff, 0x2a, 0x2d, 0xdd, 0x2a,
  0x2d, 0x90, 0x2a, 0x2d, 0x31, 0x00, 0x00, 0x00, 0x00, 0x00, 0x00, 0x4a, 0x55, 0x03, 0x00, 0x00,
  0x00, 0x00, 0x00, 0x00, 0x00, 0x00, 0x00, 0x00, 0x00, 0x00, 0xe7, 0x3d, 0x04, 0x00, 0x00, 0x00,
  0x0a, 0x2d, 0x75, 0x6b, 0x35, 0xff, 0x2a, 0x2d, 0xfa, 0x0a, 0x35, 0x45, 0x00, 0x00, 0x00, 0x0a,
  0x2d, 0xae, 0x6b, 0x35, 0xff, 0x0a, 0x2d, 0xfc, 0x0a, 0x2d, 0xff, 0x0a, 0x2d, 0xfe, 0x0a, 0x2d,
  0xf8, 0x0a, 0x2d, 0xf8, 0x0a, 0x2d, 0xfd, 0x0a, 0x2d, 0xff, 0x0a, 0x2d, 0xfc, 0x4b, 0x35, 0xff,
  0x0a, 0x2d, 0xcc, 0x00, 0x00, 0x00, 0x2b, 0x2d, 0x17, 0x2a, 0x2d, 0xe4, 0x6b, 0x35, 0xfe, 0x0a,
  0x2d, 0xb5, 0x00, 0x00, 0x00, 0x0a, 0x35, 0x13, 0x0a, 0x2d, 0xec, 0x2a, 0x35, 0xff, 0x0a, 0x2d,
  0xfe, 0x0a, 0x2d, 0xfe, 0x2a, 0x35, 0xff, 0x0a, 0x2d, 0x38, 0x00, 0x00, 0x00, 0x4a, 0x2d, 0x06,
  0x0a, 0x2d, 0xdc, 0x4a, 0x35, 0xff, 0x0a, 0x2d, 0xfd, 0x0a, 0x2d, 0xfb, 0x6b, 0x35, 0xff, 0x0a,
  0x2d, 0x5b, 0x00, 0x00, 0x00, 0xe7, 0x3b, 0x04, 0x00, 0x00, 0x00, 0x00, 0x00, 0x00, 0xef, 0x07,
  0x02, 0x00, 0x00, 0x00, 0x0a, 0x2d, 0xb9, 0x6b, 0x35, 0xff, 0x0a, 0x2d, 0xfb, 0x0a, 0x2d, 0xff,
  0x0a, 0x2d, 0xfe, 0x0a, 0x2d, 0x29, 0x00, 0x00, 0x00, 0xef, 0x03, 0x02, 0x00, 0x00, 0x00, 0xe7,
  0x3b, 0x04, 0x00, 0x00, 0x00, 0x0a, 0x2d, 0x59, 0x6b, 0x35, 0xff, 0x0a, 0x2d, 0xfb, 0x0a, 0x2d,
  0xfb, 0x6b, 0x35, 0xff, 0x0a, 0x2d, 0xa9, 0x00, 0x00, 0x00, 0x4a, 0x55, 0x03, 0x00, 0x00, 0x00,
  0xef, 0x03, 0x02, 0xe7, 0x3b, 0x04, 0xe7, 0x3b, 0x04, 0x00, 0x00, 0x01, 0x00, 0x00, 0x00, 0xf7,
  0x03, 0x04, 0x00, 0x00, 0x00, 0xf3, 0x0a, 0x7f, 0x35, 0x0b, 0xff, 0xf3, 0x0a, 0xe2, 0x33, 0x1b,
  0x0a, 0x00, 0x00, 0x00, 0x00, 0x00, 0x01, 0x00, 0x00, 0x00, 0x00, 0x00, 0x00, 0x00, 0x00, 0x00,
  0x00, 0x00, 0x00, 0x00, 0x00, 0x00, 0x00, 0x00, 0x00, 0x00, 0x00, 0x00, 0x00, 0x00, 0x00, 0x00,
  0x00, 0x00, 0x00, 0x00, 0x00, 0x00, 0x00, 0x00, 0xef, 0x01, 0x04, 0x00, 0x00, 0x00, 0xf3, 0x0a,
  0x64, 0x34, 0x0b, 0xff, 0xf3, 0x0a, 0xfb, 0xf3, 0x12, 0x2e, 0x00, 0x00, 0x00, 0xb5, 0x02, 0x03,
  0x00, 0x00, 0x00, 0x00, 0x00, 0x00, 0x00, 0x00, 0x00, 0xef, 0x03, 0x02, 0xb5, 0x02, 0x03, 0x1f,
  0x00, 0x01, 0x00, 0x00, 0x00, 0xf3, 0x0a, 0x30, 0x14, 0x0b, 0xff, 0xf3, 0x0a, 0xfd, 0xf3, 0x0a,
  0xff, 0xf3, 0x0a, 0xfe, 0xf3, 0x0a, 0xff, 0xf3, 0x0a, 0xed, 0xf3, 0x0a, 0xd0, 0xf3, 0x0a, 0xda,
  0xf3, 0x0a, 0xde, 0xf3, 0x0a, 0xdf, 0xf3, 0x0a, 0xdb, 0xf3, 0x0a, 0xd1, 0xf3, 0x0a, 0xc0, 0xf3,
  0x0a, 0xa4, 0xf3, 0x0a, 0x7d, 0x13, 0x0b, 0x4c, 0x34, 0x0b, 0x19, 0x00, 0x00, 0x00, 0x00, 0x00,
  0x00, 0x00, 0x00, 0x00, 0xb5, 0x02, 0x03, 0x00, 0x00, 0x00, 0x00, 0x00, 0x00, 0x00, 0x00, 0x00,
  0xf7, 0x03, 0x04, 0x00, 0x00, 0x00, 0xf3, 0x0a, 0x7a, 0x34, 0x0b, 0xff, 0xf3, 0x0a, 0xfb, 0xf3,
  0x0a, 0xfd, 0x14, 0x0b, 0xff, 0xf3, 0x0a, 0xce, 0x00, 0x00, 0x00, 0x00, 0x00, 0x01, 0x00, 0x00,
  0x00, 0x00, 0x00, 0x00, 0x00, 0x00, 0x00, 0xb5, 0x02, 0x03, 0x00, 0x00, 0x00, 0x13, 0x0b, 0x37,
  0x13, 0x0b, 0xfe, 0xf3, 0x0a, 0xfd, 0xf3, 0x0a, 0xff, 0xf3, 0x0a, 0xfd, 0x13, 0x0b, 0xff, 0xf3,
  0x0a, 0xda, 0xb5, 0x02, 0x03, 0x00, 0x00, 0x00, 0x00, 0x00, 0x00, 0xf3, 0x0a, 0xd3, 0x14, 0x0b,
  0xff, 0xf3, 0x0a, 0xfd, 0xf3, 0x0a, 0xfc, 0x34, 0x0b, 0xff, 0xf3, 0x0a, 0x56, 0x00, 0x00, 0x00,
  0xef, 0x01, 0x04, 0x00, 0x00, 0x00, 0x00, 0x00, 0x00, 0xb5, 0x02, 0x03, 0x00, 0x00, 0x00, 0xf2,
  0x12, 0x2e, 0x13, 0x0b, 0xfb, 0xf3, 0x0a, 0xfd, 0xf3, 0x0a, 0xff, 0xf3, 0x0a, 0xfc, 0x14, 0x0b,
  0xff, 0xf3, 0x0a, 0xc5, 0x00, 0x00, 0x00, 0xf7, 0x03, 0x04, 0x00, 0x00, 0x00, 0xf3, 0x0a, 0x37,
  0x13, 0x0b, 0xff, 0xf3, 0x0a, 0xfe, 0xf3, 0x0a, 0xfd, 0x13, 0x0b, 0xff, 0xf3, 0x0a, 0xed, 0xf1,
  0x0a, 0x10, 0x00, 0x00, 0x00, 0x1f, 0x00, 0x01, 0x00, 0x00, 0x00, 0x00, 0x00, 0x00, 0xf7, 0x03,
  0x04, 0x00, 0x00, 0x00, 0xf3, 0x0a, 0x6d, 0x34, 0x0b, 0xff, 0xf3, 0x0a, 0xfc, 0xf3, 0x0a, 0xff,
  0xf3, 0x0a, 0xfb, 0x34, 0x0b, 0xff, 0xf3, 0x0a, 0x80, 0x00, 0x00, 0x00, 0xf7, 0x03, 0x04, 0xef,
  0x03, 0x04, 0x00, 0x00, 0x00, 0xf3, 0x0a, 0x6f, 0x34, 0x0b, 0xff, 0xf3, 0x0a, 0xfb, 0xf3, 0x0a,
  0xfd, 0x13, 0x0b, 0xff, 0xf3, 0x0a, 0xdb, 0xb5, 0x02, 0x06, 0x00, 0x00, 0x00, 0xf3, 0x0a, 0x55,
  0x34, 0x0b, 0xff, 0xf3, 0x0a, 0xfc, 0xf3, 0x0a, 0xff, 0xf3, 0x0a, 0xff, 0xf3, 0x0a, 0xff, 0xf3,
  0x0a, 0xfc, 0xf3, 0x0a, 0xfb, 0xf3, 0x0a, 0xfc, 0xf3, 0x0a, 0xfb, 0xf3, 0x0a, 0xfb, 0xf3, 0x0a,
  0xff, 0x14, 0x0b, 0xff, 0x14, 0x0b, 0xff, 0xf3, 0x0a, 0x7d, 0x00, 0x00, 0x00, 0xb5, 0x02, 0x03,
  0x00, 0x00, 0x00, 0x00, 0x00, 0x00, 0x00, 0x00, 0x00, 0x00, 0x00, 0x00, 0x2a, 0x35, 0x1d, 0x4a,
  0x2d, 0x5b, 0x2a, 0x35, 0x8f, 0x2a, 0x2d, 0xb5, 0x2a, 0x2d, 0xd0, 0x0a, 0x2d, 0xf3, 0x2a, 0x2d,
  0xff, 0x0a, 0x2d, 0xfe, 0x0a, 0x2d, 0xff, 0x2a, 0x2d, 0xff, 0x0a, 0x2d, 0xf6, 0x0a, 0x2d, 0xdd,
  0x2a, 0x2d, 0xc3, 0x2a, 0x35, 0x9f, 0x2a, 0x2d, 0x70, 0x2a, 0x35, 0x3a, 0xeb, 0x3c, 0x08, 0x00,
  0x00, 0x00, 0x00, 0x00, 0x00, 0xef, 0x07, 0x02, 0xef, 0x03, 0x02, 0x00, 0x00, 0x00, 0x00, 0x00,
  0x00, 0x00, 0x00, 0x00, 0x00, 0x00, 0x00, 0x00, 0x00, 0x00, 0xef, 0x03, 0x02, 0x00, 0x00, 0x00,
  0x0a, 0x35, 0x24, 0x2a, 0x2d, 0xfa, 0x2a, 0x35, 0xff, 0x0a, 0x2d, 0xf1, 0x0a, 0x2d, 0xbc, 0x0a,
  0x2d, 0xff, 0x2a, 0x2d, 0xff, 0x0a, 0x2d, 0xff, 0x0a, 0x2d, 0xff, 0x2a, 0x2d, 0xff, 0x6b, 0x35,
  0xff, 0x6b, 0x35, 0xff, 0x2a, 0x35, 0xff, 0x0a, 0x2d, 0xff, 0x0a, 0x2d, 0xff, 0x0a, 0x2d, 0xfe,
  0x2a, 0x35, 0xff, 0x0a, 0x2d, 0xbf, 0x0a, 0x2d, 0xd1, 0x2a, 0x35, 0xff, 0x6b, 0x35, 0xff, 0x0a,
  0x2d, 0x5d, 0x00, 0x00, 0x00, 0xea, 0x2c, 0x18, 0x0a, 0x2d, 0xf0, 0x2a, 0x35, 0xff, 0x0a, 0x2d,
  0xfd, 0x0a, 0x2d, 0xff, 0x0a, 0x2d, 0xfe, 0x0a, 0x2d, 0x2b, 0x00, 0x00, 0x00, 0x0b, 0x2d, 0x0b,
  0x0a, 0x2d, 0xe4, 0x2a, 0x35, 0xff, 0x0a, 0x2d, 0xfd, 0x0a, 0x2d, 0xfc, 0x4b, 0x35, 0xff, 0x2a,
  0x2d, 0x49, 0x00, 0x00, 0x00, 0x4a, 0x55, 0x03, 0x00, 0x00, 0x00, 0x00, 0x00, 0x00, 0xe0, 0x07,
  0x01, 0x00, 0x00, 0x00, 0x0a, 0x2d, 0xc7, 0x4b, 0x35, 0xff, 0x0a, 0x2d, 0xfb, 0x2a, 0x2d, 0xff,
  0x0a, 0x2d, 0xf5, 0x0a, 0x2d, 0x1b, 0xef, 0x07, 0x02, 0xef, 0x03, 0x02, 0x00, 0x00, 0x00, 0x4a,
  0x55, 0x03, 0x00, 0x00, 0x00, 0x2a, 0x2d, 0x3b, 0x4a, 0x35, 0xff, 0x0a, 0x2d, 0xfe, 0x0a, 0x2d,
  0xfd, 0x4a, 0x35, 0xff, 0x0a, 0x2d, 0xde, 0xef, 0x03, 0x02, 0xef, 0x07, 0x02, 0x00, 0x00, 0x00,
  0x00, 0x00, 0x00, 0x00, 0x00, 0x00, 0x00, 0x00, 0x00, 0x00, 0x00, 0x00, 0x00, 0x00, 0x00, 0xef,
  0x03, 0x04, 0x00, 0x00, 0x00, 0xf3, 0x0a, 0x8f, 0x55, 0x13, 0xfe, 0xf3, 0x0a, 0xc6, 0x00, 0x00,
  0x00, 0x00, 0x00, 0x01, 0x00, 0x00, 0x00, 0x00, 0x00, 0x00, 0x00, 0x00, 0x00, 0x00, 0x00, 0x00,
  0x00, 0x00, 0x00, 0x00, 0x00, 0x00, 0x00, 0x00, 0x00, 0x00, 0x00, 0x00, 0x00, 0x00, 0x00, 0x00,
  0x00, 0x00, 0x00, 0x00, 0x00, 0x1f, 0x00, 0x01, 0xef, 0x03, 0x02, 0x33, 0x1b, 0x0a, 0xf3, 0x0a,
  0xdc, 0x35, 0x0b, 0xff, 0xf3, 0x0a, 0xaa, 0x00, 0x00, 0x00, 0xb5, 0x02, 0x03, 0x00, 0x00, 0x00,
  0x00, 0x00, 0x00, 0x00, 0x00, 0x00, 0x00, 0x00, 0x00, 0x00, 0x00, 0x00, 0x00, 0x00, 0x00, 0xb5,
  0x02, 0x03, 0xb5, 0x02, 0x03, 0xf2, 0x0a, 0x36, 0x13, 0x0b, 0xff, 0xf3, 0x0a, 0xfe, 0xf3, 0x0a,
  0xff, 0xf3, 0x0a, 0xfc, 0x34, 0x0b, 0xff, 0xf3, 0x0a, 0xae, 0x00, 0x00, 0x00, 0x33, 0x03, 0x05,
  0x33, 0x03, 0x05, 0x33, 0x03, 0x05, 0xb5, 0x02, 0x03, 0x00, 0x00, 0x00, 0x00, 0x00, 0x00, 0x00,
  0x00, 0x00, 0x00, 0x00, 0x00, 0x00, 0x00, 0x00, 0x00, 0x00, 0x00, 0xef, 0x03, 0x02, 0xb5, 0x02,
  0x03, 0x1f, 0x00, 0x01, 0x00, 0x00, 0x00, 0x00, 0x00, 0x00, 0x00, 0x00, 0x00, 0x00, 0x00, 0x00,
  0xef, 0x01, 0x04, 0x00, 0x00, 0x00, 0xf3, 0x0a, 0x91, 0x34, 0x0b, 0xff, 0xf3, 0x0a, 0xfb, 0xf3,
  0x0a, 0xfc, 0x14, 0x0b, 0xff, 0xf3, 0x0a, 0xb6, 0x00, 0x00, 0x01, 0xb5, 0x02, 0x03, 0x00, 0x00,
  0x00, 0x00, 0x00, 0x00, 0x00, 0x00, 0x00, 0xf7, 0x01, 0x04, 0x00, 0x00, 0x00, 0xf3, 0x0a, 0xbe,
  0x14, 0x0b, 0xff, 0xf3, 0x0a, 0xfc, 0xf3, 0x0a, 0xff, 0xf3, 0x0a, 0xfd, 0x13, 0x0b, 0xff, 0xf3,
  0x0a, 0xe1, 0x72, 0x03, 0x07, 0x00, 0x00, 0x00, 0xef, 0x03, 0x02, 0xf3, 0x0a, 0xd8, 0x13, 0x0b,
  0xff, 0xf3, 0x0a, 0xfd, 0xf3, 0x0a, 0xfc, 0x14, 0x0b, 0xff, 0xf3, 0x0a, 0x4d, 0x00, 0x00, 0x01,
  0xb5, 0x02, 0x03, 0x00, 0x00, 0x00, 0xef, 0x03, 0x02, 0xef, 0x01, 0x04, 0x00, 0x00, 0x00, 0xf3,
  0x0a, 0xc0, 0x14, 0x0b, 0xff, 0xf3, 0x0a, 0xfc, 0xf3, 0x0a, 0xff, 0xf3, 0x0a, 0xfc, 0x14, 0x0b,
  0xff, 0xf3, 0x0a, 0xba, 0x00, 0x00, 0x01, 0x33, 0x03, 0x05, 0x00, 0x00, 0x00, 0xf3, 0x0a, 0x41,
  0x14, 0x0b, 0xff, 0xf3, 0x0a, 0xfd, 0xf3, 0x0a, 0xfd, 0x13, 0x0b, 0xff, 0xf3, 0x0a, 0xe0, 0x52,
  0x02, 0x07, 0x00, 0x00, 0x00, 0x00, 0x00, 0x01, 0x00, 0x00, 0x00, 0xb5, 0x02, 0x03, 0x00, 0x00,
  0x01, 0xd3, 0x0a, 0x14, 0xf3, 0x0a, 0xe9, 0x13, 0x0b, 0xfd, 0xf3, 0x0a, 0xfd, 0xf3, 0x0a, 0xff,
  0xf3, 0x0a, 0xfb, 0x34, 0x0b, 0xff, 0xf3, 0x0a, 0x77, 0x00, 0x00, 0x00, 0xf7, 0x03, 0x04, 0xef,
  0x03, 0x04, 0x00, 0x00, 0x00, 0xf3, 0x0a, 0x6e, 0x34, 0x0b, 0xff, 0xf3, 0x0a, 0xfb, 0xf3, 0x0a,
  0xfd, 0x13, 0x0b, 0xff, 0xf3, 0x0a, 0xdc, 0x72, 0x03, 0x07, 0x00, 0x00, 0x00, 0xf3, 0x0a, 0x4f,
  0x14, 0x0b, 0xff, 0xf3, 0x0a, 0xfc, 0xf3, 0x0a, 0xff, 0xf3, 0x0a, 0xff, 0xf3, 0x0a, 0xff, 0x13,
  0x0b, 0xff, 0x14, 0x0b, 0xff, 0x14, 0x0b, 0xff, 0x34, 0x0b, 0xff, 0x34, 0x0b, 0xff, 0xf3, 0x0a,
  0xfd, 0x13, 0x0b, 0xb5, 0xf3, 0x0a, 0x3c, 0x00, 0x00, 0x00, 0xef, 0x03, 0x02, 0x00, 0x00, 0x00,
  0x00, 0x00, 0x00, 0x00, 0x00, 0x00, 0xe0, 0x07, 0x01, 0x4a, 0x55, 0x03, 0x00, 0x00, 0x00, 0x00,
  0x00, 0x00, 0x00, 0x00, 0x00, 0x00, 0x00, 0x00, 0x00, 0x00, 0x00, 0x0a, 0x2d, 0x88, 0x6b, 0x35,
  0xff, 0x0a, 0x2d, 0xfb, 0x0a, 0x2d, 0xfc, 0x6b, 0x35, 0xff, 0x0a, 0x2d, 0xbb, 0xe7, 0x3d, 0x04,
  0x00, 0x00, 0x00, 0x00, 0x00, 0x00, 0x00, 0x00, 0x00, 0x00, 0x00, 0x00, 0x00, 0x00, 0x00, 0xe7,
  0x3b, 0x04, 0xef, 0x03, 0x02, 0x00, 0x00, 0x00, 0x00, 0x00, 0x00, 0x00, 0x00, 0x00, 0x00, 0x00,
  0x00, 0x00, 0x00, 0x00, 0x00, 0x00, 0x00, 0x00, 0x00, 0x00, 0x00, 0x00, 0x00, 0x4a, 0x55, 0x03,
  0x00, 0x00, 0x00, 0x0a, 0x2d, 0xa5, 0x6b, 0x35, 0xff, 0x0a, 0x2d, 0xfe, 0x6b, 0x35, 0xff, 0x0a,
  0x2d, 0xff, 0x0a, 0x2d, 0xff, 0x0a, 0x2d, 0xff, 0x0a, 0x2d, 0xfe, 0x2a, 0x35, 0xfc, 0x0a, 0x2d,
  0x89, 0x0a, 0x2d, 0x74, 0x2a, 0x2d, 0xf3, 0x2a, 0x35, 0xfe, 0x0a, 0x2d, 0xfe, 0x0a, 0x2d, 0xff,
  0x0a, 0x2d, 0xff, 0x4b, 0x35, 0xff, 0x2a, 0x35, 0xff, 0x4a, 0x35, 0xfd, 0x0a, 0x2d, 0xdd, 0xc9,
  0x34, 0x0a, 0x00, 0x00, 0x00, 0x29, 0x2d, 0x17, 0x0a, 0x2d, 0xf2, 0x2a, 0x35, 0xff, 0x0a, 0x2d,
  0xfd, 0x2a, 0x2d, 0xff, 0x0a, 0x2d, 0xf6, 0xe9, 0x2c, 0x1d, 0x00, 0x00, 0x00, 0xe9, 0x2c, 0x10,
  0x0a, 0x2d, 0xea, 0x2a, 0x35, 0xff, 0x0a, 0x2d, 0xfd, 0x0a, 0x2d, 0xfe, 0x2a, 0x35, 0xff, 0x0a,
  0x2d, 0x37, 0x00, 0x00, 0x00, 0x4a, 0x05, 0x03, 0x00, 0x00, 0x00, 0x00, 0x00, 0x00, 0xe0, 0x07,
  0x01, 0x00, 0x00, 0x00, 0x0a, 0x2d, 0xc7, 0x4b, 0x35, 0xff, 0x0a, 0x2d, 0xfc, 0x2a, 0x2d, 0xfe,
  0x2a, 0x2d, 0xfa, 0x0a, 0x2d, 0x1b, 0x00, 0x00, 0x00, 0x00, 0x00, 0x00, 0xff, 0x07, 0x01, 0xe7,
  0x05, 0x04, 0x00, 0x00, 0x00, 0xea, 0x34, 0x15, 0x0a, 0x2d, 0xf2, 0x2a, 0x35, 0xff, 0x0a, 0x2d,
  0xfe, 0x0a, 0x2d, 0xfd, 0x4b, 0x35, 0xff, 0x2a, 0x2d, 0x5e, 0x00, 0x00, 0x00, 0xe7, 0x3d, 0x04,
  0x2a, 0x35, 0x29, 0x2a, 0x2d, 0x5c, 0x2a, 0x2d, 0x5d, 0xe7, 0x3d, 0x04, 0x00, 0x00, 0x00, 0x33,
  0x03, 0x05, 0x00, 0x00, 0x00, 0xf3, 0x0a, 0x6b, 0x35, 0x0b, 0xff, 0xf3, 0x0a, 0xde, 0xb5, 0x02,
  0x06, 0x00, 0x00, 0x01, 0x00, 0x00, 0x01, 0x00, 0x00, 0x00, 0x00, 0x00, 0x00, 0x00, 0x00, 0x00,
  0x00, 0x00, 0x00, 0x00, 0x00, 0x00, 0x00, 0x00, 0x00, 0x00, 0x00, 0x00, 0x00, 0x00, 0x00, 0x00,
  0x00, 0x00, 0x00, 0x00, 0x00, 0xef, 0x01, 0x04, 0x00, 0x00, 0x00, 0xf3, 0x0a, 0x81, 0x34, 0x0b,
  0xff, 0xf3, 0x0a, 0xf8, 0xf3, 0x0a, 0x29, 0x00, 0x00, 0x01, 0xef, 0x03, 0x02, 0x00, 0x00, 0x00,
  0x00, 0x00, 0x00, 0x00, 0x00, 0x00, 0x00, 0x00, 0x00, 0x00, 0x00, 0x00, 0x00, 0x00, 0x00, 0xef,
  0x03, 0x02, 0x00, 0x00, 0x00, 0xf3, 0x0a, 0x28, 0xf3, 0x0a, 0xfe, 0xf3, 0x0a, 0xff, 0xf3, 0x0a,
  0xff, 0xf3, 0x0a, 0xfc, 0x14, 0x0b, 0xff, 0xf3, 0x0a, 0xc0, 0x00, 0x00, 0x00, 0xe0, 0x07, 0x01,
  0x00, 0x00, 0x00, 0x00, 0x00, 0x00, 0x00, 0x00, 0x00, 0x00, 0x00, 0x00, 0xef, 0x03, 0x02, 0xb5,
  0x02, 0x03, 0xf7, 0x03, 0x04, 0xb5, 0x02, 0x03, 0xff, 0x07, 0x01, 0x00, 0x00, 0x00, 0x00, 0x00,
  0x00, 0x00, 0x00, 0x00, 0x00, 0x00, 0x00, 0x00, 0x00, 0x00, 0x00, 0x00, 0x00, 0x00, 0x00, 0x00,
  0xef, 0x01, 0x04, 0x00, 0x00, 0x00, 0xf3, 0x0a, 0x96, 0x34, 0x0b, 0xff, 0xf3, 0x0a, 0xfb, 0xf3,
  0x0a, 0xfc, 0x14, 0x0b, 0xff, 0xf3, 0x0a, 0xb9, 0x00, 0x00, 0x00, 0xef, 0x03, 0x02, 0x00, 0x00,
  0x00, 0x00, 0x00, 0x00, 0xaf, 0x02, 0x06, 0x00, 0x00, 0x00, 0xd2, 0x0a, 0x67, 0x34, 0x0b, 0xff,
  0xf3, 0x0a, 0xfc, 0xf3, 0x0a, 0xff, 0xf3, 0x0a, 0xff, 0xf3, 0x0a, 0xfe, 0xf3, 0x0a, 0xff, 0xf3,
  0x0a, 0xf1, 0x12, 0x0b, 0x15, 0x00, 0x00, 0x00, 0x00, 0x00, 0x00, 0xf3, 0x0a, 0xcd, 0x14, 0x0b,
  0xff, 0xf3, 0x0a, 0xfd, 0xf3, 0x0a, 0xfb, 0x34, 0x0b, 0xff, 0xf3, 0x0a, 0x68, 0x00, 0x00, 0x00,
  0xf3, 0x02, 0x08, 0xf7, 0x03, 0x04, 0x00, 0x00, 0x01, 0x00, 0x00, 0x00, 0xf3, 0x0a, 0x8d, 0x34,
  0x0b, 0xff, 0xf3, 0x0a, 0xfc, 0xf3, 0x0a, 0xff, 0xf3, 0x0a, 0xff, 0xf3, 0x0a, 0xfc, 0x14, 0x0b,
  0xff, 0xf3, 0x0a, 0xc8, 0x00, 0x00, 0x00, 0xef, 0x01, 0x04, 0x00, 0x00, 0x00, 0xf3, 0x0a, 0x3a,
  0x13, 0x0b, 0xff, 0xf3, 0x0a, 0xfe, 0xf3, 0x0a, 0xfe, 0x13, 0x0b, 0xff, 0xf3, 0x0a, 0xef, 0xf1,
  0x0a, 0x10, 0xb5, 0x02, 0x03, 0xb5, 0x02, 0x03, 0xef, 0x01, 0x04, 0x00, 0x00, 0x00, 0x00, 0x00,
  0x00, 0xf3, 0x0a, 0xb6, 0x14, 0x0b, 0xff, 0xf3, 0x0a, 0xfc, 0xf3, 0x0a, 0xff, 0xf3, 0x0a, 0xff,
  0xf3, 0x0a, 0xfb, 0x34, 0x0b, 0xff, 0xf3, 0x0a, 0x79, 0x00, 0x00, 0x00, 0xf7, 0x03, 0x04, 0xef,
  0x01, 0x04, 0x00, 0x00, 0x00, 0xf3, 0x0a, 0x62, 0x34, 0x0b, 0xff, 0xf3, 0x0a, 0xfb, 0xf3, 0x0a,
  0xfe, 0x13, 0x0b, 0xff, 0xf3, 0x0a, 0xe9, 0xf3, 0x0a, 0x10, 0x00, 0x00, 0x00, 0xf3, 0x0a, 0x37,
  0x13, 0x0b, 0xff, 0xf3, 0x0a, 0xfe, 0xf3, 0x0a, 0xff, 0xf3, 0x0a, 0xff, 0xf3, 0x0a, 0xff, 0xf3,
  0x0a, 0xe0, 0xf3, 0x0a, 0xd5, 0xf3, 0x0a, 0xc7, 0x13, 0x0b, 0xaa, 0x13, 0x0b, 0x76, 0x13, 0x13,
  0x2f, 0x00, 0x00, 0x00, 0x00, 0x00, 0x00, 0xb5, 0x02, 0x03, 0x00, 0x00, 0x00, 0x00, 0x00, 0x00,
  0x00, 0x00, 0x00, 0x00, 0x00, 0x00, 0x00, 0x00, 0x00, 0x00, 0x00, 0x00, 0xef, 0x03, 0x02, 0xe7,
  0x3b, 0x04, 0xe7, 0x3d, 0x04, 0x4a, 0x55, 0x06, 0x00, 0x00, 0x00, 0x0a, 0x2d, 0x57, 0x6b, 0x35,
  0xff, 0x0a, 0x2d, 0xfc, 0x0a, 0x2d, 0xfd, 0x4a, 0x35, 0xff, 0x0a, 0x2d, 0xdf, 0xc6, 0x34, 0x05,
  0xe0, 0x03, 0x02, 0xe7, 0x3d, 0x04, 0xe7, 0x3d, 0x04, 0x4a, 0x55, 0x03, 0xe0, 0x07, 0x01, 0x00,
  0x00, 0x00, 0x00, 0x00, 0x00, 0x00, 0x00, 0x00, 0x00, 0x00, 0x00, 0x00, 0x00, 0x00, 0xe0, 0x07,
  0x01, 0x00, 0x00, 0x00, 0x00, 0x00, 0x00, 0x00, 0x00, 0x00, 0x00, 0x00, 0x00, 0xef, 0x03, 0x02,
  0xe0, 0x07, 0x01, 0x0a, 0x2d, 0x1e, 0x2a, 0x2d, 0xf1, 0x2a, 0x35, 0xfd, 0x0a, 0x2d, 0xfa, 0x0a,
  0x2d, 0xff, 0x0a, 0x2d, 0xff, 0x0a, 0x2d, 0xfc, 0x6b, 0x35, 0xff, 0x0a, 0x2d, 0xbc, 0x00, 0x00,
  0x00, 0x00, 0x00, 0x00, 0x0a, 0x2d, 0x8e, 0x6b, 0x35, 0xff, 0x0a, 0x2d, 0xfb, 0x0a, 0x2d, 0xff,
  0x0a, 0x2d, 0xff, 0x0a, 0x2d, 0xfb, 0x0a, 0x2d, 0xf8, 0x6b, 0x35, 0xff, 0x0a, 0x2d, 0x4d, 0x00,
  0x00, 0x00, 0x00, 0x00, 0x00, 0x0a, 0x2d, 0x16, 0x0a, 0x2d, 0xf2, 0x2a, 0x35, 0xff, 0x0a, 0x2d,
  0xfd, 0x2a, 0x35, 0xff, 0x0a, 0x2d, 0xe9, 0x0b, 0x35, 0x0e, 0x00, 0x00, 0x00, 0x4a, 0x2d, 0x12,
  0x0a, 0x2d, 0xed, 0x2a, 0x35, 0xff, 0x0a, 0x2d, 0xfd, 0x2a, 0x2d, 0xff, 0x0a, 0x2d, 0xfb, 0x2a,
  0x2d, 0x22, 0x00, 0x00, 0x00, 0xef, 0x03, 0x02, 0x00, 0x00, 0x00, 0x00, 0x00, 0x00, 0x4a, 0x55,
  0x03, 0x00, 0x00, 0x00, 0x0a, 0x2d, 0xb3, 0x6b, 0x35, 0xfe, 0x0a, 0x2d, 0xfc, 0x0a, 0x2d, 0xfd,
  0x4a, 0x35, 0xff, 0x2a, 0x2d, 0xa8, 0x2a, 0x2d, 0x30, 0x89, 0x3d, 0x0d, 0x00, 0x00, 0x00, 0x00,
  0x00, 0x00, 0xef, 0x7f, 0x02, 0x00, 0x00, 0x00, 0x0a, 0x2d, 0xbf, 0x4b, 0x35, 0xfe, 0x0a, 0x2d,
  0xfc, 0x0a, 0x2d, 0xfe, 0x2a, 0x35, 0xff, 0x0a, 0x2d, 0xf8, 0x0a, 0x2d, 0xbd, 0x0a, 0x2d, 0xd6,
  0x2a, 0x2d, 0xfd, 0x6b, 0x35, 0xff, 0xab, 0x35, 0xff, 0x0a, 0x2d, 0x8f, 0x00, 0x00, 0x00, 0xcc,
  0x34, 0x05, 0x00, 0x00, 0x00, 0xf3, 0x0a, 0x26, 0xf3, 0x0a, 0xf9, 0x14, 0x0b, 0xff, 0xf3, 0x0a,
  0x57, 0x00, 0x00, 0x00, 0xb5, 0x02, 0x03, 0x00, 0x00, 0x00, 0x00, 0x00, 0x00, 0x00, 0x00, 0x00,
  0x00, 0x00, 0x00, 0x00, 0x00, 0x00, 0x00, 0x00, 0x00, 0x00, 0x00, 0x00, 0x00, 0x00, 0x00, 0x00,
  0x00, 0x00, 0xaa, 0x02, 0x03, 0x00, 0x00, 0x00, 0xf3, 0x0a, 0x2c, 0x13, 0x0b, 0xf6, 0x34, 0x0b,
  0xff, 0xf3, 0x0a, 0x89, 0x00, 0x00, 0x00, 0xb5, 0x02, 0x03, 0x00, 0x00, 0x00, 0x00, 0x00, 0x00,
  0x00, 0x00, 0x00, 0x00, 0x00, 0x00, 0x00, 0x00, 0x00, 0x00, 0x00, 0x00, 0x00, 0x00, 0x00, 0xef,
  0x03, 0x02, 0x00, 0x00, 0x00, 0xf3, 0x12, 0x1e, 0xf3, 0x0a, 0xf8, 0xf3, 0x0a, 0xff, 0xf3, 0x0a,
  0xfe, 0xf3, 0x0a, 0xfd, 0x14, 0x0b, 0xff, 0xf3, 0x0a, 0xd2, 0x00, 0x00, 0x00, 0x00, 0x00, 0x01,
  0x00, 0x00, 0x01, 0x00, 0x00, 0x01, 0x00, 0x00, 0x01, 0x00, 0x00, 0x00, 0x00, 0x00, 0x00, 0x00,
  0x00, 0x00, 0x00, 0x00, 0x00, 0x00, 0x00, 0x00, 0x00, 0x00, 0x00, 0x00, 0x00, 0x00, 0x00, 0x00,
  0x00, 0x00, 0x00, 0x00, 0x00, 0x00, 0x00, 0x00, 0x00, 0x00, 0x00, 0x00, 0x00, 0x00, 0x00, 0x00,
  0xf7, 0x03, 0x04, 0x00, 0x00, 0x00, 0xf3, 0x0a, 0x88, 0x34, 0x0b, 0xff, 0xf3, 0x0a, 0xfb, 0xf3,
  0x0a, 0xfd, 0x13, 0x0b, 0xff, 0xf3, 0x0a, 0xdf, 0xef, 0x03, 0x02, 0xef, 0x01, 0x04, 0xef, 0x01,
  0x04, 0x33, 0x03, 0x05, 0x00, 0x00, 0x00, 0xf3, 0x0a, 0x3c, 0x13, 0x0b, 0xf8, 0x13, 0x0b, 0xfc,
  0xf3, 0x0a, 0xfe, 0xf3, 0x0a, 0xff, 0xf3, 0x0a, 0xff, 0xf3, 0x0a, 0xff, 0xf3, 0x0a, 0xfe, 0x13,
  0x0b, 0xff, 0xf3, 0x0a, 0x31, 0x00, 0x00, 0x00, 0x00, 0x00, 0x00, 0xf3, 0x0a, 0xad, 0x34, 0x0b,
  0xfe, 0xf3, 0x0a, 0xfb, 0xf3, 0x0a, 0xfc, 0x14, 0x0b, 0xff, 0xf3, 0x0a, 0xc7, 0x00, 0x00, 0x00,
  0x00, 0x00, 0x00, 0x00, 0x00, 0x00, 0x72, 0x03, 0x07, 0xf3, 0x0a, 0x95, 0x34, 0x0b, 0xff, 0xf3,
  0x0a, 0xfc, 0xf3, 0x0a, 0xff, 0xf3, 0x0a, 0xff, 0xf3, 0x0a, 0xff, 0xf3, 0x0a, 0xfe, 0x13, 0x0b,
  0xff, 0xf3, 0x0a, 0xef, 0xb3, 0x0a, 0x12, 0x00, 0x00, 0x01, 0x00, 0x00, 0x00, 0xd2, 0x0a, 0x22,
  0xf3, 0x0a, 0xfb, 0xf3, 0x0a, 0xff, 0xf3, 0x0a, 0xfe, 0xf3, 0x0a, 0xfc, 0x14, 0x0b, 0xff, 0xf3,
  0x0a, 0x50, 0x00, 0x00, 0x00, 0x00, 0x00, 0x00, 0x00, 0x00, 0x00, 0xf1, 0x12, 0x0b, 0x13, 0x0b,
  0xaa, 0x34, 0x0b, 0xff, 0xf3, 0x0a, 0xfc, 0xf3, 0x0a, 0xff, 0xf3, 0x0a, 0xff, 0xf3, 0x0a, 0xff,
  0xf3, 0x0a, 0xfb, 0x34, 0x0b, 0xff, 0xf3, 0x0a, 0x8a, 0x00, 0x00, 0x00, 0xf7, 0x03, 0x04, 0xb5,
  0x02, 0x03, 0x00, 0x00, 0x00, 0xf3, 0x0a, 0x49, 0x14, 0x0b, 0xff, 0xf3, 0x0a, 0xfc, 0xf3, 0x0a,
  0xfe, 0xf3, 0x0a, 0xfe, 0xf3, 0x0a, 0xfd, 0xf3, 0x0a, 0x29, 0x00, 0x00, 0x00, 0x13, 0x13, 0x1a,
  0xf3, 0x0a, 0xf7, 0xf3, 0x0a, 0xff, 0xf3, 0x0a, 0xfe, 0xf3, 0x0a, 0xfb, 0x34, 0x0b, 0xff, 0xf3,
  0x0a, 0x72, 0x00, 0x00, 0x00, 0x00, 0x00, 0x00, 0x00, 0x00, 0x00, 0x00, 0x00, 0x00, 0x00, 0x00,
  0x00, 0xef, 0x03, 0x02, 0xef, 0x03, 0x02, 0x00, 0x00, 0x00, 0x00, 0x00, 0x00, 0x00, 0x00, 0x00,
  0x00, 0x00, 0x00, 0x00, 0x00, 0x00, 0x00, 0x00, 0x00, 0x00, 0x00, 0x00, 0x00, 0x00, 0x00, 0x00,
  0x00, 0x00, 0x00, 0x00, 0x00, 0xef, 0x07, 0x02, 0x00, 0x00, 0x00, 0x2a, 0x2d, 0x2d, 0x2a, 0x2d,
  0xfe, 0x0a, 0x2d, 0xfe, 0x0a, 0x2d, 0xfe, 0x0a, 0x2d, 0xfe, 0x2a, 0x2d, 0xfd, 0x2a, 0x2d, 0x2b,
  0x00, 0x00, 0x00, 0xef, 0x03, 0x02, 0x00, 0x00, 0x00, 0x00, 0x00, 0x00, 0x00, 0x00, 0x00, 0x00,
  0x00, 0x00, 0x00, 0x00, 0x00, 0x00, 0x00, 0x00, 0xef, 0x03, 0x02, 0xff, 0x07, 0x01, 0x00, 0x00,
  0x00, 0xef, 0x03, 0x02, 0xef, 0x03, 0x02, 0x00, 0x00, 0x00, 0x00, 0x00, 0x00, 0x00, 0x00, 0x00,
  0x4a, 0x55, 0x03, 0x00, 0x00, 0x00, 0x0a, 0x2d, 0x50, 0x4b, 0x35, 0xff, 0x2a, 0x2d, 0xfe, 0x0a,
  0x2d, 0xfc, 0x0a, 0x2d, 0xff, 0x0a, 0x2d, 0xfd, 0x2a, 0x35, 0xfe, 0x2a, 0x2d, 0xdd, 0x0a, 0x35,
  0x1e, 0x0b, 0x35, 0x0e, 0x2a, 0x35, 0xbf, 0x4b, 0x35, 0xff, 0x0a, 0x2d, 0xfc, 0x0a, 0x2d, 0xff,
  0x0a, 0x2d, 0xfe, 0x0a, 0x2d, 0xfa, 0x8b, 0x35, 0xff, 0x0a, 0x2d, 0x89, 0x00, 0x00, 0x00, 0xe7,
  0x3d, 0x04, 0x00, 0x00, 0x00, 0x2b, 0x35, 0x14, 0x0a, 0x2d, 0xee, 0x2a, 0x35, 0xfe, 0x0a, 0x2d,
  0xfc, 0x4a, 0x35, 0xfe, 0x0a, 0x2d, 0xd6, 0xef, 0x03, 0x02, 0x00, 0x00, 0x00, 0x4a, 0x2d, 0x12,
  0x0a, 0x2d, 0xeb, 0x2a, 0x35, 0xff, 0x0a, 0x2d, 0xfc, 0x2a, 0x35, 0xfe, 0x0a, 0x2d, 0xe5, 0x4a,
  0x3d, 0x09, 0x00, 0x00, 0x00, 0xe0, 0x07, 0x01, 0x00, 0x00, 0x00, 0x00, 0x00, 0x00, 0xe7, 0x3d,
  0x04, 0x00, 0x00, 0x00, 0x0a, 0x2d, 0x7f, 0x6b, 0x35, 0xff, 0x0a, 0x2d, 0xfb, 0x0a, 0x2d, 0xff,
  0x0a, 0x2d, 0xff, 0x4b, 0x35, 0xff, 0x2a, 0x35, 0xff, 0x2a, 0x2d, 0xe3, 0x4b, 0x35, 0xc4, 0x0a,
  0x2d, 0x67, 0x00, 0x00, 0x01, 0x00, 0x00, 0x00, 0x0a, 0x2d, 0x5f, 0x6b, 0x35, 0xff, 0x0a, 0x2d,
  0xfa, 0x0a, 0x2d, 0xff, 0x0a, 0x2d, 0xff, 0x2a, 0x2d, 0xff, 0x6b, 0x35, 0xff, 0x4a, 0x35, 0xff,
  0x0a, 0x2d, 0xff, 0x0a, 0x2d, 0xfa, 0x2a, 0x2d, 0xfb, 0x0a, 0x2d, 0xed, 0x89, 0x35, 0x0a, 0x00,
  0x00, 0x00, 0xb5, 0x02, 0x03, 0x00, 0x00, 0x00, 0xf3, 0x0a, 0xb2, 0x35, 0x0b, 0xff, 0xf3, 0x0a,
  0xdb, 0xb2, 0x12, 0x0c, 0x1f, 0x00, 0x01, 0x1f, 0x00, 0x01, 0x00, 0x00, 0x00, 0x00, 0x00, 0x00,
  0x00, 0x00, 0x00, 0x00, 0x00, 0x00, 0x00, 0x00, 0x00, 0x00, 0x00, 0x00, 0x00, 0x00, 0x00, 0x00,
  0x00, 0x01, 0xb5, 0x02, 0x03, 0xf7, 0x01, 0x04, 0xf3, 0x0a, 0xca, 0x34, 0x0b, 0xff, 0xf3, 0x0a,
  0xdc, 0xb2, 0x12, 0x0c, 0xef, 0x03, 0x02, 0x1f, 0x00, 0x01, 0x00, 0x00, 0x00, 0x00, 0x00, 0x00,
  0x00, 0x00, 0x00, 0x00, 0x00, 0x00, 0x00, 0x00, 0x00, 0x00, 0x00, 0x00, 0x00, 0x00, 0x00, 0x1f,
  0x00, 0x01, 0x00, 0x00, 0x00, 0x13, 0x0b, 0x12, 0xf3, 0x0a, 0xee, 0x13, 0x0b, 0xff, 0xf3, 0x0a,
  0xfe, 0xf3, 0x0a, 0xfe, 0x13, 0x0b, 0xff, 0xf3, 0x0a, 0xe5, 0xb5, 0x1a, 0x09, 0x00, 0x00, 0x00,
  0x1f, 0x00, 0x01, 0x00, 0x00, 0x00, 0x00, 0x00, 0x00, 0x00, 0x00, 0x00, 0x00, 0x00, 0x00, 0x00,
  0x00, 0x00, 0x00, 0x00, 0x00, 0x00, 0x00, 0x00, 0x00, 0x00, 0x00, 0x00, 0x00, 0x00, 0x00, 0x00,
  0x00, 0x00, 0x00, 0x00, 0x00, 0x00, 0x00, 0x00, 0x00, 0x00, 0x00, 0x00, 0x00, 0x00, 0x00, 0x00,
  0xef, 0x01, 0x04, 0x00, 0x00, 0x00, 0xf3, 0x0a, 0x66, 0x34, 0x0b, 0xff, 0xf3, 0x0a, 0xfb, 0xf3,
  0x0a, 0xff, 0xf3, 0x0a, 0xfc, 0x14, 0x0b, 0xff, 0xf3, 0x0a, 0x5d, 0x00, 0x00, 0x00, 0x00, 0x00,
  0x00, 0x00, 0x00, 0x00, 0xf3, 0x0a, 0x44, 0x13, 0x0b, 0xef, 0x13, 0x0b, 0xff, 0xf3, 0x0a, 0xfd,
  0xf3, 0x0a, 0xff, 0xf3, 0x0a, 0xff, 0xf3, 0x0a, 0xff, 0xf3, 0x0a, 0xff, 0xf3, 0x0a, 0xfb, 0x34,
  0x0b, 0xff, 0xf3, 0x0a, 0x67, 0x1f, 0x00, 0x01, 0x00, 0x00, 0x00, 0xf3, 0x0a, 0x6d, 0x34, 0x0b,
  0xff, 0xf3, 0x0a, 0xfb, 0xf3, 0x0a, 0xff, 0xf3, 0x0a, 0xfd, 0x14, 0x0b, 0xff, 0xf3, 0x0a, 0xb5,
  0xf3, 0x0a, 0x56, 0xf3, 0x0a, 0x64, 0xf3, 0x0a, 0xd1, 0x34, 0x0b, 0xff, 0xf3, 0x0a, 0xfc, 0xf3,
  0x0a, 0xff, 0xf3, 0x0a, 0xff, 0xf3, 0x0a, 0xfe, 0xf3, 0x0a, 0xff, 0xf3, 0x0a, 0xff, 0xf3, 0x0a,
  0xfc, 0x34, 0x0b, 0xff, 0xf3, 0x0a, 0x5c, 0x00, 0x00, 0x00, 0xb5, 0x02, 0x03, 0x33, 0x03, 0x05,
  0xf3, 0x0a, 0xdb, 0x13, 0x0b, 0xfe, 0xf3, 0x0a, 0xfd, 0xf3, 0x0a, 0xfd, 0x13, 0x0b, 0xfe, 0xf3,
  0x0a, 0xe4, 0xf3, 0x0a, 0x4f, 0xd2, 0x0a, 0x27, 0xf3, 0x0a, 0x53, 0x13, 0x0b, 0xd3, 0x34, 0x0b,
  0xff, 0xf3, 0x0a, 0xfc, 0xf3, 0x0a, 0xff, 0xf3, 0x0a, 0xff, 0xf3, 0x0a, 0xff, 0xf3, 0x0a, 0xff,
  0xf3, 0x0a, 0xfb, 0x34, 0x0b, 0xff, 0xf3, 0x0a, 0xac, 0x00, 0x00, 0x00, 0xb5, 0x02, 0x03, 0xef,
  0x03, 0x02, 0x00, 0x00, 0x00, 0x12, 0x0b, 0x25, 0xf3, 0x0a, 0xfc, 0xf3, 0x0a, 0xff, 0xf3, 0x0a,
  0xff, 0xf3, 0x0a, 0xfc, 0x34, 0x0b, 0xff, 0xf3, 0x0a, 0x94, 0x00, 0x00, 0x00, 0xf3, 0x0a, 0x3b,
  0x13, 0x0b, 0xfc, 0xf3, 0x0a, 0xfe, 0xf3, 0x0a, 0xff, 0xf3, 0x0a, 0xfd, 0x13, 0x0b, 0xfe, 0xf3,
  0x0a, 0xe3, 0xf1, 0x12, 0x0b, 0x00, 0x00, 0x00, 0x52, 0x02, 0x07, 0x52, 0x02, 0x07, 0xb5, 0x02,
  0x06, 0xf7, 0x03, 0x04, 0x1f, 0x00, 0x01, 0x00, 0x00, 0x00, 0x00, 0x00, 0x00, 0x00, 0x00, 0x00,
  0x00, 0x00, 0x00, 0x00, 0x00, 0x00, 0x00, 0x00, 0x00, 0x00, 0x00, 0x00, 0x00, 0x00, 0x00, 0x00,
  0x00, 0x00, 0x00, 0x00, 0x00, 0xe0, 0x07, 0x01, 0x00, 0x00, 0x00, 0xc9, 0x34, 0x0a, 0x0a, 0x2d,
  0xe6, 0x2a, 0x35, 0xff, 0x0a, 0x2d, 0xfe, 0x0a, 0x2d, 0xfb, 0x6b, 0x35, 0xff, 0x0a, 0x2d, 0x65,
  0x00, 0x00, 0x00, 0xe7, 0x3d, 0x04, 0x00, 0x00, 0x00, 0x00, 0x00, 0x00, 0x00, 0x00, 0x00, 0x00,
  0x00, 0x00, 0x00, 0x00, 0x00, 0x00, 0x00, 0x01, 0x00, 0x00, 0x00, 0x00, 0x00, 0x00, 0xca, 0x35,
  0x0f, 0x00, 0x00, 0x00, 0x00, 0x00, 0x00, 0xef, 0x07, 0x02, 0x00, 0x00, 0x00, 0x00, 0x00, 0x00,
  0x00, 0x00, 0x00, 0x4a, 0x55, 0x03, 0x00, 0x00, 0x00, 0x0a, 0x2d, 0x5e, 0x4a, 0x35, 0xfc, 0x4b,
  0x35, 0xff, 0x0a, 0x2d, 0xfb, 0x0a, 0x2d, 0xfd, 0x0a, 0x2d, 0xfe, 0x4a, 0x35, 0xff, 0x0a, 0x2d,
  0xec, 0x0a, 0x2d, 0xe2, 0x4a, 0x35, 0xff, 0x0a, 0x2d, 0xfe, 0x0a, 0x2d, 0xfd, 0x0a, 0x2d, 0xfb,
  0x2a, 0x35, 0xff, 0x6b, 0x35, 0xff, 0x0a, 0x2d, 0x90, 0x00, 0x00, 0x00, 0x4a, 0x55, 0x03, 0xe0,
  0x03, 0x02, 0x00, 0x00, 0x00, 0xc9, 0x34, 0x0a, 0x0a, 0x2d, 0xef, 0x4a, 0x35, 0xff, 0x0a, 0x2d,
  0xf6, 0x8b, 0x35, 0xff, 0x0a, 0x2d, 0xb7, 0x00, 0x00, 0x00, 0xe0, 0x07, 0x01, 0x4a, 0x3d, 0x09,
  0x0a, 0x2d, 0xec, 0x4a, 0x35, 0xff, 0x0a, 0x2d, 0xf6, 0x6b, 0x35, 0xff, 0x0a, 0x2d, 0xb2, 0x00,
  0x00, 0x00, 0x4a, 0x55, 0x03, 0x00, 0x00, 0x00, 0x00, 0x00, 0x00, 0x00, 0x00, 0x00, 0xef, 0x03,
  0x02, 0x00, 0x00, 0x00, 0x0a, 0x2d, 0x26, 0x2a, 0x2d, 0xfc, 0x2a, 0x2d, 0xfc, 0x0a, 0x2d, 0xfe,
  0x0a, 0x2d, 0xff, 0x0a, 0x2d, 0xfc, 0x0a, 0x2d, 0xff, 0x2a, 0x35, 0xff, 0x6b, 0x35, 0xff, 0x0a,
  0x2d, 0xfb, 0xea, 0x2c, 0x18, 0x00, 0x00, 0x00, 0x89, 0x24, 0x07, 0x0a, 0x2d, 0xcf, 0x6b, 0x35,
  0xff, 0x0a, 0x2d, 0xf9, 0x0a, 0x2d, 0xfe, 0x0a, 0x2d, 0xfe, 0x0a, 0x2d, 0xfc, 0x0a, 0x2d, 0xfd,
  0x0a, 0x2d, 0xfe, 0x0a, 0x2d, 0xf9, 0x4b, 0x35, 0xff, 0x0a, 0x2d, 0xd5, 0xe7, 0x3d, 0x04, 0xe0,
  0x07, 0x01, 0xb5, 0x02, 0x03, 0x00, 0x00, 0x00, 0x13, 0x0b, 0x35, 0xf3, 0x0a, 0xfd, 0x34, 0x0b,
  0xff, 0xf3, 0x0a, 0x77, 0x00, 0x00, 0x00, 0xef, 0x01, 0x04, 0x00, 0x00, 0x00, 0x00, 0x00, 0x00,
  0x00, 0x00, 0x00, 0x00, 0x00, 0x00, 0x00, 0x00, 0x00, 0x00, 0x00, 0x00, 0x00, 0x00, 0x00, 0x33,
  0x03, 0x05, 0x00, 0x00, 0x00, 0xf3, 0x0a, 0x8a, 0x34, 0x0b, 0xff, 0x13, 0x0b, 0xff, 0xf3, 0x0a,
  0x48, 0x00, 0x00, 0x00, 0xb5, 0x02, 0x03, 0x00, 0x00, 0x00, 0x00, 0x00, 0x00, 0x00, 0x00, 0x00,
  0x00, 0x00, 0x00, 0x00, 0x00, 0x00, 0x00, 0x00, 0x00, 0x00, 0x00, 0x00, 0x00, 0x00, 0x00, 0x00,
  0x00, 0x01, 0x00, 0x00, 0x00, 0xb5, 0x02, 0x06, 0xf3, 0x0a, 0xe0, 0x13, 0x0b, 0xff, 0xf3, 0x0a,
  0xfd, 0xf3, 0x0a, 0xfe, 0xf3, 0x0a, 0xff, 0xf3, 0x0a, 0xf7, 0x12, 0x13, 0x1d, 0x00, 0x00, 0x00,
  0xef, 0x03, 0x02, 0x00, 0x00, 0x00, 0x00, 0x00, 0x00, 0x00, 0x00, 0x00, 0x00, 0x00, 0x00, 0x00,
  0x00, 0x00, 0x00, 0x00, 0x00, 0x00, 0x00, 0x00, 0x00, 0x00, 0x00, 0x00, 0x00, 0x00, 0x00, 0x00,
  0x00, 0x00, 0x00, 0x00, 0x00, 0x00, 0x00, 0x00, 0x00, 0x00, 0x00, 0x00, 0x00, 0x00, 0x00, 0x00,
  0xef, 0x03, 0x02, 0x00, 0x00, 0x00, 0xf2, 0x12, 0x2f, 0x13, 0x0b, 0xfe, 0xf3, 0x0a, 0xfe, 0xf3,
  0x0a, 0xff, 0xf3, 0x0a, 0xfe, 0xf3, 0x0a, 0xfe, 0xf3, 0x0a, 0xf7, 0xf3, 0x0a, 0x83, 0xf3, 0x0a,
  0x52, 0xf3, 0x0a, 0x8d, 0x13, 0x0b, 0xfd, 0x13, 0x0b, 0xff, 0xf3, 0x0a, 0xfd, 0xf3, 0x0a, 0xff,
  0xf3, 0x0a, 0xfe, 0xf3, 0x0a, 0xfc, 0xf3, 0x0a, 0xff, 0xf3, 0x0a, 0xff, 0xf3, 0x0a, 0xfc, 0x14,
  0x0b, 0xff, 0xf3, 0x0a, 0xb8, 0x00, 0x00, 0x00, 0x00, 0x00, 0x00, 0xd3, 0x12, 0x1c, 0xf3, 0x0a,
  0xf7, 0xf3, 0x0a, 0xfd, 0xf3, 0x0a, 0xfe, 0xf3, 0x0a, 0xff, 0xf3, 0x0a, 0xfe, 0x14, 0x0b, 0xff,
  0x34, 0x0b, 0xff, 0x34, 0x0b, 0xff, 0x14, 0x0b, 0xff, 0xf3, 0x0a, 0xfc, 0xf3, 0x0a, 0xff, 0xf3,
  0x0a, 0xfe, 0xf3, 0x0a, 0xfe, 0xf3, 0x0a, 0xff, 0xf3, 0x0a, 0xff, 0xf3, 0x0a, 0xff, 0xf3, 0x0a,
  0xfd, 0x14, 0x0b, 0xff, 0xf3, 0x0a, 0xd3, 0xb5, 0x02, 0x03, 0xf7, 0x03, 0x04, 0x00, 0x00, 0x00,
  0xf3, 0x0a, 0x92, 0x34, 0x0b, 0xff, 0xf3, 0x0a, 0xfb, 0xf3, 0x0a, 0xff, 0xf3, 0x0a, 0xff, 0x13,
  0x0b, 0xff, 0x14, 0x0b, 0xff, 0xf3, 0x0a, 0xfc, 0x14, 0x0b, 0xff, 0x14, 0x0b, 0xff, 0xf3, 0x0a,
  0xfc, 0xf3, 0x0a, 0xff, 0xf3, 0x0a, 0xfe, 0xf3, 0x0a, 0xfc, 0xf3, 0x0a, 0xff, 0xf3, 0x0a, 0xff,
  0xf3, 0x0a, 0xfd, 0x13, 0x0b, 0xff, 0xf3, 0x0a, 0xdf, 0x33, 0x03, 0x05, 0x00, 0x00, 0x01, 0x1f,
  0x00, 0x01, 0x00, 0x00, 0x01, 0xef, 0x01, 0x04, 0xf3, 0x0a, 0xd9, 0x13, 0x0b, 0xfe, 0xf3, 0x0a,
  0xfd, 0xf3, 0x0a, 0xff, 0xf3, 0x0a, 0xff, 0x13, 0x0b, 0xff, 0xf3, 0x0a, 0xd1, 0xf3, 0x0a, 0xec,
  0x13, 0x0b, 0xff, 0xf3, 0x0a, 0xfe, 0xf3, 0x0a, 0xff, 0xf3, 0x0a, 0xff, 0xf3, 0x0a, 0xfd, 0x14,
  0x0b, 0xff, 0xf3, 0x0a, 0xae, 0xd2, 0x0a, 0x11, 0x00, 0x00, 0x00, 0x00, 0x00, 0x00, 0x00, 0x00,
  0x00, 0x00, 0x00, 0x00, 0x00, 0x00, 0x00, 0x00, 0x00, 0x00, 0x00, 0x00, 0x00, 0x00, 0x00, 0x00,
  0x00, 0x00, 0x00, 0x00, 0x00, 0x00, 0x00, 0x00, 0x00, 0x00, 0x00, 0x00, 0x00, 0x00, 0x00, 0x00,
  0x00, 0x00, 0x00, 0x00, 0x00, 0x00, 0x00, 0x00, 0xef, 0x03, 0x02, 0x00, 0x00, 0x00, 0x0a, 0x2d,
  0xb9, 0x6b, 0x35, 0xff, 0x0a, 0x2d, 0xfc, 0x0a, 0x2d, 0xfb, 0x6b, 0x35, 0xff, 0x0a, 0x2d, 0xab,
  0x00, 0x00, 0x00, 0x4a, 0x55, 0x03, 0x00, 0x00, 0x00, 0x00, 0x00, 0x00, 0x00, 0x00, 0x00, 0x00,
  0x00, 0x00, 0xef, 0x03, 0x02, 0x00, 0x00, 0x00, 0x0a, 0x35, 0x24, 0x4a, 0x35, 0xb7, 0x4a, 0x35,
  0xe7, 0x2a, 0x35, 0xb2, 0x0a, 0x2d, 0x2b, 0x00, 0x00, 0x00, 0xe7, 0x3b, 0x04, 0x00, 0x00, 0x00,
  0x00, 0x00, 0x00, 0x00, 0x00, 0x00, 0xe7, 0x3b, 0x04, 0x00, 0x00, 0x00, 0xea, 0x2c, 0x3d, 0x2a,
  0x35, 0xd1, 0x6b, 0x35, 0xff, 0x4b, 0x35, 0xff, 0x2a, 0x2d, 0xff, 0x0a, 0x2d, 0xfb, 0x0a, 0x2d,
  0xff, 0x2a, 0x35, 0xff, 0x0a, 0x2d, 0xfb, 0x0a, 0x2d, 0xff, 0x4a, 0x35, 0xff, 0x6b, 0x35, 0xff,
  0x2a, 0x35, 0xea, 0x0a, 0x2d, 0x64, 0x00, 0x00, 0x00, 0xef, 0x7f, 0x02, 0x00, 0x00, 0x01, 0x00,
  0x00, 0x00, 0xef, 0x7f, 0x02, 0x00, 0x00, 0x00, 0x0a, 0x2d, 0x7f, 0x4a, 0x35, 0xfe, 0x6b, 0x35,
  0xff, 0x4a, 0x35, 0xeb, 0x0a, 0x2d, 0x3d, 0x00, 0x00, 0x01, 0xcc, 0x34, 0x05, 0x00, 0x00, 0x00,
  0x0a, 0x2d, 0x7b, 0x6b, 0x35, 0xff, 0x6b, 0x35, 0xff, 0x4a, 0x35, 0xf6, 0x0a, 0x2d, 0x37, 0xe0,
  0x07, 0x01, 0x4a, 0x55, 0x03, 0x00, 0x00, 0x00, 0x00, 0x00, 0x00, 0x00, 0x00, 0x00, 0x00, 0x00,
  0x00, 0x4a, 0x55, 0x03, 0x00, 0x00, 0x00, 0x0a, 0x2d, 0x80, 0x8b, 0x35, 0xff, 0x0a, 0x2d, 0xfb,
  0x0a, 0x2d, 0xfb, 0x0a, 0x2d, 0xfd, 0x0a, 0x2d, 0xfc, 0x0a, 0x2d, 0xfa, 0x0a, 0x2d, 0xf8, 0x0a,
  0x2d, 0xfe, 0x2a, 0x2d, 0x22, 0x00, 0x00, 0x00, 0x00, 0x00, 0x00, 0x2a, 0x2d, 0x26, 0x4a, 0x35,
  0xe2, 0x8b, 0x35, 0xff, 0x2a, 0x2d, 0xff, 0x0a, 0x2d, 0xfe, 0x0a, 0x2d, 0xfc, 0x0a, 0x2d, 0xfd,
  0x2a, 0x2d, 0xff, 0x6b, 0x35, 0xff, 0x4b, 0x35, 0xfe, 0x0a, 0x2d, 0x50, 0x00, 0x00, 0x00, 0x4a,
  0x55, 0x03, 0x00, 0x00, 0x00, 0xb5, 0x02, 0x03, 0x00, 0x00, 0x00, 0xf2, 0x0a, 0x97, 0x55, 0x13,
  0xfe, 0xf3, 0x0a, 0xc0, 0x00, 0x00, 0x00, 0xef, 0x03, 0x02, 0xff, 0x07, 0x01, 0xf7, 0x03, 0x04,
  0xef, 0x01, 0x04, 0xef, 0x03, 0x04, 0xef, 0x01, 0x04, 0xef, 0x01, 0x04, 0xb5, 0x02, 0x06, 0x00,
  0x00, 0x00, 0xf3, 0x0a, 0x50, 0x13, 0x0b, 0xff, 0x34, 0x0b, 0xff, 0xf3, 0x0a, 0xa2, 0x00, 0x00,
  0x00, 0xef, 0x01, 0x04, 0x00, 0x00, 0x00, 0x00, 0x00, 0x00, 0x00, 0x00, 0x00, 0x00, 0x00, 0x00,
  0x00, 0x00, 0x00, 0x00, 0x00, 0x00, 0x00, 0x00, 0x00, 0x00, 0x00, 0x00, 0x00, 0x00, 0x00, 0x00,
  0x00, 0x00, 0x00, 0x00, 0x01, 0x00, 0x00, 0x00, 0xf3, 0x0a, 0xce, 0x14, 0x0b, 0xff, 0xf3, 0x0a,
  0xfd, 0xf3, 0x0a, 0xff, 0xf3, 0x0a, 0xfe, 0x13, 0x0b, 0xff, 0xf3, 0x0a, 0x37, 0x00, 0x00, 0x00,
  0xb5, 0x02, 0x03, 0x00, 0x00, 0x00, 0x00, 0x00, 0x00, 0x00, 0x00, 0x00, 0x00, 0x00, 0x00, 0x00,
  0x00, 0x00, 0x00, 0x00, 0x00, 0x00, 0x00, 0x00, 0x00, 0x00, 0x00, 0x00, 0x00, 0x00, 0x00, 0x00,
  0x00, 0x00, 0x00, 0x00, 0x00, 0x00, 0x00, 0x00, 0x00, 0x00, 0x00, 0x00, 0x00, 0x00, 0x00, 0x00,
  0x00, 0x00, 0x00, 0xef, 0x03, 0x02, 0xef, 0x03, 0x02, 0xf3, 0x0a, 0xce, 0x14, 0x0b, 0xfe, 0xf3,
  0x0a, 0xfc, 0xf3, 0x0a, 0xff, 0xf3, 0x0a, 0xff, 0xf3, 0x0a, 0xff, 0x34, 0x0b, 0xff, 0x14, 0x0b,
  0xff, 0x34, 0x0b, 0xff, 0xf3, 0x0a, 0xff, 0xf3, 0x0a, 0xfe, 0xf3, 0x0a, 0xff, 0xf3, 0x0a, 0xfd,
  0xf3, 0x0a, 0xff, 0x14, 0x0b, 0xff, 0xf3, 0x0a, 0xff, 0xf3, 0x0a, 0xff, 0xf3, 0x0a, 0xff, 0xf3,
  0x0a, 0xfe, 0x13, 0x0b, 0xfa, 0xd2, 0x0a, 0x2a, 0x1f, 0x00, 0x01, 0x00, 0x00, 0x00, 0xf3, 0x0a,
  0x91, 0x35, 0x0b, 0xff, 0xf3, 0x0a, 0xf9, 0xf3, 0x0a, 0xff, 0xf3, 0x0a, 0xff, 0xf3, 0x0a, 0xfc,
  0xf3, 0x0a, 0xfc, 0xf3, 0x0a, 0xfb, 0xf3, 0x0a, 0xfd, 0xf3, 0x0a, 0xff, 0xf3, 0x0a, 0xfc, 0x13,
  0x0b, 0xff, 0xf3, 0x0a, 0xff, 0xf3, 0x0a, 0xec, 0xf3, 0x0a, 0xfe, 0xf3, 0x0a, 0xfe, 0xf3, 0x0a,
  0xff, 0xf3, 0x0a, 0xfc, 0x34, 0x0b, 0xff, 0xf3, 0x0a, 0x71, 0x00, 0x00, 0x00, 0x00, 0x00, 0x01,
  0x13, 0x0b, 0x27, 0x13, 0x0b, 0xfb, 0xf3, 0x0a, 0xfc, 0xf3, 0x0a, 0xfe, 0xf3, 0x0a, 0xff, 0xf3,
  0x0a, 0xfe, 0xf3, 0x0a, 0xfd, 0xf3, 0x0a, 0xff, 0xf3, 0x0a, 0xfd, 0xf3, 0x0a, 0xfd, 0xf3, 0x0a,
  0xff, 0xf3, 0x0a, 0xfd, 0xf3, 0x0a, 0xff, 0x14, 0x0b, 0xff, 0xf3, 0x0a, 0xff, 0xf3, 0x0a, 0xff,
  0xf3, 0x0a, 0xff, 0xf3, 0x0a, 0xfd, 0x14, 0x0b, 0xff, 0xf2, 0x0a, 0x40, 0x1f, 0x00, 0x01, 0xef,
  0x01, 0x04, 0xef, 0x01, 0x04, 0x00, 0x00, 0x00, 0xf3, 0x0a, 0x8b, 0x34, 0x0b, 0xff, 0xf3, 0x0a,
  0xfb, 0xf3, 0x0a, 0xff, 0xf3, 0x0a, 0xff, 0xf3, 0x0a, 0xfe, 0x14, 0x0b, 0xff, 0x13, 0x0b, 0xff,
  0xf3, 0x0a, 0xff, 0xf3, 0x0a, 0xff, 0xf3, 0x0a, 0xfd, 0xf3, 0x0a, 0xff, 0xf3, 0x0a, 0xff, 0xf3,
  0x0a, 0xfd, 0x14, 0x0b, 0xff, 0xf3, 0x0a, 0xe6, 0xf3, 0x0a, 0xbb, 0xf3, 0x0a, 0xb3, 0x13, 0x0b,
  0xa2, 0x13, 0x0b, 0x67, 0xb2, 0x12, 0x0c, 0x00, 0x00, 0x00, 0x1f, 0x00, 0x01, 0x00, 0x00, 0x00,
  0x00, 0x00, 0x00, 0x00, 0x00, 0x00, 0x00, 0x00, 0x00, 0x00, 0x00, 0x00, 0x00, 0x00, 0x00, 0x00,
  0x00, 0x00, 0x00, 0x00, 0x00, 0x00, 0x00, 0x00, 0xe7, 0x3d, 0x04, 0x00, 0x00, 0x00, 0x0a, 0x35,
  0x7f, 0x6b, 0x35, 0xff, 0x0a, 0x2d, 0xfb, 0x0a, 0x2d, 0xfe, 0x2a, 0x35, 0xff, 0x0a, 0x2d, 0xe9,
  0x4a, 0x2d, 0x0c, 0x00, 0x00, 0x00, 0xe0, 0x07, 0x01, 0x00, 0x00, 0x00, 0x00, 0x00, 0x00, 0x00,
  0x00, 0x00, 0xe0, 0x03, 0x02, 0xe7, 0x3d, 0x04, 0x0a, 0x2d, 0xcb, 0x8b, 0x35, 0xff, 0x0a, 0x2d,
  0xff, 0x6b, 0x35, 0xff, 0x4a, 0x35, 0xef, 0xea, 0x2c, 0x3b, 0x00, 0x00, 0x00, 0xc6, 0x34, 0x05,
  0x00, 0x00, 0x00, 0x00, 0x00, 0x00, 0x00, 0x00, 0x00, 0x4a, 0x55, 0x03, 0x00, 0x00, 0x00, 0x69,
  0x23, 0x07, 0x2a, 0x2d, 0x67, 0x2a, 0x2d, 0xc6, 0x2a, 0x2d, 0xf9, 0x6b, 0x35, 0xff, 0x6b, 0x35,
  0xff, 0x6b, 0x35, 0xff, 0x6b, 0x35, 0xff, 0x2a, 0x35, 0xff, 0x2a, 0x2d, 0xd7, 0x2a, 0x2d, 0x82,
  0xe9, 0x34, 0x1a, 0x00, 0x00, 0x00, 0xef, 0x07, 0x02, 0x00, 0x00, 0x00, 0x00, 0x00, 0x00, 0x00,
  0x00, 0x00, 0x00, 0x00, 0x00, 0x00, 0x00, 0x01, 0x00, 0x00, 0x00, 0x2a, 0x2d, 0x2e, 0x8b, 0x35,
  0x56, 0xe9, 0x34, 0x1a, 0x00, 0x00, 0x00, 0xe0, 0x07, 0x01, 0x00, 0x00, 0x00, 0xe0, 0x07, 0x01,
  0x00, 0x00, 0x00, 0x0a, 0x2d, 0x36, 0x8b, 0x35, 0x65, 0xea, 0x2c, 0x2f, 0x00, 0x00, 0x00, 0xe7,
  0x3d, 0x04, 0x00, 0x00, 0x00, 0x00, 0x00, 0x00, 0x00, 0x00, 0x00, 0x00, 0x00, 0x00, 0x00, 0x00,
  0x00, 0x00, 0x00, 0x01, 0x4a, 0x55, 0x03, 0x00, 0x00, 0x00, 0x2a, 0x2d, 0x8f, 0x6b, 0x35, 0xff,
  0x6b, 0x35, 0xff, 0x4b, 0x35, 0xff, 0x4a, 0x35, 0xff, 0x4a, 0x35, 0xff, 0xab, 0x35, 0xff, 0x0a,
  0x2d, 0xbc, 0x4a, 0x55, 0x03, 0xe0, 0x03, 0x02, 0xef, 0x03, 0x02, 0x00, 0x00, 0x00, 0x0a, 0x2d,
  0x1b, 0x2a, 0x35, 0x9e, 0x2a, 0x35, 0xed, 0x4a, 0x35, 0xff, 0x6b, 0x35, 0xff, 0x4b, 0x35, 0xff,
  0x2a, 0x35, 0xf4, 0x2a, 0x35, 0xb2, 0xea, 0x2c, 0x3b, 0x00, 0x00, 0x00, 0xe0, 0x03, 0x02, 0x00,
  0x00, 0x00, 0x1f, 0x00, 0x01, 0xb5, 0x02, 0x03, 0x72, 0x03, 0x07, 0xf3, 0x0a, 0xc0, 0x35, 0x0b,
  0xff, 0xf3, 0x0a, 0xa4, 0xb5, 0x02, 0x03, 0x33, 0x03, 0x05, 0x00, 0x00, 0x00, 0x00, 0x00, 0x00,
  0x00, 0x00, 0x00, 0x00, 0x00, 0x00, 0x00, 0x00, 0x00, 0x00, 0x00, 0x00, 0x00, 0x00, 0x00, 0x13,
  0x13, 0x2f, 0xf3, 0x0a, 0xee, 0x14, 0x0b, 0xff, 0xf3, 0x0a, 0xe7, 0x33, 0x0b, 0x14, 0xef, 0x03,
  0x02, 0xef, 0x03, 0x02, 0x00, 0x00, 0x00, 0x00, 0x00, 0x00, 0x00, 0x00, 0x00, 0x00, 0x00, 0x00,
  0x00, 0x00, 0x00, 0x00, 0x00, 0x00, 0x00, 0x00, 0x00, 0x00, 0x00, 0x00, 0x00, 0x00, 0x00, 0x00,
  0x00, 0x00, 0xb5, 0x02, 0x03, 0x00, 0x00, 0x00, 0xf3, 0x0a, 0xb6, 0x14, 0x0b, 0xff, 0xf3, 0x0a,
  0xfc, 0xf3, 0x0a, 0xff, 0xf3, 0x0a, 0xfb, 0x34, 0x0b, 0xff, 0xf3, 0x0a, 0x5a, 0x00, 0x00, 0x00,
  0xef, 0x01, 0x04, 0x00, 0x00, 0x00, 0x00, 0x00, 0x00, 0x00, 0x00, 0x00, 0x00, 0x00, 0x00, 0x00,
  0x00, 0x00, 0x00, 0x00, 0x00, 0x00, 0x00, 0x00, 0x00, 0x00, 0x00, 0x00, 0x00, 0x00, 0x00, 0x00,
  0x00, 0x00, 0x00, 0x00, 0x00, 0x00, 0x00, 0x00, 0x00, 0x00, 0x00, 0x00, 0x00, 0x00, 0x00, 0x00,
  0x00, 0x00, 0x00, 0xb5, 0x02, 0x03, 0x00, 0x00, 0x00, 0xf3, 0x0a, 0x51, 0x34, 0x0b, 0xff, 0xf3,
  0x0a, 0xfa, 0xf3, 0x0a, 0xfe, 0xf3, 0x0a, 0xff, 0xf3, 0x0a, 0xfe, 0xf3, 0x0a, 0xfb, 0xf3, 0x0a,
  0xfc, 0xf3, 0x0a, 0xfb, 0xf3, 0x0a, 0xfe, 0xf3, 0x0a, 0xff, 0xf3, 0x0a, 0xfb, 0x13, 0x0b, 0xff,
  0xf3, 0x0a, 0xfc, 0xf3, 0x0a, 0x7d, 0xf3, 0x0a, 0xf2, 0xf3, 0x0a, 0xff, 0xf3, 0x0a, 0xfe, 0xf3,
  0x0a, 0xfc, 0x14, 0x0b, 0xff, 0xf3, 0x0a, 0xb7, 0x00, 0x00, 0x00, 0xb5, 0x02, 0x03, 0xd4, 0x12,
  0x0e, 0xf3, 0x0a, 0xcf, 0x34, 0x0b, 0xff, 0xf3, 0x0a, 0xfc, 0xf3, 0x0a, 0xfb, 0xf3, 0x0a, 0xfc,
  0xf3, 0x0a, 0xfc, 0xf3, 0x0a, 0xfc, 0xf3, 0x0a, 0xfb, 0xf3, 0x0a, 0xfd, 0x14, 0x0b, 0xff, 0x14,
  0x0b, 0xfb, 0xf3, 0x0a, 0x5b, 0xf3, 0x0a, 0x56, 0x34, 0x0b, 0xff, 0xf3, 0x0a, 0xfb, 0xf3, 0x0a,
  0xff, 0xf3, 0x0a, 0xfe, 0xf3, 0x0a, 0xfe, 0xf3, 0x0a, 0xf2, 0x33, 0x13, 0x1c, 0x00, 0x00, 0x01,
  0x00, 0x00, 0x00, 0xf3, 0x0a, 0x7e, 0x35, 0x0b, 0xff, 0xf3, 0x0a, 0xfa, 0xf3, 0x0a, 0xfd, 0xf3,
  0x0a, 0xff, 0xf3, 0x0a, 0xff, 0xf3, 0x0a, 0xfe, 0xf3, 0x0a, 0xfe, 0xf3, 0x0a, 0xfd, 0xf3, 0x0a,
  0xfb, 0x14, 0x0b, 0xff, 0xf3, 0x0a, 0xf7, 0xf3, 0x0a, 0x76, 0xf3, 0x0a, 0xed, 0x13, 0x0b, 0xff,
  0xf3, 0x0a, 0xfe, 0xf3, 0x0a, 0xfc, 0x14, 0x0b, 0xff, 0xf3, 0x0a, 0xbe, 0x00, 0x00, 0x00, 0x1f,
  0x00, 0x01, 0xb5, 0x02, 0x06, 0x1f, 0x00, 0x01, 0x13, 0x0b, 0x22, 0xf3, 0x0a, 0xfa, 0x13, 0x0b,
  0xfc, 0xf3, 0x0a, 0xfc, 0xf3, 0x0a, 0xff, 0xf3, 0x0a, 0xff, 0xf3, 0x0a, 0xfd, 0xf3, 0x0a, 0xfe,
  0xf3, 0x0a, 0xfd, 0xf3, 0x0a, 0xfe, 0x13, 0x0b, 0xff, 0xf3, 0x0a, 0xfc, 0xf3, 0x0a, 0xff, 0xf3,
  0x0a, 0xff, 0xf3, 0x0a, 0xfd, 0x13, 0x0b, 0xff, 0x14, 0x0b, 0xff, 0x14, 0x0b, 0xff, 0x14, 0x0b,
  0xff, 0x55, 0x0b, 0xff, 0xf3, 0x0a, 0xbf, 0xaf, 0x02, 0x06, 0xef, 0x03, 0x02, 0x00, 0x00, 0x00,
  0x00, 0x00, 0x00, 0x00, 0x00, 0x00, 0x00, 0x00, 0x00, 0x00, 0x00, 0x00, 0x00, 0x00, 0x00, 0x00,
  0x00, 0x00, 0x00, 0x00, 0x00, 0x00, 0x00, 0x00, 0x4a, 0x55, 0x03, 0x00, 0x00, 0x00, 0x0a, 0x2d,
  0x40, 0x4a, 0x35, 0xff, 0x0a, 0x2d, 0xfd, 0x0a, 0x2d, 0xff, 0x0a, 0x2d, 0xfd, 0x4b, 0x35, 0xff,
  0x0a, 0x2d, 0x46, 0x00, 0x00, 0x00, 0x4a, 0x55, 0x03, 0x00, 0x00, 0x00, 0x00, 0x00, 0x00, 0xef,
  0x03, 0x02, 0x00, 0x00, 0x00, 0x0a, 0x2d, 0x1c, 0x0a, 0x2d, 0xfb, 0x0a, 0x2d, 0xfc, 0x0a, 0x2d,
  0xfd, 0x0a, 0x2d, 0xfa, 0x4a, 0x35, 0xff, 0x2a, 0x2d, 0xf0, 0xea, 0x2c, 0x3a, 0x00, 0x00, 0x00,
  0xc6, 0x34, 0x05, 0x00, 0x00, 0x01, 0x00, 0x00, 0x00, 0x00, 0x00, 0x00, 0xef, 0x07, 0x02, 0x00,
  0x00, 0x00, 0x00, 0x00, 0x00, 0x00, 0x00, 0x00, 0x2a, 0x35, 0x23, 0x2a, 0x2d, 0x4c, 0x2a, 0x2d,
  0x65, 0x2a, 0x2d, 0x68, 0x4a, 0x35, 0x53, 0x2b, 0x35, 0x2e, 0xe7, 0x3d, 0x04, 0x00, 0x00, 0x00,
  0x00, 0x00, 0x00, 0x4a, 0x55, 0x03, 0x00, 0x00, 0x00, 0x00, 0x00, 0x00, 0x00, 0x00, 0x00, 0x00,
  0x00, 0x00, 0x00, 0x00, 0x00, 0x00, 0x00, 0x00, 0xef, 0x03, 0x02, 0x00, 0x00, 0x00, 0x00, 0x00,
  0x00, 0x00, 0x00, 0x00, 0xef, 0x03, 0x02, 0x00, 0x00, 0x00, 0x00, 0x00, 0x00, 0x00, 0x00, 0x00,
  0xef, 0x03, 0x02, 0x00, 0x00, 0x00, 0x00, 0x00, 0x00, 0x00, 0x00, 0x00, 0x00, 0x00, 0x00, 0x00,
  0x00, 0x00, 0xe0, 0x07, 0x01, 0x00, 0x00, 0x00, 0x00, 0x00, 0x00, 0x00, 0x00, 0x00, 0x00, 0x00,
  0x00, 0x00, 0x00, 0x00, 0x00, 0x00, 0x00, 0xe0, 0x07, 0x01, 0x00, 0x00, 0x00, 0x0a, 0x2d, 0x46,
  0x4a, 0x35, 0x9d, 0x2a, 0x2d, 0xca, 0x2a, 0x2d, 0xd5, 0x2a, 0x35, 0xc4, 0x2a, 0x35, 0x83, 0xe9,
  0x2c, 0x10, 0x00, 0x00, 0x00, 0xe0, 0x07, 0x01, 0x00, 0x00, 0x00, 0xef, 0x03, 0x02, 0x00, 0x00,
  0x00, 0x00, 0x00, 0x00, 0x4a, 0x35, 0x15, 0x4a, 0x2d, 0x3b, 0x4a, 0x35, 0x4d, 0x2a, 0x35, 0x43,
  0x2a, 0x35, 0x1d, 0x00, 0x00, 0x00, 0x00, 0x00, 0x00, 0xef, 0x03, 0x02, 0x00, 0x00, 0x00, 0x00,
  0x00, 0x00, 0xef, 0x01, 0x04, 0x00, 0x00, 0x00, 0xf3, 0x0a, 0x89, 0x34, 0x0b, 0xff, 0x14, 0x0b,
  0xfd, 0xf3, 0x0a, 0x5e, 0x00, 0x00, 0x00, 0x00, 0x00, 0x00, 0xd3, 0x0a, 0x19, 0x14, 0x0b, 0x7c,
  0x13, 0x0b, 0x8f, 0xf3, 0x0a, 0x75, 0xf3, 0x0a, 0x64, 0xf3, 0x0a, 0x71, 0xf3, 0x0a, 0x9e, 0xf3,
  0x0a, 0xed, 0x14, 0x0b, 0xff, 0x13, 0x0b, 0xfa, 0xf3, 0x0a, 0x40, 0x00, 0x00, 0x00, 0xb5, 0x02,
  0x03, 0x00, 0x00, 0x00, 0x00, 0x00, 0x00, 0x00, 0x00, 0x00, 0x00, 0x00, 0x00, 0x00, 0x00, 0x00,
  0x00, 0x00, 0x00, 0x00, 0x00, 0x00, 0x00, 0x00, 0x00, 0x00, 0x00, 0x00, 0x00, 0x00, 0x00, 0x00,
  0x00, 0x00, 0xef, 0x01, 0x04, 0x00, 0x00, 0x00, 0xf3, 0x0a, 0x95, 0x34, 0x0b, 0xff, 0xf3, 0x0a,
  0xfb, 0xf3, 0x0a, 0xff, 0xf3, 0x0a, 0xfb, 0x34, 0x0b, 0xff, 0xf3, 0x0a, 0x82, 0x00, 0x00, 0x00,
  0xf7, 0x03, 0x04, 0x00, 0x00, 0x00, 0x00, 0x00, 0x00, 0x00, 0x00, 0x00, 0x00, 0x00, 0x00, 0x00,
  0x00, 0x00, 0x00, 0x00, 0x00, 0x00, 0x00, 0x00, 0x00, 0x00, 0x00, 0x00, 0x00, 0x00, 0x00, 0x00,
  0x00, 0x00, 0x00, 0x00, 0x00, 0x00, 0x00, 0x00, 0x00, 0x00, 0x00, 0x00, 0x00, 0x00, 0x00, 0x00,
  0x00, 0x00, 0x00, 0x00, 0x00, 0x00, 0xb5, 0x02, 0x03, 0x00, 0x00, 0x00, 0xf3, 0x0a, 0x99, 0x35,
  0x0b, 0xff, 0xf3, 0x0a, 0xfc, 0xf3, 0x0a, 0xfb, 0xf3, 0x0a, 0xfe, 0xf3, 0x0a, 0xfe, 0xf3, 0x0a,
  0xfe, 0xf3, 0x0a, 0xfd, 0xf3, 0x0a, 0xfb, 0xf3, 0x0a, 0xfd, 0x34, 0x0b, 0xff, 0x13, 0x0b, 0xe8,
  0xf3, 0x0a, 0x48, 0x00, 0x00, 0x00, 0xf3, 0x0a, 0xb0, 0x34, 0x0b, 0xff, 0xf3, 0x0a, 0xfb, 0xf3,
  0x0a, 0xff, 0xf3, 0x0a, 0xfc, 0x34, 0x0b, 0xff, 0xf3, 0x0a, 0x89, 0x00, 0x00, 0x00, 0x00, 0x00,
  0x00, 0xd2, 0x0a, 0x1a, 0x13, 0x0b, 0xb7, 0x34, 0x0b, 0xff, 0x34, 0x0b, 0xff, 0x14, 0x0b, 0xff,
  0x14, 0x0b, 0xff, 0x14, 0x0b, 0xff, 0x34, 0x0b, 0xff, 0x13, 0x0b, 0xff, 0x13, 0x0b, 0xbd, 0xd2,
  0x0a, 0x38, 0x00, 0x00, 0x00, 0xf4, 0x12, 0x0b, 0xf3, 0x0a, 0xe2, 0x14, 0x0b, 0xff, 0xf3, 0x0a,
  0xfa, 0xf3, 0x0a, 0xff, 0xf3, 0x0a, 0xfb, 0x14, 0x0b, 0xff, 0xf3, 0x0a, 0x44, 0x00, 0x00, 0x00,
  0x33, 0x03, 0x05, 0x00, 0x00, 0x00, 0xf3, 0x0a, 0x98, 0x34, 0x0b, 0xff, 0x13, 0x0b, 0xff, 0xf3,
  0x0a, 0xff, 0xf3, 0x0a, 0xfc, 0xf3, 0x0a, 0xfd, 0xf3, 0x0a, 0xff, 0x14, 0x0b, 0xff, 0x34, 0x0b,
  0xff, 0x13, 0x0b, 0xcb, 0xf3, 0x0a, 0x36, 0x00, 0x00, 0x00, 0xf3, 0x0a, 0xbf, 0x14, 0x0b, 0xfe,
  0xf3, 0x0a, 0xfc, 0xf3, 0x0a, 0xff, 0xf3, 0x0a, 0xfd, 0x14, 0x0b, 0xff, 0x13, 0x0b, 0x82, 0xaa,
  0x02, 0x03, 0x00, 0x00, 0x00, 0xb5, 0x02, 0x03, 0x00, 0x00, 0x00, 0xf3, 0x0a, 0x6b, 0x34, 0x0b,
  0xff, 0x13, 0x0b, 0xff, 0xf3, 0x0a, 0xfb, 0xf3, 0x0a, 0xfb, 0xf3, 0x0a, 0xfb, 0xf3, 0x0a, 0xfc,
  0x14, 0x0b, 0xff, 0x13, 0x0b, 0xff, 0xf3, 0x0a, 0xdd, 0x14, 0x0b, 0xff, 0xf3, 0x0a, 0xfc, 0xf3,
  0x0a, 0xfd, 0xf3, 0x0a, 0xff, 0xf3, 0x0a, 0xfd, 0xf3, 0x0a, 0xfc, 0xf3, 0x0a, 0xfc, 0xf3, 0x0a,
  0xfb, 0xf3, 0x0a, 0xfb, 0xf3, 0x0a, 0xff, 0x13, 0x0b, 0x25, 0x00, 0x00, 0x00, 0xef, 0x03, 0x02,
  0x00, 0x00, 0x00, 0x00, 0x00, 0x00, 0x00, 0x00, 0x00, 0x00, 0x00, 0x00, 0x00, 0x00, 0x00, 0x00,
  0x00, 0x00, 0x00, 0x00, 0x00, 0x00, 0x00, 0x00, 0xe0, 0x07, 0x01, 0x00, 0x00, 0x00, 0x4a, 0x2d,
  0x0c, 0x0a, 0x2d, 0xe7, 0x2a, 0x35, 0xff, 0x0a, 0x2d, 0xfe, 0x0a, 0x2d, 0xfb, 0x6b, 0x35, 0xff,
  0x0a, 0x2d, 0x93, 0x00, 0x00, 0x00, 0xe7, 0x3d, 0x04, 0x00, 0x00, 0x00, 0x00, 0x00, 0x00, 0x00,
  0x00, 0x01, 0xe0, 0x07, 0x01, 0xeb, 0x3c, 0x08, 0x0a, 0x2d, 0xde, 0x4a, 0x35, 0xfd, 0x0a, 0x2d,
  0xfd, 0x0a, 0x2d, 0xff, 0x0a, 0x2d, 0xfd, 0x2a, 0x35, 0xff, 0x4a, 0x35, 0xf4, 0x2a, 0x35, 0x55,
  0x00, 0x00, 0x00, 0x00, 0x00, 0x00, 0x4a, 0x55, 0x03, 0x00, 0x00, 0x00, 0x00, 0x00, 0x00, 0x00,
  0x00, 0x01, 0x4a, 0x55, 0x03, 0xe0, 0x07, 0x01, 0x00, 0x00, 0x00, 0x00, 0x00, 0x00, 0x00, 0x00,
  0x00, 0x00, 0x00, 0x00, 0x00, 0x00, 0x00, 0x00, 0x00, 0x00, 0x00, 0x00, 0x00, 0xe7, 0x3b, 0x04,
  0xe0, 0x07, 0x01, 0x00, 0x00, 0x00, 0x00, 0x00, 0x00, 0x00, 0x00, 0x00, 0x00, 0x00, 0x00, 0x00,
  0x00, 0x00, 0x00, 0x00, 0x00, 0x00, 0x00, 0x00, 0x00, 0x00, 0x00, 0xef, 0x03, 0x02, 0xe7, 0x3b,
  0x04, 0xe0, 0x03, 0x02, 0x00, 0x00, 0x00, 0x00, 0x00, 0x00, 0x00, 0x00, 0x00, 0xe0, 0x07, 0x01,
  0xe7, 0x3b, 0x04, 0x00, 0x00, 0x00, 0xe7, 0x3b, 0x04, 0x2a, 0x2d, 0x50, 0x6b, 0x35, 0x79, 0x0a,
  0x2d, 0x41, 0x00, 0x00, 0x00, 0xe0, 0x07, 0x01, 0x00, 0x00, 0x00, 0x00, 0x00, 0x00, 0x00, 0x00,
  0x00, 0x00, 0x00, 0x00, 0x00, 0x00, 0x00, 0x00, 0x00, 0x00, 0xef, 0x03, 0x02, 0x00, 0x00, 0x00,
  0x00, 0x00, 0x00, 0x00, 0x00, 0x00, 0x00, 0x00, 0x00, 0x00, 0x00, 0x00, 0x00, 0x00, 0x00, 0x00,
  0x00, 0x00, 0x00, 0x00, 0x00, 0x00, 0x00, 0x00, 0x00, 0x00, 0x00, 0x00, 0x00, 0x00, 0xe0, 0x07,
  0x01, 0x4a, 0x55, 0x03, 0x00, 0x00, 0x00, 0x00, 0x00, 0x00, 0x00, 0x00, 0x00, 0x00, 0x00, 0x00,
  0x00, 0x00, 0x00, 0xef, 0x03, 0x02, 0xef, 0x07, 0x02, 0x00, 0x00, 0x00, 0x00, 0x00, 0x00, 0xb5,
  0x02, 0x03, 0x00, 0x00, 0x00, 0xf3, 0x0a, 0x39, 0x13, 0x0b, 0xfd, 0x13, 0x0b, 0xff, 0x14, 0x0b,
  0xff, 0x13, 0x0b, 0xe4, 0xf3, 0x0a, 0x6c, 0xf3, 0x0a, 0x23, 0xf3, 0x0a, 0xde, 0x34, 0x0b, 0xff,
  0x34, 0x0b, 0xff, 0x55, 0x0b, 0xff, 0x35, 0x0b, 0xff, 0x35, 0x0b, 0xff, 0x55, 0x13, 0xff, 0x35,
  0x0b, 0xff, 0x13, 0x0b, 0xe5, 0xf3, 0x0a, 0x48, 0x00, 0x00, 0x00, 0xb5, 0x02, 0x03, 0x00, 0x00,
  0x00, 0x00, 0x00, 0x00, 0x00, 0x00, 0x00, 0x00, 0x00, 0x00, 0x00, 0x00, 0x00, 0x00, 0x00, 0x00,
  0x00, 0x00, 0x00, 0x00, 0x00, 0x00, 0x00, 0x00, 0x00, 0x00, 0x00, 0x00, 0x00, 0x00, 0x00, 0x00,
  0x00, 0x00, 0xef, 0x03, 0x04, 0x00, 0x00, 0x00, 0xf3, 0x0a, 0x6e, 0x34, 0x0b, 0xff, 0xf3, 0x0a,
  0xfb, 0xf3, 0x0a, 0xff, 0xf3, 0x0a, 0xfb, 0x34, 0x0b, 0xff, 0xf3, 0x0a, 0xad, 0x00, 0x00, 0x00,
  0xb5, 0x02, 0x03, 0x00, 0x00, 0x00, 0x00, 0x00, 0x00, 0x00, 0x00, 0x00, 0x00, 0x00, 0x00, 0x00,
  0x00, 0x00, 0x00, 0x00, 0x00, 0x00, 0x00, 0x00, 0x00, 0x00, 0x00, 0x00, 0x00, 0x00, 0x00, 0x00,
  0x00, 0x00, 0x00, 0x00, 0x00, 0x00, 0x00, 0x00, 0x00, 0x00, 0x00, 0x00, 0x00, 0x00, 0x00, 0x00,
  0x00, 0x00, 0x00, 0x00, 0x00, 0x00, 0x00, 0x00, 0x01, 0xaa, 0x02, 0x03, 0x1f, 0x00, 0x01, 0xf3,
  0x0a, 0x8f, 0x14, 0x0b, 0xff, 0x34, 0x0b, 0xff, 0x13, 0x0b, 0xff, 0xf3, 0x0a, 0xff, 0xf3, 0x0a,
  0xff, 0x13, 0x0b, 0xff, 0x34, 0x0b, 0xff, 0x13, 0x0b, 0xff, 0x13, 0x0b, 0xa9, 0xb2, 0x12, 0x1d,
  0x00, 0x00, 0x00, 0xb5, 0x02, 0x03, 0xf3, 0x0a, 0x34, 0x13, 0x0b, 0xff, 0xf3, 0x0a, 0xfc, 0xf3,
  0x0a, 0xff, 0xf3, 0x0a, 0xff, 0xf3, 0x0a, 0xfc, 0x34, 0x0b, 0xff, 0x13, 0x0b, 0xa3, 0xd3, 0x12,
  0x1c, 0x00, 0x00, 0x00, 0x00, 0x00, 0x00, 0x13, 0x0b, 0x3d, 0x13, 0x0b, 0x91, 0xf3, 0x0a, 0xc0,
  0xf3, 0x0a, 0xcc, 0xf3, 0x0a, 0xc2, 0x13, 0x0b, 0x8d, 0x13, 0x0b, 0x3c, 0x00, 0x00, 0x00, 0x00,
  0x00, 0x00, 0xaf, 0x02, 0x06, 0x00, 0x00, 0x00, 0xf3, 0x0a, 0x42, 0x13, 0x0b, 0xf8, 0x14, 0x0b,
  0xff, 0xf3, 0x0a, 0xff, 0x34, 0x0b, 0xff, 0xf3, 0x0a, 0xe6, 0xd2, 0x0a, 0x11, 0x1f, 0x00, 0x01,
  0xef, 0x03, 0x02, 0xef, 0x03, 0x02, 0x00, 0x00, 0x00, 0xf3, 0x0a, 0x60, 0x13, 0x0b, 0xd2, 0xf3,
  0x0a, 0xff, 0x14, 0x0b, 0xff, 0x14, 0x0b, 0xff, 0xf3, 0x0a, 0xfa, 0x13, 0x0b, 0xc8, 0xf3, 0x0a,
  0x65, 0xef, 0x01, 0x04, 0x00, 0x00, 0x00, 0xb5, 0x02, 0x03, 0xf3, 0x0a, 0x5e, 0x34, 0x0b, 0xff,
  0xf3, 0x0a, 0xfb, 0xf3, 0x0a, 0xff, 0xf3, 0x0a, 0xff, 0xf3, 0x0a, 0xfd, 0x14, 0x0b, 0xff, 0x13,
  0x0b, 0xd1, 0xf3, 0x0a, 0x64, 0xef, 0x03, 0x02, 0xb5, 0x02, 0x03, 0x00, 0x00, 0x00, 0xf2, 0x0a,
  0x65, 0x13, 0x0b, 0xe8, 0x34, 0x0b, 0xff, 0x34, 0x0b, 0xff, 0x34, 0x0b, 0xff, 0x14, 0x0b, 0xff,
  0x14, 0x0b, 0xdf, 0xf3, 0x0a, 0x5e, 0xf4, 0x12, 0x0b, 0xf3, 0x0a, 0xa6, 0x34, 0x0b, 0xff, 0x13,
  0x0b, 0xff, 0xf3, 0x0a, 0xfd, 0xf3, 0x0a, 0xfb, 0xf3, 0x0a, 0xfb, 0xf3, 0x0a, 0xfc, 0xf3, 0x0a,
  0xf9, 0x13, 0x0b, 0xfe, 0xf3, 0x0a, 0xec, 0x33, 0x13, 0x0f, 0x00, 0x00, 0x01, 0x1f, 0x00, 0x01,
  0x00, 0x00, 0x00, 0x00, 0x00, 0x00, 0x00, 0x00, 0x00, 0x00, 0x00, 0x00, 0x00, 0x00, 0x00, 0x00,
  0x00, 0x00, 0x00, 0x00, 0x00, 0x00, 0x00, 0x00, 0x00, 0x00, 0x00, 0x4a, 0x55, 0x03, 0x00, 0x00,
  0x00, 0x0a, 0x35, 0xaa, 0x6b, 0x35, 0xff, 0x0a, 0x2d, 0xfb, 0x0a, 0x2d, 0xfd, 0x4a, 0x35, 0xff,
  0x0a, 0x2d, 0xd9, 0xe7, 0x3b, 0x04, 0x00, 0x00, 0x01, 0x00, 0x00, 0x01, 0x00, 0x00, 0x00, 0x00,
  0x00, 0x00, 0x4a, 0x55, 0x03, 0x00, 0x00, 0x00, 0x0a, 0x35, 0x5f, 0x8b, 0x35, 0xff, 0x0a, 0x2d,
  0xfa, 0x0a, 0x2d, 0xfe, 0x0a, 0x2d, 0xff, 0x0a, 0x2d, 0xfd, 0x2a, 0x2d, 0xff, 0x4b, 0x35, 0xff,
  0x2a, 0x2d, 0x8b, 0xe7, 0x1b, 0x08, 0x00, 0x00, 0x00, 0x4a, 0x55, 0x03, 0xef, 0x07, 0x02, 0x00,
  0x00, 0x00, 0x00, 0x00, 0x00, 0x00, 0x00, 0x00, 0xef, 0x03, 0x02, 0x4a, 0x55, 0x03, 0xe7, 0x3d,
  0x04, 0xe7, 0x3d, 0x04, 0xe7, 0x3b, 0x04, 0xef, 0x03, 0x02, 0x00, 0x00, 0x01, 0x00, 0x00, 0x00,
  0x00, 0x00, 0x00, 0x00, 0x00, 0x00, 0x00, 0x00, 0x00, 0x00, 0x00, 0x00, 0x00, 0x00, 0x00, 0x00,
  0x00, 0x00, 0x00, 0x00, 0x00, 0x00, 0x00, 0x00, 0x00, 0x00, 0x00, 0x00, 0x00, 0x00, 0x00, 0x00,
  0x00, 0x00, 0x00, 0x00, 0x00, 0x00, 0x00, 0xe0, 0x07, 0x01, 0xe7, 0x3b, 0x04, 0x00, 0x00, 0x00,
  0x00, 0x00, 0x00, 0x0a, 0x2d, 0x3c, 0x2a, 0x35, 0xc6, 0x6b, 0x35, 0xff, 0x6b, 0x35, 0xff, 0x6b,
  0x35, 0xff, 0x2a, 0x2d, 0x73, 0x00, 0x00, 0x00, 0x4a, 0x55, 0x03, 0x00, 0x00, 0x00, 0x00, 0x00,
  0x00, 0x00, 0x00, 0x00, 0x00, 0x00, 0x00, 0x00, 0x00, 0x00, 0x00, 0x00, 0x00, 0x4a, 0x55, 0x03,
  0xe7, 0x3b, 0x04, 0x00, 0x00, 0x01, 0x00, 0x00, 0x00, 0xe0, 0x07, 0x01, 0xe7, 0x3b, 0x04, 0xe0,
  0x07, 0x01, 0x00, 0x00, 0x00, 0x00, 0x00, 0x00, 0x00, 0x00, 0x00, 0x00, 0x00, 0x00, 0x00, 0x00,
  0x00, 0x00, 0x00, 0x00, 0xe0, 0x07, 0x01, 0x4a, 0x55, 0x03, 0x4a, 0x55, 0x03, 0x4a, 0x55, 0x03,
  0xef, 0x03, 0x02, 0x00, 0x00, 0x00, 0x00, 0x00, 0x00, 0x00, 0x00, 0x00, 0x00, 0x00, 0x01, 0xb5,
  0x02, 0x03, 0xb5, 0x02, 0x06, 0xf3, 0x0a, 0xd3, 0x34, 0x0b, 0xff, 0xf3, 0x0a, 0xcf, 0xf3, 0x0a,
  0xd5, 0x55, 0x13, 0xff, 0x14, 0x0b, 0xff, 0xf3, 0x0a, 0xf4, 0x13, 0x0b, 0xff, 0x13, 0x0b, 0xff,
  0xf3, 0x0a, 0xe5, 0xf3, 0x0a, 0xd7, 0xf3, 0x0a, 0xdf, 0xf3, 0x0a, 0xdb, 0x13, 0x0b, 0xbf, 0x13,
  0x0b, 0x7c, 0xb2, 0x0a, 0x18, 0x00, 0x00, 0x00, 0xb5, 0x02, 0x03, 0x00, 0x00, 0x00, 0x00, 0x00,
  0x00, 0x00, 0x00, 0x00, 0x00, 0x00, 0x00, 0x00, 0x00, 0x00, 0x00, 0x00, 0x00, 0x00, 0x00, 0x00,
  0x00, 0x00, 0x00, 0x00, 0x00, 0x00, 0x00, 0x00, 0x00, 0x00, 0x00, 0x00, 0x00, 0x00, 0x00, 0x00,
  0x00, 0x00, 0xb5, 0x02, 0x03, 0x00, 0x00, 0x00, 0xf3, 0x0a, 0x3f, 0x14, 0x0b, 0xff, 0xf3, 0x0a,
  0xfd, 0xf3, 0x0a, 0xff, 0xf3, 0x0a, 0xfd, 0x14, 0x0b, 0xff, 0xf3, 0x0a, 0xcb, 0x00, 0x00, 0x00,
  0x00, 0x00, 0x01, 0x00, 0x00, 0x00, 0x00, 0x00, 0x00, 0x00, 0x00, 0x00, 0x00, 0x00, 0x00, 0x00,
  0x00, 0x00, 0x00, 0x00, 0x00, 0x00, 0x00, 0x00, 0x00, 0x00, 0x00, 0x00, 0x00, 0x00, 0x00, 0x00,
  0x00, 0x00, 0x00, 0x00, 0x00, 0x00, 0x00, 0x00, 0x00, 0x00, 0x00, 0x00, 0x00, 0x00, 0x00, 0x00,
  0x00, 0x00, 0x00, 0x00, 0x00, 0x00, 0x00, 0x00, 0x00, 0x00, 0x00, 0x00, 0x1f, 0x00, 0x01, 0x00,
  0x00, 0x00, 0xf3, 0x0a, 0x3e, 0x13, 0x0b, 0xa8, 0xf3, 0x0a, 0xe2, 0xf3, 0x0a, 0xf7, 0xf3, 0x0a,
  0xf5, 0xf3, 0x0a, 0xda, 0x13, 0x0b, 0x9c, 0xf3, 0x0a, 0x3c, 0x00, 0x00, 0x00, 0x00, 0x00, 0x00,
  0xb5, 0x02, 0x03, 0xb5, 0x02, 0x03, 0x00, 0x00, 0x00, 0xf3, 0x0a, 0x9c, 0x34, 0x0b, 0xff, 0xf3,
  0x0a, 0xfa, 0xf3, 0x0a, 0xff, 0xf3, 0x0a, 0xff, 0xf3, 0x0a, 0xfc, 0x34, 0x0b, 0xff, 0xf3, 0x0a,
  0xed, 0xf3, 0x0a, 0x95, 0x13, 0x0b, 0x4d, 0xf4, 0x0a, 0x16, 0x00, 0x00, 0x00, 0x00, 0x00, 0x00,
  0x00, 0x00, 0x00, 0x00, 0x00, 0x00, 0x00, 0x00, 0x00, 0x00, 0x00, 0x00, 0x1f, 0x00, 0x01, 0xef,
  0x03, 0x02, 0x00, 0x00, 0x00, 0xef, 0x03, 0x02, 0x00, 0x00, 0x00, 0xf3, 0x0a, 0x37, 0x13, 0x0b,
  0xc5, 0x14, 0x0b, 0xf0, 0x13, 0x0b, 0xcd, 0xf3, 0x0a, 0x36, 0x00, 0x00, 0x00, 0xef, 0x03, 0x02,
  0x00, 0x00, 0x00, 0x00, 0x00, 0x00, 0xef, 0x03, 0x02, 0x00, 0x00, 0x00, 0x0f, 0x00, 0x02, 0x14,
  0x13, 0x2e, 0xf3, 0x0a, 0x4b, 0xf3, 0x0a, 0x46, 0x14, 0x0b, 0x24, 0x00, 0x00, 0x00, 0x00, 0x00,
  0x00, 0x00, 0x00, 0x00, 0xb5, 0x02, 0x03, 0x1f, 0x00, 0x01, 0xf3, 0x02, 0x08, 0xf3, 0x0a, 0xda,
  0x14, 0x0b, 0xff, 0xf3, 0x0a, 0xfb, 0xf3, 0x0a, 0xff, 0xf3, 0x0a, 0xff, 0xf3, 0x0a, 0xfd, 0x13,
  0x0b, 0xff, 0x35, 0x0b, 0xff, 0xf3, 0x0a, 0xae, 0xf7, 0x03, 0x04, 0xef, 0x01, 0x04, 0x00, 0x00,
  0x00, 0xf2, 0x0a, 0x13, 0x13, 0x0b, 0x58, 0x13, 0x0b, 0x7f, 0xf3, 0x0a, 0x7c, 0x13, 0x0b, 0x4f,
  0xb2, 0x12, 0x0c, 0x00, 0x00, 0x00, 0x00, 0x00, 0x00, 0x00, 0x00, 0x00, 0xf3, 0x0a, 0x6a, 0x13,
  0x0b, 0xe0, 0x14, 0x0b, 0xff, 0x34, 0x0b, 0xff, 0x34, 0x0b, 0xff, 0x34, 0x0b, 0xff, 0x34, 0x0b,
  0xff, 0x34, 0x0b, 0xff, 0xf3, 0x0a, 0x64, 0x00, 0x00, 0x00, 0xb5, 0x02, 0x03, 0x00, 0x00, 0x00,
  0x00, 0x00, 0x00, 0x00, 0x00, 0x00, 0x00, 0x00, 0x00, 0x00, 0x00, 0x00, 0x00, 0x00, 0x00, 0x00,
  0x00, 0x00, 0x00, 0x00, 0x00, 0x00, 0x00, 0x00, 0x00, 0x00, 0x00, 0xe7, 0x3d, 0x04, 0x00, 0x00,
  0x00, 0x0a, 0x2d, 0x66, 0x6b, 0x35, 0xff, 0x0a, 0x2d, 0xfb, 0x0a, 0x2d, 0xff, 0x0a, 0x2d, 0xfe,
  0x2a, 0x35, 0xfe, 0x2a, 0x2d, 0x31, 0x00, 0x00, 0x00, 0xef, 0x07, 0x02, 0x00, 0x00, 0x00, 0x00,
  0x00, 0x00, 0x00, 0x00, 0x00, 0x4a, 0x55, 0x03, 0x00, 0x00, 0x00, 0x0a, 0x2d, 0x8a, 0x8b, 0x35,
  0xff, 0x0a, 0x2d, 0xfb, 0x0a, 0x2d, 0xfe, 0x0a, 0x2d, 0xff, 0x0a, 0x2d, 0xfe, 0x0a, 0x2d, 0xfd,
  0x6b, 0x35, 0xff, 0x2a, 0x35, 0xcf, 0x2a, 0x35, 0x45, 0x00, 0x00, 0x00, 0x00, 0x00, 0x00, 0xef,
  0x03, 0x02, 0x4a, 0x55, 0x03, 0xe0, 0x07, 0x01, 0x00, 0x00, 0x00, 0x00, 0x00, 0x00, 0x00, 0x00,
  0x00, 0x00, 0x00, 0x00, 0x00, 0x00, 0x00, 0x00, 0x00, 0x00, 0x00, 0x00, 0x00, 0x00, 0x00, 0x00,
  0x00, 0x00, 0x00, 0x00, 0x00, 0x00, 0x00, 0x00, 0x00, 0x00, 0x00, 0x00, 0x00, 0x00, 0x00, 0x00,
  0x00, 0x00, 0x00, 0x00, 0x00, 0x00, 0x00, 0x00, 0x00, 0x00, 0x00, 0x00, 0x00, 0x00, 0x00, 0x00,
  0x00, 0xef, 0x07, 0x02, 0xe7, 0x3b, 0x04, 0x00, 0x00, 0x00, 0x00, 0x00, 0x00, 0x0a, 0x2d, 0x16,
  0x2a, 0x2d, 0x91, 0x2a, 0x35, 0xfe, 0x4b, 0x35, 0xff, 0x0a, 0x2d, 0xfc, 0x0a, 0x2d, 0xf9, 0x4a,
  0x35, 0xfd, 0x0a, 0x2d, 0xd8, 0x00, 0x00, 0x00, 0x00, 0x00, 0x00, 0x00, 0x00, 0x00, 0x00, 0x00,
  0x00, 0x00, 0x00, 0x00, 0x00, 0x00, 0x00, 0x00, 0x00, 0x00, 0x00, 0x00, 0x00, 0x00, 0x00, 0x00,
  0x00, 0x00, 0x00, 0x00, 0x00, 0x00, 0x00, 0x00, 0x01, 0x00, 0x00, 0x00, 0x00, 0x00, 0x00, 0x00,
  0x00, 0x00, 0x00, 0x00, 0x00, 0x00, 0x00, 0x00, 0x00, 0x00, 0x00, 0x00, 0x00, 0x00, 0x00, 0x00,
  0x00, 0x00, 0x00, 0x00, 0x00, 0x00, 0x00, 0x00, 0x00, 0x00, 0x00, 0x00, 0x00, 0x00, 0x00, 0x00,
  0x00, 0x00, 0x00, 0x00, 0x00, 0x00, 0x00, 0x00, 0x00, 0x00, 0x00, 0x00, 0xef, 0x01, 0x04, 0x00,
  0x00, 0x00, 0xf3, 0x0a, 0x7f, 0x34, 0x0b, 0xff, 0xf3, 0x0a, 0xf5, 0x13, 0x0b, 0x25, 0xf1, 0x12,
  0x0b, 0x13, 0x0b, 0x91, 0x13, 0x0b, 0xef, 0xf3, 0x0a, 0xfe, 0x14, 0x0b, 0xff, 0xf3, 0x0a, 0xa4,
  0xf1, 0x0a, 0x10, 0x33, 0x03, 0x05, 0xb1, 0x02, 0x09, 0xf5, 0x03, 0x06, 0x00, 0x00, 0x00, 0x00,
  0x00, 0x00, 0x00, 0x00, 0x00, 0xb5, 0x02, 0x03, 0x00, 0x00, 0x00, 0x00, 0x00, 0x00, 0x00, 0x00,
  0x00, 0x00, 0x00, 0x00, 0x00, 0x00, 0x00, 0x00, 0x00, 0x00, 0x00, 0x00, 0x00, 0x00, 0x00, 0x00,
  0x00, 0x00, 0x00, 0x00, 0x00, 0x00, 0x00, 0x00, 0x00, 0x00, 0x00, 0x00, 0x00, 0x00, 0x00, 0x00,
  0x00, 0x00, 0x1f, 0x00, 0x01, 0x00, 0x00, 0x00, 0x33, 0x13, 0x0f, 0xf3, 0x0a, 0xed, 0xf3, 0x0a,
  0xfe, 0xf3, 0x0a, 0xfe, 0xf3, 0x0a, 0xfd, 0x14, 0x0b, 0xfd, 0xf3, 0x0a, 0xcf, 0x00, 0x00, 0x00,
  0x00, 0x00, 0x01, 0x00, 0x00, 0x00, 0x00, 0x00, 0x00, 0x00, 0x00, 0x00, 0x00, 0x00, 0x00, 0x00,
  0x00, 0x00, 0x00, 0x00, 0x00, 0x00, 0x00, 0x00, 0x00, 0x00, 0x00, 0x00, 0x00, 0x00, 0x00, 0x00,
  0x00, 0x00, 0x00, 0x00, 0x00, 0x00, 0x00, 0x00, 0x00, 0x00, 0x00, 0x00, 0x00, 0x00, 0x00, 0x00,
  0x00, 0x00, 0x00, 0x00, 0x00, 0x00, 0x00, 0x00, 0x00, 0x00, 0x00, 0x00, 0x00, 0x00, 0x00, 0xff,
  0x03, 0x02, 0x00, 0x00, 0x00, 0x00, 0x00, 0x00, 0x33, 0x1b, 0x0a, 0xf4, 0x12, 0x1e, 0xf4, 0x12,
  0x1b, 0x33, 0x03, 0x05, 0x00, 0x00, 0x00, 0x00, 0x00, 0x00, 0xef, 0x03, 0x02, 0xff, 0x07, 0x01,
  0x00, 0x00, 0x00, 0x1f, 0x00, 0x01, 0xef, 0x03, 0x02, 0xd4, 0x12, 0x0e, 0xf3, 0x0a, 0xd6, 0x14,
  0x0b, 0xff, 0xf3, 0x0a, 0xfa, 0xf3, 0x0a, 0xff, 0xf3, 0x0a, 0xff, 0xf3, 0x0a, 0xfc, 0xf3, 0x0a,
  0xff, 0x34, 0x0b, 0xff, 0x14, 0x0b, 0xff, 0xf3, 0x0a, 0xfb, 0xf3, 0x0a, 0xda, 0xf3, 0x0a, 0x86,
  0xb2, 0x02, 0x0c, 0xb5, 0x02, 0x03, 0x33, 0x03, 0x05, 0xb5, 0x02, 0x03, 0x00, 0x00, 0x00, 0x00,
  0x00, 0x00, 0x00, 0x00, 0x00, 0x00, 0x00, 0x00, 0xef, 0x03, 0x02, 0x00, 0x00, 0x00, 0x00, 0x00,
  0x00, 0x35, 0x13, 0x19, 0x00, 0x00, 0x00, 0x00, 0x00, 0x00, 0x1f, 0x00, 0x01, 0x00, 0x00, 0x00,
  0x00, 0x00, 0x00, 0x00, 0x00, 0x00, 0x00, 0x00, 0x00, 0xb5, 0x02, 0x03, 0x00, 0x00, 0x00, 0x00,
  0x00, 0x00, 0x00, 0x00, 0x00, 0x00, 0x00, 0x00, 0x00, 0x00, 0x00, 0x00, 0x00, 0x00, 0xb5, 0x02,
  0x03, 0x00, 0x00, 0x01, 0x00, 0x00, 0x00, 0xb5, 0x02, 0x03, 0x00, 0x00, 0x00, 0xf2, 0x0a, 0x3b,
  0x14, 0x0b, 0xfa, 0x13, 0x0b, 0xff, 0xf3, 0x0a, 0xfb, 0xf3, 0x0a, 0xfe, 0xf3, 0x0a, 0xff, 0xf3,
  0x0a, 0xfc, 0xf3, 0x0a, 0xfb, 0xf3, 0x0a, 0xfa, 0xf2, 0x0a, 0x16, 0x00, 0x00, 0x00, 0xf7, 0x01,
  0x04, 0x00, 0x00, 0x00, 0x00, 0x00, 0x00, 0x00, 0x00, 0x00, 0x00, 0x00, 0x00, 0x00, 0x00, 0x00,
  0x00, 0x00, 0x00, 0xb5, 0x02, 0x03, 0x1f, 0x00, 0x01, 0xef, 0x03, 0x02, 0x00, 0x00, 0x00, 0xb2,
  0x12, 0x0c, 0x13, 0x0b, 0x45, 0xf3, 0x0a, 0x73, 0xf3, 0x0a, 0x93, 0xf3, 0x0a, 0xa8, 0x13, 0x0b,
  0x96, 0xd2, 0x0a, 0x40, 0x00, 0x00, 0x00, 0xef, 0x03, 0x02, 0x00, 0x00, 0x00, 0x00, 0x00, 0x00,
  0x00, 0x00, 0x00, 0x00, 0x00, 0x00, 0x00, 0x00, 0x00, 0x00, 0x00, 0x00, 0x00, 0x00, 0x00, 0x00,
  0x00, 0x00, 0x00, 0x00, 0x00, 0x00, 0x00, 0x00, 0x00, 0x00, 0x00, 0xef, 0x03, 0x02, 0x00, 0x00,
  0x00, 0x2a, 0x2d, 0x20, 0x2a, 0x2d, 0xfa, 0x2a, 0x2d, 0xfc, 0x0a, 0x2d, 0xfe, 0x0a, 0x2d, 0xfa,
  0x6b, 0x35, 0xfd, 0x2a, 0x2d, 0x68, 0x00, 0x00, 0x00, 0xe7, 0x3d, 0x04, 0x00, 0x00, 0x00, 0x00,
  0x00, 0x00, 0x00, 0x00, 0x00, 0x00, 0x00, 0x00, 0x4a, 0x55, 0x03, 0x00, 0x00, 0x00, 0x0a, 0x2d,
  0x82, 0x6b, 0x35, 0xff, 0x0a, 0x2d, 0xfe, 0x0a, 0x2d, 0xfd, 0x0a, 0x2d, 0xff, 0x0a, 0x2d, 0xff,
  0x0a, 0x2d, 0xfc, 0x4a, 0x35, 0xff, 0x4a, 0x35, 0xff, 0x2a, 0x2d, 0xac, 0x0a, 0x2d, 0x38, 0x00,
  0x00, 0x00, 0x00, 0x00, 0x00, 0x00, 0x00, 0x00, 0x4a, 0x55, 0x03, 0xe7, 0x3b, 0x04, 0xef, 0x03,
  0x02, 0xe0, 0x07, 0x01, 0x00, 0x00, 0x00, 0x00, 0x00, 0x00, 0x00, 0x00, 0x00, 0x00, 0x00, 0x00,
  0x00, 0x00, 0x00, 0x00, 0x00, 0x00, 0x00, 0x00, 0x00, 0x00, 0x00, 0x00, 0x00, 0x00, 0x00, 0x00,
  0x00, 0x00, 0x00, 0x00, 0x00, 0xe0, 0x07, 0x01, 0x4a, 0x55, 0x03, 0xe7, 0x3b, 0x04, 0x00, 0x00,
  0x00, 0x00, 0x00, 0x00, 0x00, 0x00, 0x00, 0xea, 0x34, 0x15, 0x2a, 0x35, 0x78, 0x2a, 0x35, 0xe6,
  0x6b, 0x35, 0xff, 0x0a, 0x2d, 0xfe, 0x0a, 0x2d, 0xfc, 0x0a, 0x2d, 0xff, 0x0a, 0x2d, 0xfa, 0x6b,
  0x35, 0xff, 0x0a, 0x2d, 0xb1, 0x00, 0x00, 0x00, 0x4a, 0x55, 0x03, 0x00, 0x00, 0x00, 0x00, 0x00,
  0x00, 0x00, 0x00, 0x00, 0x00, 0x00, 0x00, 0x00, 0x00, 0x00, 0x00, 0x00, 0x00, 0x00, 0x00, 0x00,
  0x00, 0x00, 0x00, 0x00, 0x00, 0x00, 0x00, 0x00, 0x00, 0x00, 0x00, 0x00, 0x00, 0x00, 0x00, 0x00,
  0x00, 0x00, 0x00, 0x00, 0x00, 0x00, 0x00, 0x00, 0x00, 0x00, 0x00, 0x00, 0x00, 0x00, 0x00, 0x00,
  0x00, 0x00, 0x00, 0x00, 0x00, 0x00, 0x00, 0x00, 0x00, 0x00, 0x00, 0x00, 0x00, 0x00, 0x00, 0x00,
  0x00, 0x00, 0x00, 0x00, 0x00, 0x00, 0x00, 0x00, 0x00, 0xef, 0x03, 0x02, 0x00, 0x00, 0x00, 0xf2,
  0x12, 0x2f, 0xf3, 0x0a, 0xf8, 0x34, 0x0b, 0xff, 0xf2, 0x0a, 0x79, 0x00, 0x00, 0x00, 0xef, 0x03,
  0x02, 0x00, 0x00, 0x00, 0xf3, 0x0a, 0xca, 0x34, 0x0b, 0xfe, 0xf3, 0x0a, 0xd7, 0x72, 0x03, 0x07,
  0x00, 0x00, 0x00, 0x00, 0x00, 0x00, 0x00, 0x00, 0x00, 0x00, 0x00, 0x00, 0xff, 0x07, 0x01, 0xef,
  0x01, 0x04, 0xff, 0x07, 0x01, 0x00, 0x00, 0x00, 0x00, 0x00, 0x00, 0x00, 0x00, 0x00, 0x00, 0x00,
  0x00, 0x00, 0x00, 0x00, 0x00, 0x00, 0x00, 0x00, 0x00, 0x00, 0x00, 0x00, 0x00, 0x00, 0x00, 0x00,
  0x00, 0x00, 0x00, 0x00, 0x00, 0x00, 0x00, 0x00, 0x00, 0x00, 0x00, 0x00, 0x00, 0x00, 0x00, 0x00,
  0x00, 0x00, 0x00, 0x00, 0x00, 0xb5, 0x02, 0x03, 0x00, 0x00, 0x00, 0xf3, 0x0a, 0xa4, 0x35, 0x0b,
  0xff, 0xf3, 0x0a, 0xf8, 0xf3, 0x0a, 0xf8, 0x35, 0x0b, 0xff, 0xf3, 0x0a, 0x95, 0x00, 0x00, 0x00,
  0xef, 0x01, 0x04, 0x00, 0x00, 0x00, 0x00, 0x00, 0x00, 0x00, 0x00, 0x00, 0x00, 0x00, 0x00, 0x00,
  0x00, 0x00, 0x00, 0x00, 0x00, 0x00, 0x00, 0x00, 0x00, 0x00, 0x00, 0x00, 0x00, 0x00, 0x00, 0x00,
  0x00, 0x00, 0x00, 0x00, 0x00, 0x00, 0x00, 0x00, 0x00, 0x00, 0x00, 0x00, 0x00, 0x00, 0x00, 0x00,
  0x00, 0x00, 0x00, 0x00, 0x00, 0x00, 0x00, 0x00, 0x00, 0x00, 0x00, 0x00, 0x00, 0x00, 0x00, 0x00,
  0x00, 0x00, 0xb5, 0x02, 0x03, 0xb5, 0x02, 0x03, 0x00, 0x00, 0x00, 0x00, 0x00, 0x00, 0x00, 0x00,
  0x00, 0x00, 0x00, 0x00, 0xb5, 0x02, 0x03, 0xb5, 0x02, 0x03, 0x00, 0x00, 0x00, 0x00, 0x00, 0x00,
  0x00, 0x00, 0x00, 0x00, 0x00, 0x00, 0xef, 0x03, 0x02, 0x00, 0x00, 0x00, 0xf3, 0x0a, 0x21, 0x13,
  0x0b, 0xdc, 0x34, 0x0b, 0xff, 0xf3, 0x0a, 0xfa, 0xf3, 0x0a, 0xfd, 0xf3, 0x0a, 0xff, 0xf3, 0x0a,
  0xfe, 0xf3, 0x0a, 0xfb, 0xf3, 0x0a, 0xfd, 0xf3, 0x0a, 0xff, 0x13, 0x0b, 0xff, 0x55, 0x13, 0xff,
  0xf3, 0x0a, 0xa2, 0x00, 0x00, 0x00, 0xb5, 0x02, 0x03, 0x00, 0x00, 0x00, 0x00, 0x00, 0x00, 0x00,
  0x00, 0x00, 0x00, 0x00, 0x00, 0x00, 0x00, 0x00, 0x00, 0x00, 0x00, 0xef, 0x03, 0x02, 0x00, 0x00,
  0x00, 0x00, 0x00, 0x00, 0x00, 0x00, 0x00, 0xef, 0x03, 0x02, 0x00, 0x00, 0x00, 0x00, 0x00, 0x00,
  0x00, 0x00, 0x00, 0x00, 0x00, 0x00, 0x00, 0x00, 0x00, 0x00, 0x00, 0x00, 0x00, 0x00, 0x01, 0xef,
  0x03, 0x02, 0xb5, 0x02, 0x03, 0xb5, 0x02, 0x03, 0xef, 0x03, 0x02, 0x00, 0x00, 0x00, 0x00, 0x00,
  0x00, 0x00, 0x00, 0x00, 0x00, 0x00, 0x00, 0x00, 0x00, 0x00, 0xb5, 0x02, 0x03, 0x00, 0x00, 0x00,
  0xd2, 0x0a, 0x4b, 0x13, 0x0b, 0xef, 0x34, 0x0b, 0xff, 0xf3, 0x0a, 0xff, 0xf3, 0x0a, 0xfc, 0xf3,
  0x0a, 0xf9, 0x14, 0x0b, 0xff, 0xf3, 0x0a, 0xe2, 0x52, 0x02, 0x07, 0x00, 0x00, 0x01, 0x00, 0x00,
  0x01, 0x1f, 0x00, 0x01, 0xef, 0x01, 0x04, 0xf7, 0x03, 0x04, 0xf7, 0x03, 0x04, 0xb5, 0x02, 0x03,
  0x1f, 0x00, 0x01, 0x00, 0x00, 0x00, 0x00, 0x00, 0x00, 0x00, 0x00, 0x00, 0xb5, 0x02, 0x03, 0x00,
  0x00, 0x00, 0x00, 0x00, 0x00, 0x00, 0x00, 0x00, 0x00, 0x00, 0x00, 0x00, 0x00, 0x00, 0x00, 0x00,
  0x00, 0x00, 0x00, 0x00, 0xef, 0x03, 0x02, 0x00, 0x00, 0x00, 0x00, 0x00, 0x00, 0x00, 0x00, 0x00,
  0x00, 0x00, 0x00, 0x00, 0x00, 0x00, 0x00, 0x00, 0x00, 0x00, 0x00, 0x00, 0x00, 0x00, 0x00, 0x00,
  0x00, 0x00, 0x00, 0x00, 0x00, 0x00, 0x00, 0x00, 0x00, 0x00, 0x00, 0x00, 0x00, 0x00, 0x4a, 0x55,
  0x03, 0x00, 0x00, 0x00, 0x0a, 0x2d, 0xab, 0x8b, 0x35, 0xff, 0x0a, 0x2d, 0xfa, 0x0a, 0x2d, 0xfc,
  0x8b, 0x35, 0xff, 0x2a, 0x2d, 0x4c, 0x00, 0x00, 0x00, 0x4a, 0x55, 0x03, 0x00, 0x00, 0x00, 0x00,
  0x00, 0x00, 0x00, 0x00, 0x00, 0x00, 0x00, 0x00, 0x00, 0x00, 0x00, 0x4a, 0x55, 0x03, 0x00, 0x00,
  0x00, 0x0a, 0x2d, 0x67, 0x4a, 0x35, 0xfb, 0x4a, 0x35, 0xff, 0x0a, 0x2d, 0xfb, 0x0a, 0x2d, 0xff,
  0x0a, 0x2d, 0xff, 0x0a, 0x2d, 0xfd, 0x0a, 0x2d, 0xfe, 0x6b, 0x35, 0xff, 0x2a, 0x35, 0xff, 0x2a,
  0x35, 0xb8, 0x2a, 0x35, 0x58, 0x2b, 0x2d, 0x11, 0x00, 0x00, 0x00, 0x00, 0x00, 0x00, 0x00, 0x00,
  0x00, 0x00, 0x00, 0x00, 0xef, 0x03, 0x02, 0xe7, 0x3b, 0x04, 0xe7, 0x3d, 0x04, 0xe7, 0x3d, 0x04,
  0xe7, 0x3d, 0x04, 0xe7, 0x3d, 0x04, 0xe7, 0x3d, 0x04, 0xe7, 0x3d, 0x04, 0xe7, 0x3d, 0x04, 0x4a,
  0x55, 0x03, 0x00, 0x00, 0x00, 0x00, 0x00, 0x00, 0x00, 0x00, 0x00, 0x00, 0x00, 0x00, 0x00, 0x00,
  0x00, 0x4a, 0x35, 0x35, 0x2a, 0x35, 0x8f, 0x2a, 0x35, 0xe8, 0x6b, 0x35, 0xff, 0x2a, 0x35, 0xff,
  0x0a, 0x2d, 0xfc, 0x0a, 0x2d, 0xff, 0x0a, 0x2d, 0xff, 0x0a, 0x2d, 0xfb, 0x4a, 0x35, 0xff, 0x4a,
  0x35, 0xfb, 0x0a, 0x2d, 0x37, 0x00, 0x00, 0x00, 0x4a, 0x55, 0x03, 0x00, 0x00, 0x00, 0x00, 0x00,
  0x00, 0x00, 0x00, 0x00, 0x00, 0x00, 0x00, 0x00, 0x00, 0x00, 0x00, 0x00, 0x00, 0x00, 0x00, 0x00,
  0x00, 0x00, 0x00, 0x00, 0x00, 0x00, 0x00, 0x00, 0x00, 0x00, 0x00, 0x00, 0x00, 0x00, 0x00, 0x00,
  0x00, 0x00, 0x00, 0x00, 0x00, 0x00, 0x00, 0x00, 0x00, 0x00, 0x00, 0x00, 0x00, 0x00, 0x00, 0x00,
  0x00, 0x00, 0x00, 0x00, 0x00, 0x00, 0x00, 0x00, 0x00, 0x00, 0x00, 0x00, 0x00, 0x00, 0x00, 0x00,
  0x00, 0x00, 0x00, 0x00, 0x00, 0x00, 0x00, 0x00, 0x00, 0xef, 0x03, 0x02, 0xef, 0x03, 0x02, 0xf3,
  0x0a, 0xc4, 0x35, 0x0b, 0xff, 0xf3, 0x0a, 0xcf, 0x33, 0x03, 0x05, 0x33, 0x03, 0x05, 0x00, 0x00,
  0x00, 0xf3, 0x0a, 0x5e, 0x14, 0x0b, 0xff, 0x13, 0x0b, 0xff, 0xf2, 0x0a, 0x45, 0x00, 0x00, 0x00,
  0xef, 0x03, 0x04, 0x00, 0x00, 0x00, 0x00, 0x00, 0x01, 0x00, 0x00, 0x01, 0x00, 0x00, 0x00, 0x00,
  0x00, 0x00, 0x00, 0x00, 0x00, 0x00, 0x00, 0x00, 0x00, 0x00, 0x00, 0x00, 0x00, 0x00, 0x00, 0x00,
  0x00, 0x00, 0x00, 0x00, 0x00, 0x00, 0x00, 0x00, 0x00, 0x00, 0x00, 0x00, 0x00, 0x00, 0x00, 0x00,
  0x00, 0x00, 0x00, 0x00, 0x00, 0x00, 0x00, 0x00, 0x00, 0x00, 0x00, 0x00, 0x00, 0x00, 0x00, 0x00,
  0x00, 0x00, 0x00, 0x00, 0x00, 0xef, 0x03, 0x02, 0x1f, 0x00, 0x01, 0xf3, 0x0a, 0x23, 0x13, 0x0b,
  0xdf, 0x34, 0x0b, 0xff, 0x34, 0x0b, 0xff, 0xf3, 0x0a, 0xd6, 0xf3, 0x0a, 0x18, 0x1f, 0x00, 0x01,
  0x1f, 0x00, 0x01, 0x00, 0x00, 0x00, 0x00, 0x00, 0x00, 0x00, 0x00, 0x00, 0x00, 0x00, 0x00, 0x00,
  0x00, 0x00, 0x00, 0x00, 0x00, 0x00, 0x00, 0x00, 0x00, 0x00, 0x00, 0x00, 0x00, 0x00, 0x00, 0x00,
  0x00, 0x00, 0x00, 0x00, 0x00, 0x00, 0x00, 0x00, 0x00, 0x00, 0x00, 0x00, 0x00, 0x00, 0x00, 0x00,
  0x00, 0x00, 0x00, 0x00, 0x00, 0x00, 0x00, 0x00, 0x00, 0x00, 0x00, 0x00, 0x00, 0x00, 0x00, 0x00,
  0x00, 0x00, 0x00, 0x00, 0x00, 0x00, 0x00, 0x00, 0x1f, 0x00, 0x01, 0xef, 0x03, 0x02, 0xef, 0x03,
  0x02, 0x00, 0x00, 0x01, 0x00, 0x00, 0x00, 0x00, 0x00, 0x00, 0x00, 0x00, 0x00, 0x00, 0x00, 0x00,
  0x00, 0x00, 0x00, 0x00, 0x00, 0x00, 0x00, 0x00, 0x00, 0xef, 0x03, 0x02, 0x00, 0x00, 0x00, 0xd2,
  0x0a, 0x1a, 0xf3, 0x0a, 0xba, 0x34, 0x0b, 0xff, 0x13, 0x0b, 0xff, 0xf3, 0x0a, 0xfc, 0xf3, 0x0a,
  0xfc, 0xf3, 0x0a, 0xfd, 0xf3, 0x0a, 0xfe, 0xf3, 0x0a, 0xfe, 0xf3, 0x0a, 0xfa, 0x13, 0x0b, 0xf9,
  0xf3, 0x0a, 0xe5, 0xb5, 0x02, 0x03, 0x00, 0x00, 0x00, 0x00, 0x00, 0x01, 0x00, 0x00, 0x00, 0x00,
  0x00, 0x00, 0x00, 0x00, 0x00, 0x00, 0x00, 0x00, 0x00, 0x00, 0x00, 0x00, 0x00, 0x00, 0x00, 0x00,
  0x00, 0xff, 0x07, 0x01, 0x00, 0x00, 0x01, 0x00, 0x00, 0x00, 0x00, 0x00, 0x00, 0x00, 0x00, 0x00,
  0x00, 0x00, 0x00, 0x00, 0x00, 0x00, 0x00, 0x00, 0x00, 0x00, 0x00, 0x00, 0x00, 0x00, 0x00, 0x00,
  0x00, 0x00, 0x00, 0x00, 0x00, 0x00, 0x00, 0x00, 0x00, 0x00, 0x00, 0x00, 0x00, 0x00, 0x00, 0x00,
  0x00, 0x00, 0x00, 0x00, 0x00, 0x00, 0x00, 0x00, 0x00, 0x00, 0x00, 0x00, 0x00, 0xb5, 0x02, 0x03,
  0x00, 0x00, 0x00, 0xd2, 0x0a, 0x25, 0x13, 0x0b, 0xab, 0x13, 0x0b, 0xf7, 0x14, 0x0b, 0xff, 0x34,
  0x0b, 0xff, 0x14, 0x0b, 0xfc, 0xf3, 0x0a, 0x63, 0x00, 0x00, 0x00, 0xb5, 0x02, 0x03, 0x00, 0x00,
  0x00, 0x00, 0x00, 0x00, 0x00, 0x00, 0x00, 0x00, 0x00, 0x00, 0x00, 0x00, 0x00, 0x00, 0x00, 0x00,
  0x00, 0x00, 0x00, 0x00, 0x00, 0x00, 0x00, 0x00, 0x00, 0x00, 0x00, 0x00, 0x00, 0x00, 0x00, 0x1f,
  0x00, 0x01, 0xb5, 0x02, 0x03, 0xf7, 0x03, 0x04, 0xef, 0x01, 0x04, 0xb5, 0x02, 0x03, 0xef, 0x01,
  0x04, 0xb5, 0x02, 0x03, 0x00, 0x00, 0x00, 0x00, 0x00, 0x00, 0x00, 0x00, 0x00, 0x00, 0x00, 0x00,
  0x00, 0x00, 0x00, 0x00, 0x00, 0x00, 0x00, 0x00, 0x00, 0x00, 0x00, 0x00, 0x00, 0x00, 0x00, 0x00,
  0x00, 0x00, 0x00, 0x00, 0x00, 0x00, 0x00, 0x00, 0x00, 0x00, 0x00, 0x00, 0x00, 0x00, 0xe0, 0x03,
  0x02, 0xe0, 0x03, 0x02, 0x0a, 0x2d, 0x1b, 0x2a, 0x35, 0xcd, 0x4b, 0x35, 0xff, 0x4b, 0x35, 0xff,
  0x0a, 0x2d, 0x9c, 0x4a, 0x05, 0x03, 0xef, 0x03, 0x02, 0x00, 0x00, 0x00, 0x00, 0x00, 0x00, 0x00,
  0x00, 0x00, 0x00, 0x00, 0x00, 0x00, 0x00, 0x00, 0x00, 0x00, 0x00, 0x00, 0x00, 0x00, 0xe7, 0x3b,
  0x04, 0x00, 0x00, 0x00, 0x0a, 0x2d, 0x3e, 0x4a, 0x35, 0xdc, 0x6b, 0x35, 0xff, 0x0a, 0x2d, 0xfd,
  0x0a, 0x2d, 0xfd, 0x0a, 0x2d, 0xff, 0x0a, 0x2d, 0xff, 0x0a, 0x2d, 0xfc, 0x0a, 0x2d, 0xff, 0x6b,
  0x35, 0xff, 0x6b, 0x35, 0xff, 0x2a, 0x2d, 0xe7, 0x2a, 0x2d, 0xa7, 0x2a, 0x2d, 0x63, 0x2a, 0x2d,
  0x2d, 0x89, 0x35, 0x0a, 0x00, 0x00, 0x00, 0x00, 0x00, 0x00, 0x00, 0x00, 0x00, 0x00, 0x00, 0x00,
  0x00, 0x00, 0x00, 0x00, 0x00, 0x00, 0x00, 0x00, 0x00, 0x00, 0x00, 0x00, 0x00, 0x00, 0x00, 0x00,
  0x00, 0x00, 0x00, 0x00, 0x00, 0x0a, 0x35, 0x19, 0x2a, 0x2d, 0x47, 0x2a, 0x2d, 0x87, 0x2a, 0x2d,
  0xce, 0x2a, 0x35, 0xff, 0x6b, 0x35, 0xff, 0x2a, 0x35, 0xff, 0x0a, 0x2d, 0xfc, 0x0a, 0x2d, 0xfe,
  0x0a, 0x2d, 0xff, 0x0a, 0x2d, 0xfd, 0x0a, 0x2d, 0xfd, 0x6b, 0x35, 0xff, 0x4a, 0x35, 0xe7, 0x0a,
  0x2d, 0x47, 0x00, 0x00, 0x00, 0xef, 0x03, 0x02, 0x00, 0x00, 0x00, 0x00, 0x00, 0x00, 0x00, 0x00,
  0x00, 0x00, 0x00, 0x00, 0x00, 0x00, 0x00, 0x00, 0x00, 0x00, 0x00, 0x00, 0x00, 0x00, 0x00, 0x00,
  0x00, 0x00, 0x00, 0x00, 0x00, 0x00, 0x00, 0x00, 0x00, 0x00, 0x00, 0x00, 0x00, 0x00, 0x00, 0x00,
  0x00, 0x00, 0x00, 0x00, 0x00, 0x00, 0x00, 0x00, 0x00, 0x00, 0x00, 0x00, 0x00, 0x00, 0x00, 0x00,
  0x00, 0x00, 0x00, 0x00, 0x00, 0x00, 0x00, 0x00, 0x00, 0x00, 0x00, 0x00, 0x00, 0x00, 0x00, 0x00,
  0x00, 0x00, 0x00, 0x00, 0x00, 0x00, 0xb5, 0x02, 0x03, 0x00, 0x00, 0x00, 0xf3, 0x0a, 0x52, 0x34,
  0x0b, 0xff, 0x13, 0x0b, 0xfc, 0xf3, 0x0a, 0x42, 0x00, 0x00, 0x00, 0xf7, 0x01, 0x04, 0xd4, 0x12,
  0x0e, 0xf3, 0x0a, 0xe2, 0x35, 0x0b, 0xff, 0xf3, 0x0a, 0xb1, 0x00, 0x00, 0x00, 0xb5, 0x02, 0x03,
  0x00, 0x00, 0x00, 0x00, 0x00, 0x00, 0x00, 0x00, 0x00, 0x00, 0x00, 0x00, 0x00, 0x00, 0x00, 0x00,
  0x00, 0x00, 0x00, 0x00, 0x00, 0x00, 0x00, 0x00, 0x00, 0x00, 0x00, 0x00, 0x00, 0x00, 0x00, 0x00,
  0x00, 0x00, 0x00, 0x00, 0x00, 0x00, 0x00, 0x00, 0x00, 0x00, 0x00, 0x00, 0x00, 0x00, 0x00, 0x00,
  0x00, 0x00, 0x00, 0x00, 0x00, 0x00, 0x00, 0x00, 0x00, 0x00, 0x00, 0x00, 0x00, 0x00, 0x00, 0x00,
  0x00, 0x00, 0x00, 0x00, 0x00, 0x00, 0x00, 0x00, 0x1f, 0x00, 0x01, 0x00, 0x00, 0x00, 0xb1, 0x0a,
  0x12, 0xf3, 0x0a, 0x5b, 0x13, 0x0b, 0x57, 0xb1, 0x12, 0x0f, 0x00, 0x00, 0x00, 0x00, 0x00, 0x01,
  0x00, 0x00, 0x00, 0x00, 0x00, 0x00, 0x00, 0x00, 0x00, 0x00, 0x00, 0x00, 0x00, 0x00, 0x00, 0x00,
  0x00, 0x00, 0x00, 0x00, 0x00, 0x00, 0x00, 0x00, 0x00, 0x00, 0x00, 0x00, 0x00, 0x00, 0x00, 0x00,
  0x00, 0x00, 0x00, 0x00, 0x00, 0x00, 0x00, 0x00, 0x00, 0x00, 0x00, 0x00, 0x00, 0x00, 0x00, 0x00,
  0x00, 0x00, 0x00, 0x00, 0x00, 0x00, 0x00, 0x00, 0x00, 0x00, 0x00, 0x00, 0x00, 0x00, 0x00, 0x00,
  0x00, 0x00, 0x00, 0x00, 0x00, 0x00, 0x00, 0x00, 0x00, 0x00, 0x00, 0x00, 0x00, 0x00, 0x00, 0x00,
  0x00, 0x00, 0x00, 0x00, 0x00, 0x00, 0x00, 0x00, 0x00, 0x00, 0x00, 0x00, 0x00, 0x00, 0x00, 0x00,
  0x00, 0x00, 0x00, 0x00, 0x00, 0x00, 0x00, 0x00, 0x00, 0x00, 0x00, 0x00, 0xef, 0x03, 0x02, 0x00,
  0x00, 0x00, 0x00, 0x00, 0x00, 0x13, 0x0b, 0x69, 0x13, 0x0b, 0xd7, 0x14, 0x0b, 0xff, 0x34, 0x0b,
  0xff, 0x13, 0x0b, 0xff, 0xf3, 0x0a, 0xff, 0xf3, 0x0a, 0xff, 0xf3, 0x0a, 0xfe, 0x55, 0x13, 0xff,
  0xf3, 0x0a, 0xaa, 0x00, 0x00, 0x00, 0xb5, 0x02, 0x03, 0x00, 0x00, 0x00, 0x00, 0x00, 0x00, 0x00,
  0x00, 0x00, 0x00, 0x00, 0x00, 0x00, 0x00, 0x00, 0x00, 0x00, 0x00, 0x00, 0x00, 0x00, 0x00, 0x00,
  0x00, 0x00, 0x00, 0x00, 0x00, 0x00, 0x00, 0x00, 0x00, 0x00, 0x00, 0x00, 0x00, 0x00, 0x00, 0x00,
  0x00, 0x00, 0x00, 0x00, 0x00, 0x00, 0x00, 0x00, 0x00, 0x00, 0x00, 0x00, 0x00, 0x00, 0x00, 0x00,
  0x00, 0x00, 0x00, 0x00, 0x00, 0x00, 0x00, 0x00, 0x00, 0x00, 0x00, 0x00, 0x00, 0x00, 0x00, 0x00,
  0x00, 0x00, 0x00, 0x00, 0x00, 0x00, 0x00, 0x00, 0x00, 0x00, 0x00, 0x00, 0x00, 0x00, 0x00, 0x00,
  0xb5, 0x02, 0x03, 0x00, 0x00, 0x00, 0x00, 0x00, 0x00, 0xf4, 0x0a, 0x23, 0x13, 0x0b, 0x54, 0x13,
  0x13, 0x5f, 0xf2, 0x0a, 0x2c, 0x00, 0x00, 0x00, 0x1f, 0x00, 0x01, 0x00, 0x00, 0x00, 0x00, 0x00,
  0x00, 0x00, 0x00, 0x00, 0x00, 0x00, 0x00, 0x00, 0x00, 0x00, 0x00, 0x00, 0x00, 0x00, 0x00, 0x00,
  0x00, 0x00, 0x00, 0x00, 0x00, 0x00, 0x00, 0x00, 0x00, 0x00, 0x00, 0x00, 0x00, 0x00, 0x00, 0x00,
  0x00, 0x00, 0x00, 0x00, 0x00, 0x00, 0x00, 0x00, 0x00, 0x00, 0x00, 0x00, 0x00, 0x00, 0x00, 0x00,
  0x00, 0x00, 0x00, 0x00, 0x00, 0x00, 0x00, 0x00, 0x00, 0x00, 0x00, 0x00, 0x00, 0x00, 0x00, 0x00,
  0x00, 0x00, 0x00, 0x00, 0x00, 0x00, 0x00, 0x00, 0x00, 0x00, 0x00, 0x00, 0x00, 0x00, 0x00, 0x00,
  0x00, 0x00, 0x00, 0x00, 0x00, 0x00, 0x00, 0x00, 0x00, 0x00, 0x00, 0x00, 0x00, 0x00, 0x00, 0x00,
  0x00, 0x00, 0x00, 0x01, 0x00, 0x00, 0x00, 0x26, 0x33, 0x05, 0x4a, 0x2d, 0x3b, 0x2a, 0x35, 0x34,
  0x00, 0x00, 0x00, 0x00, 0x00, 0x00, 0x00, 0x00, 0x00, 0x00, 0x00, 0x00, 0x00, 0x00, 0x00, 0x00,
  0x00, 0x00, 0x00, 0x00, 0x00, 0x00, 0x00, 0x00, 0x00, 0x00, 0x00, 0x00, 0x00, 0x00, 0x00, 0x00,
  0x00, 0xe7, 0x3b, 0x04, 0x00, 0x00, 0x00, 0xca, 0x2c, 0x12, 0x2a, 0x35, 0x9e, 0x4b, 0x35, 0xff,
  0x4b, 0x35, 0xff, 0x0a, 0x2d, 0xfc, 0x0a, 0x2d, 0xfd, 0x0a, 0x2d, 0xff, 0x0a, 0x2d, 0xff, 0x0a,
  0x2d, 0xfc, 0x0a, 0x2d, 0xfc, 0x2a, 0x35, 0xff, 0x6b, 0x35, 0xff, 0x6b, 0x35, 0xff, 0x2a, 0x2d,
  0xff, 0x2a, 0x2d, 0xe3, 0x0a, 0x2d, 0xc1, 0x2a, 0x2d, 0xa0, 0x0a, 0x2d, 0x85, 0x0a, 0x2d, 0x72,
  0x0a, 0x2d, 0x67, 0x2a, 0x2d, 0x65, 0x0a, 0x35, 0x6a, 0x2a, 0x2d, 0x79, 0x0a, 0x2d, 0x91, 0x0a,
  0x2d, 0xaf, 0x2a, 0x2d, 0xd1, 0x2a, 0x2d, 0xf2, 0x4b, 0x35, 0xff, 0x6b, 0x35, 0xff, 0x4a, 0x35,
  0xff, 0x0a, 0x2d, 0xff, 0x0a, 0x2d, 0xfb, 0x0a, 0x2d, 0xfe, 0x0a, 0x2d, 0xff, 0x0a, 0x2d, 0xfd,
  0x0a, 0x2d, 0xfc, 0x4b, 0x35, 0xff, 0x4b, 0x35, 0xff, 0x2a, 0x2d, 0xa5, 0x0a, 0x2d, 0x1b, 0x00,
  0x00, 0x00, 0x4a, 0x05, 0x03, 0x00, 0x00, 0x00, 0x00, 0x00, 0x00, 0x00, 0x00, 0x00, 0x00, 0x00,
  0x00, 0x00, 0x00, 0x00, 0x00, 0x00, 0x00, 0x00, 0x00, 0x00, 0x00, 0x00, 0x00, 0x00, 0x00, 0x00,
  0x00, 0x00, 0x00, 0x00, 0x00, 0x00, 0x00, 0x00, 0x00, 0x00, 0x00, 0x00, 0x00, 0x00, 0x00, 0x00,
  0x00, 0x00, 0x00, 0x00, 0x00, 0x00, 0x00, 0x00, 0x00, 0x00, 0x00, 0x00, 0x00, 0x00, 0x00, 0x00,
  0x00, 0x00, 0x00, 0x00, 0x00, 0x00, 0x00, 0x00, 0x00, 0x00, 0x00, 0x00, 0x00, 0x00, 0x00, 0x00,
  0x00, 0x00, 0x00, 0x00, 0x00, 0x00, 0xb5, 0x02, 0x03, 0x00, 0x00, 0x00, 0xf3, 0x0a, 0xa8, 0x55,
  0x13, 0xfd, 0xf3, 0x0a, 0xab, 0x00, 0x00, 0x00, 0x72, 0x03, 0x07, 0x00, 0x00, 0x00, 0xf3, 0x0a,
  0x8e, 0x34, 0x0b, 0xff, 0xf3, 0x0a, 0xf9, 0x13, 0x0b, 0x2c, 0x00, 0x00, 0x01, 0xb5, 0x02, 0x03,
  0x00, 0x00, 0x00, 0x00, 0x00, 0x00, 0x00, 0x00, 0x00, 0x00, 0x00, 0x00, 0x00, 0x00, 0x00, 0x00,
  0x00, 0x00, 0x00, 0x00, 0x00, 0x00, 0x00, 0x00, 0x00, 0x00, 0x00, 0x00, 0x00, 0x00, 0x00, 0x00,
  0x00, 0x00, 0x00, 0x00, 0x00, 0x00, 0x00, 0x00, 0x00, 0x00, 0x00, 0x00, 0x00, 0x00, 0x00, 0x00,
  0x00, 0x00, 0x00, 0x00, 0x00, 0x00, 0x00, 0x00, 0x00, 0x00, 0x00, 0x00, 0x00, 0x00, 0x00, 0x00,
  0x00, 0x00, 0x00, 0x00, 0x00, 0x00, 0x00, 0x00, 0x00, 0x00, 0x00, 0xff, 0x07, 0x01, 0x00, 0x00,
  0x00, 0x00, 0x00, 0x00, 0x00, 0x00, 0x00, 0x00, 0x00, 0x00, 0x1f, 0x00, 0x01, 0x00, 0x00, 0x00,
  0x00, 0x00, 0x00, 0x00, 0x00, 0x00, 0x00, 0x00, 0x00, 0x00, 0x00, 0x00, 0x00, 0x00, 0x00, 0x00,
  0x00, 0x00, 0x00, 0x00, 0x00, 0x00, 0x00, 0x00, 0x00, 0x00, 0x00, 0x00, 0x00, 0x00, 0x00, 0x00,
  0x00, 0x00, 0x00, 0x00, 0x00, 0x00, 0x00, 0x00, 0x00, 0x00, 0x00, 0x00, 0x00, 0x00, 0x00, 0x00,
  0x00, 0x00, 0x00, 0x00, 0x00, 0x00, 0x00, 0x00, 0x00, 0x00, 0x00, 0x00, 0x00, 0x00, 0x00, 0x00,
  0x00, 0x00, 0x00, 0x00, 0x00, 0x00, 0x00, 0x00, 0x00, 0x00, 0x00, 0x00, 0x00, 0x00, 0x00, 0x00,
  0x00, 0x00, 0x00, 0x00, 0x00, 0x00, 0x00, 0x00, 0x00, 0x00, 0x00, 0x00, 0x00, 0x00, 0x00, 0x00,
  0x00, 0x00, 0x00, 0x00, 0x00, 0x00, 0x00, 0x00, 0x00, 0x00, 0x00, 0x00, 0x00, 0x00, 0x00, 0xff,
  0x07, 0x01, 0x00, 0x00, 0x01, 0x00, 0x00, 0x00, 0x52, 0x02, 0x07, 0xf3, 0x0a, 0x50, 0x13, 0x0b,
  0xa2, 0xf3, 0x0a, 0xdb, 0xf3, 0x0a, 0xf7, 0xf3, 0x0a, 0xfe, 0x13, 0x0b, 0xf7, 0xf3, 0x0a, 0xc2,
  0xd3, 0x12, 0x1c, 0x1f, 0x00, 0x01, 0xef, 0x03, 0x02, 0x00, 0x00, 0x00, 0x00, 0x00, 0x00, 0x00,
  0x00, 0x00, 0x00, 0x00, 0x00, 0x00, 0x00, 0x00, 0x00, 0x00, 0x00, 0x00, 0x00, 0x00, 0x00, 0x00,
  0x00, 0x00, 0x00, 0x00, 0x00, 0x00, 0x00, 0x00, 0x00, 0x00, 0x00, 0x00, 0x00, 0x00, 0x00, 0x00,
  0x00, 0x00, 0x00, 0x00, 0x00, 0x00, 0x00, 0x00, 0x00, 0x00, 0x00, 0x00, 0x00, 0x00, 0x00, 0x00,
  0x00, 0x00, 0x00, 0x00, 0x00, 0x00, 0x00, 0x00, 0x00, 0x00, 0x00, 0x00, 0x00, 0x00, 0x00, 0x00,
  0x00, 0x00, 0x00, 0x00, 0x00, 0x00, 0x00, 0x00, 0x00, 0x00, 0x00, 0x00, 0x00, 0x00, 0x00, 0x00,
  0x00, 0x00, 0x00, 0xef, 0x03, 0x02, 0xef, 0x03, 0x02, 0x00, 0x00, 0x00, 0x00, 0x00, 0x00, 0x00,
  0x00, 0x00, 0x00, 0x00, 0x00, 0xef, 0x03, 0x02, 0x00, 0x00, 0x00, 0x00, 0x00, 0x00, 0x00, 0x00,
  0x00, 0x00, 0x00, 0x00, 0x00, 0x00, 0x00, 0x00, 0x00, 0x00, 0x00, 0x00, 0x00, 0x00, 0x00, 0x00,
  0x00, 0x00, 0x00, 0x00, 0x00, 0x00, 0x00, 0x00, 0x00, 0x00, 0x00, 0x00, 0x00, 0x00, 0x00, 0x00,
  0x00, 0x00, 0x00, 0x00, 0x00, 0x00, 0x00, 0x00, 0x00, 0x00, 0x00, 0x00, 0x00, 0x00, 0x00, 0x00,
  0x00, 0x00, 0x00, 0x00, 0x00, 0x00, 0x00, 0x00, 0x00, 0x00, 0x00, 0x00, 0x00, 0x00, 0x00, 0x00,
  0x00, 0x00, 0x00, 0x00, 0x00, 0x00, 0x00, 0x00, 0x00, 0x00, 0x00, 0x00, 0x00, 0x00, 0x00, 0x00,
  0x00, 0x00, 0x00, 0x00, 0x00, 0x00, 0x00, 0x00, 0x00, 0x00, 0x00, 0x00, 0x00, 0x00, 0x00, 0x00,
  0x00, 0x00, 0x00, 0x00, 0xe0, 0x07, 0x01, 0x00, 0x00, 0x00, 0x00, 0x00, 0x00, 0x00, 0x00, 0x00,
  0xe0, 0x07, 0x01, 0x00, 0x00, 0x00, 0x00, 0x00, 0x00, 0x00, 0x00, 0x00, 0x00, 0x00, 0x00, 0x00,
  0x00, 0x00, 0x00, 0x00, 0x00, 0x00, 0x00, 0x00, 0x00, 0x00, 0x00, 0x00, 0x00, 0x00, 0x00, 0x00,
  0x00, 0x00, 0x00, 0x00, 0x4a, 0x55, 0x03, 0x00, 0x00, 0x00, 0x00, 0x00, 0x00, 0x2a, 0x35, 0x49,
  0x4a, 0x35, 0xcc, 0x6b, 0x35, 0xff, 0x4a, 0x35, 0xff, 0x0a, 0x2d, 0xfc, 0x0a, 0x2d, 0xfc, 0x0a,
  0x2d, 0xfe, 0x0a, 0x2d, 0xff, 0x0a, 0x2d, 0xfe, 0x0a, 0x2d, 0xfc, 0x0a, 0x2d, 0xfc, 0x0a, 0x2d,
  0xff, 0x2a, 0x35, 0xff, 0x4b, 0x35, 0xff, 0x6b, 0x35, 0xff, 0x6b, 0x35, 0xff, 0x6b, 0x35, 0xff,
  0x6b, 0x35, 0xff, 0x6b, 0x35, 0xff, 0x6b, 0x35, 0xff, 0x6b, 0x35, 0xff, 0x6b, 0x35, 0xff, 0x6b,
  0x35, 0xff, 0x4a, 0x35, 0xff, 0x2a, 0x35, 0xff, 0x0a, 0x2d, 0xfd, 0x0a, 0x2d, 0xfb, 0x0a, 0x2d,
  0xfd, 0x0a, 0x2d, 0xfe, 0x0a, 0x2d, 0xfe, 0x0a, 0x2d, 0xfc, 0x0a, 0x2d, 0xfd, 0x4b, 0x35, 0xff,
  0x6b, 0x35, 0xff, 0x2a, 0x35, 0xc9, 0x2a, 0x2d, 0x48, 0x00, 0x00, 0x00, 0x00, 0x00, 0x00, 0x4a,
  0x55, 0x03, 0x00, 0x00, 0x00, 0x00, 0x00, 0x00, 0x00, 0x00, 0x00, 0x00, 0x00, 0x00, 0x00, 0x00,
  0x00, 0x00, 0x00, 0x00, 0x00, 0x00, 0x00, 0x00, 0x00, 0x00, 0x00, 0x00, 0x00, 0x00, 0x00, 0x00,
  0x00, 0x00, 0x00, 0x00, 0x00, 0x00, 0x00, 0x00, 0x00, 0x00, 0x00, 0x00, 0x00, 0x00, 0x00, 0x00,
  0x00, 0x00, 0x00, 0x00, 0x00, 0x00, 0x00, 0x00, 0x00, 0x00, 0x00, 0x00, 0x00, 0x00, 0x00, 0x00,
  0x00, 0x00, 0x00, 0x00, 0x00, 0x00, 0x00, 0x00, 0x00, 0x00, 0x00, 0x00, 0x00, 0x00, 0x00, 0x00,
  0x00, 0x00, 0x00, 0x00, 0x00, 0x00, 0xb5, 0x02, 0x03, 0x00, 0x00, 0x00, 0xf3, 0x0a, 0xb1, 0x34,
  0x0b, 0xff, 0xf3, 0x0a, 0xe2, 0x13, 0x0b, 0x6c, 0x00, 0x00, 0x00, 0xd3, 0x0a, 0x30, 0xf3, 0x0a,
  0xfa, 0x34, 0x0b, 0xff, 0xf3, 0x0a, 0x9f, 0x00, 0x00, 0x00, 0xb5, 0x02, 0x03, 0x00, 0x00, 0x00,
  0x00, 0x00, 0x00, 0x00, 0x00, 0x00, 0x00, 0x00, 0x00, 0x00, 0x00, 0x00, 0x00, 0x00, 0x00, 0x00,
  0x00, 0x00, 0x00, 0x00, 0x00, 0x00, 0x00, 0x00, 0x00, 0x00, 0x00, 0x00, 0x00, 0x00, 0x00, 0x00,
  0x00, 0x00, 0x00, 0x00, 0x00, 0x00, 0x00, 0x00, 0x00, 0x00, 0x00, 0x00, 0x00, 0x00, 0x00, 0x00,
  0x00, 0x00, 0x00, 0x00, 0x00, 0x00, 0x00, 0x00, 0x00, 0x00, 0x00, 0x00, 0x00, 0x00, 0x00, 0x00,
  0x00, 0x00, 0x00, 0x00, 0x00, 0x00, 0x00, 0x00, 0x00, 0x00, 0x00, 0x00, 0x00, 0x00, 0x1f, 0x00,
  0x01, 0xef, 0x01, 0x04, 0xef, 0x01, 0x04, 0x1f, 0x00, 0x01, 0x00, 0x00, 0x00, 0x00, 0x00, 0x00,
  0x00, 0x00, 0x00, 0x00, 0x00, 0x00, 0x00, 0x00, 0x00, 0x00, 0x00, 0x00, 0x00, 0x00, 0x00, 0x00,
  0x00, 0x00, 0x00, 0x00, 0x00, 0x00, 0x00, 0x00, 0x00, 0x00, 0x00, 0x00, 0x00, 0x00, 0x00, 0x00,
  0x00, 0x00, 0x00, 0x00, 0x00, 0x00, 0x00, 0x00, 0x00, 0x00, 0x00, 0x00, 0x00, 0x00, 0x00, 0x00,
  0x00, 0x00, 0x00, 0x00, 0x00, 0x00, 0x00, 0x00, 0x00, 0x00, 0x00, 0x00, 0x00, 0x00, 0x00, 0x00,
  0x00, 0x00, 0x00, 0x00, 0x00, 0x00, 0x00, 0x00, 0x00, 0x00, 0x00, 0x00, 0x00, 0x00, 0x00, 0x00,
  0x00, 0x00, 0x00, 0x00, 0x00, 0x00, 0x00, 0x00, 0x00, 0x00, 0x00, 0x00, 0x00, 0x00, 0x00, 0x00,
  0x00, 0x00, 0x00, 0x00, 0x00, 0x00, 0x00, 0x00, 0x00, 0x00, 0x00, 0x00, 0x00, 0x00, 0x00, 0x00,
  0x00, 0x00, 0x00, 0x00, 0x00, 0xb5, 0x02, 0x03, 0x00, 0x00, 0x00, 0x00, 0x00, 0x00, 0x00, 0x00,
  0x00, 0x33, 0x03, 0x05, 0xf4, 0x12, 0x1e, 0x13, 0x0b, 0x2a, 0x14, 0x13, 0x1f, 0x00, 0x00, 0x00,
  0x00, 0x00, 0x00, 0x00, 0x00, 0x00, 0x00, 0x00, 0x00, 0x00, 0x00, 0x00, 0x00, 0x00, 0x00, 0x00,
  0x00, 0x00, 0x00, 0x00, 0x00, 0x00, 0x00, 0x00, 0x00, 0x00, 0x00, 0x00, 0x00, 0x00, 0x00, 0x00,
  0x00, 0x00, 0x00, 0x00, 0x00, 0x00, 0x00, 0x00, 0x00, 0x00, 0x00, 0x00, 0x00, 0x00, 0x00, 0x00,
  0x00, 0x00, 0x00, 0x00, 0x00, 0x00, 0x00, 0x00, 0x00, 0x00, 0x00, 0x00, 0x00, 0x00, 0x00, 0x00,
  0x00, 0x00, 0x00, 0x00, 0x00, 0x00, 0x00, 0x00, 0x00, 0x00, 0x00, 0x00, 0x00, 0x00, 0x00, 0x00,
  0x00, 0x00, 0x00, 0x00, 0x00, 0x00, 0x00, 0x00, 0x00, 0x00, 0x00, 0x00, 0x00, 0x00, 0x00, 0x00,
  0x00, 0x00, 0x00, 0x00, 0x00, 0x00, 0x00, 0x00, 0x00, 0xef, 0x03, 0x02, 0xef, 0x01, 0x04, 0xef,
  0x01, 0x04, 0xef, 0x03, 0x02, 0x00, 0x00, 0x00, 0x00, 0x00, 0x00, 0x00, 0x00, 0x00, 0x00, 0x00,
  0x00, 0x00, 0x00, 0x00, 0x00, 0x00, 0x00, 0x00, 0x00, 0x00, 0x00, 0x00, 0x00, 0x00, 0x00, 0x00,
  0x00, 0x00, 0x00, 0x00, 0x00, 0x00, 0x00, 0x00, 0x00, 0x00, 0x00, 0x00, 0x00, 0x00, 0x00, 0x00,
  0x00, 0x00, 0x00, 0x00, 0x00, 0x00, 0x00, 0x00, 0x00, 0x00, 0x00, 0x00, 0x00, 0x00, 0x00, 0x00,
  0x00, 0x00, 0x00, 0x00, 0x00, 0x00, 0x00, 0x00, 0x00, 0x00, 0x00, 0x00, 0x00, 0x00, 0x00, 0x00,
  0x00, 0x00, 0x00, 0x00, 0x00, 0x00, 0x00, 0x00, 0x00, 0x00, 0x00, 0x00, 0x00, 0x00, 0x00, 0x00,
  0x00, 0x00, 0x00, 0x00, 0x00, 0x00, 0x00, 0x00, 0x00, 0x00, 0x00, 0x00, 0x00, 0x00, 0x00, 0x00,
  0x00, 0x00, 0x00, 0x00, 0x00, 0x00, 0x00, 0x00, 0x00, 0x01, 0x4a, 0x55, 0x03, 0x4a, 0x05, 0x03,
  0x00, 0x00, 0x00, 0x00, 0x00, 0x00, 0x00, 0x00, 0x00, 0x00, 0x00, 0x00, 0x00, 0x00, 0x00, 0x00,
  0x00, 0x00, 0x00, 0x00, 0x00, 0x00, 0x00, 0x00, 0x00, 0x00, 0x00, 0x00, 0x00, 0x00, 0x00, 0x00,
  0x00, 0x00, 0x00, 0x00, 0x00, 0x00, 0x00, 0xe0, 0x07, 0x01, 0x4a, 0x55, 0x03, 0x00, 0x00, 0x00,
  0xe7, 0x3b, 0x04, 0x2a, 0x35, 0x62, 0x2a, 0x35, 0xd1, 0x6b, 0x35, 0xff, 0x6b, 0x35, 0xff, 0x2a,
  0x2d, 0xff, 0x0a, 0x2d, 0xfc, 0x0a, 0x2d, 0xfc, 0x0a, 0x2d, 0xfd, 0x0a, 0x2d, 0xff, 0x0a, 0x2d,
  0xfe, 0x0a, 0x2d, 0xfd, 0x0a, 0x2d, 0xfc, 0x0a, 0x2d, 0xfb, 0x0a, 0x2d, 0xfb, 0x0a, 0x2d, 0xfb,
  0x0a, 0x2d, 0xfb, 0x0a, 0x2d, 0xfb, 0x0a, 0x2d, 0xfb, 0x0a, 0x2d, 0xfb, 0x0a, 0x2d, 0xfb, 0x0a,
  0x2d, 0xfc, 0x0a, 0x2d, 0xfd, 0x0a, 0x2d, 0xfe, 0x0a, 0x2d, 0xfe, 0x0a, 0x2d, 0xfd, 0x0a, 0x2d,
  0xfb, 0x0a, 0x2d, 0xfc, 0x2a, 0x35, 0xff, 0x6b, 0x35, 0xff, 0x4b, 0x35, 0xff, 0x2a, 0x35, 0xc9,
  0x2a, 0x2d, 0x5c, 0xe0, 0x03, 0x02, 0x00, 0x00, 0x00, 0x4a, 0x05, 0x03, 0xe0, 0x07, 0x01, 0x00,
  0x00, 0x00, 0x00, 0x00, 0x00, 0x00, 0x00, 0x00, 0x00, 0x00, 0x00, 0x00, 0x00, 0x00, 0x00, 0x00,
  0x00, 0x00, 0x00, 0x00, 0x00, 0x00, 0x00, 0x00, 0x00, 0x00, 0x00, 0x00, 0x00, 0x00, 0x00, 0x00,
  0x00, 0x00, 0x00, 0x00, 0x00, 0x00, 0x00, 0x00, 0x00, 0x00, 0x00, 0x00, 0x00, 0x00, 0x00, 0x00,
  0x00, 0x00, 0x00, 0x00, 0x00, 0x00, 0x00, 0x00, 0x00, 0x00, 0x00, 0x00, 0x00, 0x00, 0x00, 0x00,
  0x00, 0x00, 0x00, 0x00, 0x00, 0x00, 0x00, 0x00, 0x00, 0x00, 0x00, 0x00, 0x00, 0x00, 0x00, 0x00,
  0x00, 0x00, 0x00, 0x00, 0x00, 0x00, 0xb5, 0x02, 0x03, 0x00, 0x00, 0x00, 0xf3, 0x0a, 0x45, 0x14,
  0x0b, 0xff, 0x14, 0x0b, 0xff, 0x14, 0x0b, 0xff, 0xf3, 0x0a, 0xb6, 0xf3, 0x0a, 0xcb, 0x14, 0x0b,
  0xfd, 0xf3, 0x0a, 0xf4, 0xf3, 0x12, 0x1e, 0x1f, 0x00, 0x01, 0xef, 0x03, 0x02, 0x00, 0x00, 0x00,
  0x00, 0x00, 0x00, 0x00, 0x00, 0x00, 0x00, 0x00, 0x00, 0x00, 0x00, 0x00, 0x00, 0x00, 0x00, 0x00,
  0x00, 0x00, 0x00, 0x00, 0x00, 0x00, 0x00, 0x00, 0x00, 0x00, 0x00, 0x00, 0x00, 0x00, 0x00, 0x00,
  0x00, 0x00, 0x00, 0x00, 0x00, 0x00, 0x00, 0x00, 0x00, 0x00, 0x00, 0x00, 0x00, 0x00, 0x00, 0x00,
  0x00, 0x00, 0x00, 0x00, 0x00, 0x00, 0x00, 0x00, 0x00, 0x00, 0x00, 0x00, 0x00, 0x00, 0x00, 0x00,
  0x00, 0x00, 0x00, 0x00, 0x00, 0x00, 0x00, 0x00, 0x00, 0x00, 0x00, 0x00, 0x00, 0x00, 0x00, 0x00,
  0x00, 0x00, 0x00, 0x00, 0x00, 0x00, 0x00, 0x00, 0x00, 0x00, 0x00, 0x00, 0x00, 0x00, 0x00, 0x00,
  0x00, 0x00, 0x00, 0x00, 0x00, 0x00, 0x00, 0x00, 0x00, 0x00, 0x00, 0x00, 0x00, 0x00, 0x00, 0x00,
  0x00, 0x00, 0x00, 0x00, 0x00, 0x00, 0x00, 0x00, 0x00, 0x00, 0x00, 0x00, 0x00, 0x00, 0x00, 0x00,
  0x00, 0x00, 0x00, 0x00, 0x00, 0x00, 0x00, 0x00, 0x00, 0x00, 0x00, 0x00, 0x00, 0x00, 0x00, 0x00,
  0x00, 0x00, 0x00, 0x00, 0x00, 0x00, 0x00, 0x00, 0x00, 0x00, 0x00, 0x00, 0x00, 0x00, 0x00, 0x00,
  0x00, 0x00, 0x00, 0x00, 0x00, 0x00, 0x00, 0x00, 0x00, 0x00, 0x00, 0x00, 0x00, 0x00, 0x00, 0x00,
  0x00, 0x00, 0x00, 0x00, 0x00, 0x00, 0x00, 0x00, 0x00, 0x00, 0x00, 0x00, 0x00, 0x00, 0x00, 0x00,
  0x00, 0x00, 0x00, 0x00, 0x00, 0x00, 0x00, 0x00, 0x00, 0x00, 0x00, 0x00, 0x00, 0x00, 0x00, 0x00,
  0x00, 0x00, 0x00, 0x00, 0x00, 0x00, 0x00, 0x00, 0x00, 0x00, 0x01, 0xb5, 0x02, 0x03, 0xb5, 0x02,
  0x03, 0x00, 0x00, 0x00, 0x00, 0x00, 0x00, 0x00, 0x00, 0x00, 0x00, 0x00, 0x00, 0x00, 0x00, 0x00,
  0x1f, 0x00, 0x01, 0x00, 0x00, 0x00, 0x00, 0x00, 0x00, 0x00, 0x00, 0x00, 0x00, 0x00, 0x00, 0x00,
  0x00, 0x00, 0x00, 0x00, 0x00, 0x00, 0x00, 0x00, 0x00, 0x00, 0x00, 0x00, 0x00, 0x00, 0x00, 0x00,
  0x00, 0x00, 0x00, 0x00, 0x00, 0x00, 0x00, 0x00, 0x00, 0x00, 0x00, 0x00, 0x00, 0x00, 0x00, 0x00,
  0x00, 0x00, 0x00, 0x00, 0x00, 0x00, 0x00, 0x00, 0x00, 0x00, 0x00, 0x00, 0x00, 0x00, 0x00, 0x00,
  0x00, 0x00, 0x00, 0x00, 0x00, 0x00, 0x00, 0x00, 0x00, 0x00, 0x00, 0x00, 0x00, 0x00, 0x00, 0x00,
  0x00, 0x00, 0x00, 0x00, 0x00, 0x00, 0x00, 0x00, 0x00, 0x00, 0x00, 0x00, 0x00, 0x00, 0x00, 0x00,
  0x00, 0x00, 0x00, 0x00, 0x00, 0x00, 0x00, 0x00, 0x00, 0x00, 0x00, 0x00, 0x00, 0x00, 0x00, 0x00,
  0x00, 0x00, 0x00, 0x00, 0x00, 0x00, 0x00, 0x00, 0x00, 0x00, 0x00, 0x00, 0x00, 0x00, 0x00, 0x00,
  0x00, 0x00, 0x00, 0x00, 0x00, 0x00, 0x00, 0x00, 0x00, 0x00, 0x00, 0x00, 0x00, 0x00, 0x00, 0x00,
  0x00, 0x00, 0x00, 0x00, 0x00, 0x00, 0x00, 0x00, 0x00, 0x00, 0x00, 0x00, 0x00, 0x00, 0x00, 0x00,
  0x00, 0x00, 0x00, 0x00, 0x00, 0x00, 0x00, 0x00, 0x00, 0x00, 0x00, 0x00, 0x00, 0x00, 0x00, 0x00,
  0x00, 0x00, 0x00, 0x00, 0x00, 0x00, 0x00, 0x00, 0x00, 0x00, 0x00, 0x00, 0x00, 0x00, 0x00, 0x00,
  0x00, 0x00, 0x00, 0x00, 0x00, 0x00, 0x00, 0x00, 0x00, 0x00, 0x00, 0x00, 0x00, 0x00, 0x00, 0x00,
  0x00, 0x00, 0x00, 0x00, 0x00, 0x00, 0x00, 0x00, 0x00, 0x00, 0x00, 0x00, 0x00, 0x00, 0x00, 0x00,
  0x00, 0x00, 0x00, 0x00, 0x00, 0x00, 0x00, 0x00, 0x00, 0x00, 0x00, 0x00, 0x00, 0x00, 0x00, 0x00,
  0x00, 0x00, 0x00, 0x00, 0x00, 0x00, 0x00, 0x00, 0x00, 0x00, 0x00, 0x00, 0x00, 0x00, 0x00, 0x00,
  0x00, 0x00, 0x00, 0x00, 0x00, 0x00, 0x00, 0x00, 0x00, 0x00, 0x00, 0x00, 0x00, 0x00, 0x00, 0x00,
  0x00, 0x00, 0x00, 0x00, 0x00, 0x00, 0x00, 0x00, 0x00, 0x00, 0x00, 0x00, 0x00, 0x4a, 0x55, 0x03,
  0x00, 0x00, 0x00, 0x00, 0x00, 0x00, 0xe7, 0x3b, 0x04, 0x2a, 0x2d, 0x52, 0x2a, 0x35, 0xb3, 0x2a,
  0x2d, 0xf5, 0x6b, 0x35, 0xff, 0x6b, 0x35, 0xff, 0x4a, 0x35, 0xff, 0x0a, 0x2d, 0xff, 0x0a, 0x2d,
  0xfd, 0x0a, 0x2d, 0xfc, 0x0a, 0x2d, 0xfd, 0x0a, 0x2d, 0xfd, 0x0a, 0x2d, 0xfe, 0x0a, 0x2d, 0xfe,
  0x0a, 0x2d, 0xff, 0x0a, 0x2d, 0xff, 0x0a, 0x2d, 0xfe, 0x0a, 0x2d, 0xfe, 0x0a, 0x2d, 0xfd, 0x0a,
  0x2d, 0xfc, 0x0a, 0x2d, 0xfc, 0x0a, 0x2d, 0xfd, 0x2a, 0x2d, 0xff, 0x4a, 0x35, 0xff, 0x6b, 0x35,
  0xff, 0x6b, 0x35, 0xff, 0x2a, 0x2d, 0xed, 0x2a, 0x35, 0xa4, 0x2a, 0x35, 0x45, 0x00, 0x00, 0x00,
  0x00, 0x00, 0x00, 0x00, 0x00, 0x00, 0x4a, 0x55, 0x03, 0x00, 0x00, 0x00, 0x00, 0x00, 0x00, 0x00,
  0x00, 0x00, 0x00, 0x00, 0x00, 0x00, 0x00, 0x00, 0x00, 0x00, 0x00, 0x00, 0x00, 0x00, 0x00, 0x00,
  0x00, 0x00, 0x00, 0x00, 0x00, 0x00, 0x00, 0x00, 0x00, 0x00, 0x00, 0x00, 0x00, 0x00, 0x00, 0x00,
  0x00, 0x00, 0x00, 0x00, 0x00, 0x00, 0x00, 0x00, 0x00, 0x00, 0x00, 0x00, 0x00, 0x00, 0x00, 0x00,
  0x00, 0x00, 0x00, 0x00, 0x00, 0x00, 0x00, 0x00, 0x00, 0x00, 0x00, 0x00, 0x00, 0x00, 0x00, 0x00,
  0x00, 0x00, 0x00, 0x00, 0x00, 0x00, 0x00, 0x00, 0x00, 0x00, 0x00, 0x00, 0x00, 0x00, 0x00, 0x00,
  0x00, 0x00, 0x00, 0x00, 0x00, 0x00, 0x00, 0x00, 0x00, 0xef, 0x03, 0x02, 0x00, 0x00, 0x00, 0xf3,
  0x0a, 0x4d, 0x13, 0x0b, 0xdd, 0x34, 0x0b, 0xff, 0x34, 0x0b, 0xff, 0x14, 0x0b, 0xff, 0x35, 0x0b,
  0xff, 0xf3, 0x0a, 0x71, 0x00, 0x00, 0x00, 0xb5, 0x02, 0x03, 0x00, 0x00, 0x00, 0x00, 0x00, 0x00,
  0x00, 0x00, 0x00, 0x00, 0x00, 0x00, 0x00, 0x00, 0x00, 0x00, 0x00, 0x00, 0x00, 0x00, 0x00, 0x00,
  0x00, 0x00, 0x00, 0x00, 0x00, 0x00, 0x00, 0x00, 0x00, 0x00, 0x00, 0x00, 0x00, 0x00, 0x00, 0x00,
  0x00, 0x00, 0x00, 0x00, 0x00, 0x00, 0x00, 0x00, 0x00, 0x00, 0x00, 0x00, 0x00, 0x00, 0x00, 0x00,
  0x00, 0x00, 0x00, 0x00, 0x00, 0x00, 0x00, 0x00, 0x00, 0x00, 0x00, 0x00, 0x00, 0x00, 0x00, 0x00,
  0x00, 0x00, 0x00, 0x00, 0x00, 0x00, 0x00, 0x00, 0x00, 0x00, 0x00, 0x00, 0x00, 0x00, 0x00, 0x00,
  0x00, 0x00, 0x00, 0x00, 0x00, 0x00, 0x00, 0x00, 0x00, 0x00, 0x00, 0x00, 0x00, 0x00, 0x00, 0x00,
  0x00, 0x00, 0x00, 0x00, 0x00, 0x00, 0x00, 0x00, 0x00, 0x00, 0x00, 0x00, 0x00, 0x00, 0x00, 0x00,
  0x00, 0x00, 0x00, 0x00, 0x00, 0x00, 0x00, 0x00, 0x00, 0x00, 0x00, 0x00, 0x00, 0x00, 0x00, 0x00,
  0x00, 0x00, 0x00, 0x00, 0x00, 0x00, 0x00, 0x00, 0x00, 0x00, 0x00, 0x00, 0x00, 0x00, 0x00, 0x00,
  0x00, 0x00, 0x00, 0x00, 0x00, 0x00, 0x00, 0x00, 0x00, 0x00, 0x00, 0x00, 0x00, 0x00, 0x00, 0x00,
  0x00, 0x00, 0x00, 0x00, 0x00, 0x00, 0x00, 0x00, 0x00, 0x00, 0x00, 0x00, 0x00, 0x00, 0x00, 0x00,
  0x00, 0x00, 0x00, 0x00, 0x00, 0x00, 0x00, 0x00, 0x00, 0x00, 0x00, 0x00, 0x00, 0x00, 0x00, 0x00,
  0x00, 0x00, 0x00, 0x00, 0x00, 0x00, 0x00, 0x00, 0x00, 0x00, 0x00, 0x00, 0x00, 0x00, 0x00, 0x00,
  0x00, 0x00, 0x00, 0x00, 0x00, 0x00, 0x00, 0x00, 0x00, 0x00, 0x00, 0x00, 0x00, 0x00, 0x00, 0x00,
  0x00, 0x00, 0x00, 0x01, 0xef, 0x03, 0x02, 0xef, 0x03, 0x02, 0xef, 0x03, 0x02, 0x00, 0x00, 0x00,
  0x00, 0x00, 0x00, 0x00, 0x00, 0x00, 0x00, 0x00, 0x00, 0x00, 0x00, 0x00, 0x00, 0x00, 0x00, 0x00,
  0x00, 0x00, 0x00, 0x00, 0x00, 0x00, 0x00, 0x00, 0x00, 0x00, 0x00, 0x00, 0x00, 0x00, 0x00, 0x00,
  0x00, 0x00, 0x00, 0x00, 0x00, 0x00, 0x00, 0x00, 0x00, 0x00, 0x00, 0x00, 0x00, 0x00, 0x00, 0x00,
  0x00, 0x00, 0x00, 0x00, 0x00, 0x00, 0x00, 0x00, 0x00, 0x00, 0x00, 0x00, 0x00, 0x00, 0x00, 0x00,
  0x00, 0x00, 0x00, 0x00, 0x00, 0x00, 0x00, 0x00, 0x00, 0x00, 0x00, 0x00, 0x00, 0x00, 0x00, 0x00,
  0x00, 0x00, 0x00, 0x00, 0x00, 0x00, 0x00, 0x00, 0x00, 0x00, 0x00, 0x00, 0x00, 0x00, 0x00, 0x00,
  0x00, 0x00, 0x00, 0x00, 0x00, 0x00, 0x00, 0x00, 0x00, 0x00, 0x00, 0x00, 0x00, 0x00, 0x00, 0x00,
  0x00, 0x00, 0x00, 0x00, 0x00, 0x00, 0x00, 0x00, 0x00, 0x00, 0x00, 0x00, 0x00, 0x00, 0x00, 0x00,
  0x00, 0x00, 0x00, 0x00, 0x00, 0x00, 0x00, 0x00, 0x00, 0x00, 0x00, 0x00, 0x00, 0x00, 0x00, 0x00,
  0x00, 0x00, 0x00, 0x00, 0x00, 0x00, 0x00, 0x00, 0x00, 0x00, 0x00, 0x00, 0x00, 0x00, 0x00, 0x00,
  0x00, 0x00, 0x00, 0x00, 0x00, 0x00, 0x00, 0x00, 0x00, 0x00, 0x00, 0x00, 0x00, 0x00, 0x00, 0x00,
  0x00, 0x00, 0x00, 0x00, 0x00, 0x00, 0x00, 0x00, 0x00, 0x00, 0x00, 0x00, 0x00, 0x00, 0x00, 0x00,
  0x00, 0x00, 0x00, 0x00, 0x00, 0x00, 0x00, 0x00, 0x00, 0x00, 0x00, 0x00, 0x00, 0x00, 0x00, 0x00,
  0x00, 0x00, 0x00, 0x00, 0x00, 0x00, 0x00, 0x00, 0x00, 0x00, 0x00, 0x00, 0x00, 0x00, 0x00, 0x00,
  0x00, 0x00, 0x00, 0x00, 0x00, 0x00, 0x00, 0x00, 0x00, 0x00, 0x00, 0x00, 0x00, 0x00, 0x00, 0x00,
  0x00, 0x00, 0x00, 0x00, 0x00, 0x00, 0x00, 0x00, 0x00, 0x00, 0x00, 0x00, 0x00, 0x00, 0x00, 0x00,
  0x00, 0x00, 0x00, 0x00, 0x00, 0x00, 0x00, 0x00, 0x00, 0x00, 0x00, 0x00, 0x00, 0x00, 0x00, 0x00,
  0x00, 0x00, 0x00, 0x00, 0x00, 0x00, 0x00, 0x00, 0x00, 0x00, 0x00, 0x00, 0x00, 0x00, 0x00, 0x00,
  0x00, 0x00, 0x01, 0x4a, 0x55, 0x03, 0x00, 0x00, 0x00, 0x00, 0x00, 0x00, 0x00, 0x00, 0x00, 0x2a,
  0x35, 0x1f, 0x2a, 0x35, 0x63, 0x2a, 0x35, 0xa9, 0x2a, 0x35, 0xde, 0x2a, 0x2d, 0xfd, 0x4b, 0x35,
  0xff, 0x6b, 0x35, 0xff, 0x4b, 0x35, 0xff, 0x4a, 0x35, 0xff, 0x2a, 0x35, 0xff, 0x2a, 0x2d, 0xff,
  0x2a, 0x2d, 0xff, 0x2a, 0x2d, 0xff, 0x2a, 0x35, 0xff, 0x2a, 0x35, 0xff, 0x4a, 0x35, 0xff, 0x4b,
  0x35, 0xff, 0x6b, 0x35, 0xff, 0x4b, 0x35, 0xff, 0x2a, 0x2d, 0xf9, 0x2a, 0x2d, 0xd7, 0x2a, 0x35,
  0x9e, 0x2a, 0x2d, 0x56, 0x4a, 0x35, 0x15, 0x00, 0x00, 0x00, 0x00, 0x00, 0x00, 0x00, 0x00, 0x00,
  0x4a, 0x55, 0x03, 0x00, 0x00, 0x00, 0x00, 0x00, 0x00, 0x00, 0x00, 0x00, 0x00, 0x00, 0x00, 0x00,
  0x00, 0x00, 0x00, 0x00, 0x00, 0x00, 0x00, 0x00, 0x00, 0x00, 0x00, 0x00, 0x00, 0x00, 0x00, 0x00,
  0x00, 0x00, 0x00, 0x00, 0x00, 0x00, 0x00, 0x00, 0x00, 0x00, 0x00, 0x00, 0x00, 0x00, 0x00, 0x00,
  0x00, 0x00, 0x00, 0x00, 0x00, 0x00, 0x00, 0x00, 0x00, 0x00, 0x00, 0x00, 0x00, 0x00, 0x00, 0x00,
  0x00, 0x00, 0x00, 0x00, 0x00, 0x00, 0x00, 0x00, 0x00, 0x00, 0x00, 0x00, 0x00, 0x00, 0x00, 0x00,
  0x00, 0x00, 0x00, 0x00, 0x00, 0x00, 0x00, 0x00, 0x00, 0x00, 0x00, 0x00, 0x00, 0x00, 0x00, 0x00,
  0x00, 0x00, 0x00, 0x00, 0x00, 0x00, 0x00, 0x00, 0x00, 0x00, 0x00, 0x00, 0xef, 0x03, 0x02, 0x00,
  0x00, 0x00, 0xd2, 0x12, 0x0e, 0x13, 0x0b, 0x78, 0xf3, 0x0a, 0xd2, 0x14, 0x0b, 0xea, 0xf3, 0x0a,
  0x8f, 0x00, 0x00, 0x00, 0xb5, 0x02, 0x03, 0x00, 0x00, 0x00, 0x00, 0x00, 0x00, 0x00, 0x00, 0x00,
  0x00, 0x00, 0x00, 0x00, 0x00, 0x00, 0x00, 0x00, 0x00, 0x00, 0x00, 0x00, 0x00, 0x00, 0x00, 0x00,
  0x00, 0x00, 0x00, 0x00, 0x00, 0x00, 0x00, 0x00, 0x00, 0x00, 0x00, 0x00, 0x00, 0x00, 0x00, 0x00,
  0x00, 0x00, 0x00, 0x00, 0x00, 0x00, 0x00, 0x00, 0x00, 0x00, 0x00, 0x00, 0x00, 0x00, 0x00, 0x00,
  0x00, 0x00, 0x00, 0x00, 0x00, 0x00, 0x00, 0x00, 0x00, 0x00, 0x00, 0x00, 0x00, 0x00, 0x00, 0x00,
  0x00, 0x00, 0x00, 0x00, 0x00, 0x00, 0x00, 0x00, 0x00, 0x00, 0x00, 0x00, 0x00, 0x00, 0x00, 0x00,
  0x00, 0x00, 0x00, 0x00, 0x00, 0x00, 0x00, 0x00, 0x00, 0x00, 0x00, 0x00, 0x00, 0x00, 0x00, 0x00,
  0x00, 0x00, 0x00, 0x00, 0x00, 0x00, 0x00, 0x00, 0x00, 0x00, 0x00, 0x00, 0x00, 0x00, 0x00, 0x00,
  0x00, 0x00, 0x00, 0x00, 0x00, 0x00, 0x00, 0x00, 0x00, 0x00, 0x00, 0x00, 0x00, 0x00, 0x00, 0x00,
  0x00, 0x00, 0x00, 0x00, 0x00, 0x00, 0x00, 0x00, 0x00, 0x00, 0x00, 0x00, 0x00, 0x00, 0x00, 0x00,
  0x00, 0x00, 0x00, 0x00, 0x00, 0x00, 0x00, 0x00, 0x00, 0x00, 0x00, 0x00, 0x00, 0x00, 0x00, 0x00,
  0x00, 0x00, 0x00, 0x00, 0x00, 0x00, 0x00, 0x00, 0x00, 0x00, 0x00, 0x00, 0x00, 0x00, 0x00, 0x00,
  0x00, 0x00, 0x00, 0x00, 0x00, 0x00, 0x00, 0x00, 0x00, 0x00, 0x00, 0x00, 0x00, 0x00, 0x00, 0x00,
  0x00, 0x00, 0x00, 0x00, 0x00, 0x00, 0x00, 0x00, 0x00, 0x00, 0x00, 0x00, 0x00, 0x00, 0x00, 0x00,
  0x00, 0x00, 0x00, 0x00, 0x00, 0x00, 0x00, 0x00, 0x00, 0x00, 0x00, 0x00, 0x00, 0x00, 0x00, 0x00,
  0x00, 0x00, 0x00, 0x00, 0x00, 0x00, 0x00, 0x00, 0x00, 0x00, 0x00, 0x00, 0x00, 0x00, 0x00, 0x00,
  0x00, 0x00, 0x00, 0x00, 0x00, 0x00, 0x00, 0x00, 0x00, 0x00, 0x00, 0x00, 0x00, 0x00, 0x00, 0x00,
  0x00, 0x00, 0x00, 0x00, 0x00, 0x00, 0x00, 0x00, 0x00, 0x00, 0x00, 0x00, 0x00, 0x00, 0x00, 0x00,
  0x00, 0x00, 0x00, 0x00, 0x00, 0x00, 0x00, 0x00, 0x00, 0x00, 0x00, 0x00, 0x00, 0x00, 0x00, 0x00,
  0x00, 0x00, 0x00, 0x00, 0x00, 0x00, 0x00, 0x00, 0x00, 0x00, 0x00, 0x00, 0x00, 0x00, 0x00, 0x00,
  0x00, 0x00, 0x00, 0x00, 0x00, 0x00, 0x00, 0x00, 0x00, 0x00, 0x00, 0x00, 0x00, 0x00, 0x00, 0x00,
  0x00, 0x00, 0x00, 0x00, 0x00, 0x00, 0x00, 0x00, 0x00, 0x00, 0x00, 0x00, 0x00, 0x00, 0x00, 0x00,
  0x00, 0x00, 0x00, 0x00, 0x00, 0x00, 0x00, 0x00, 0x00, 0x00, 0x00, 0x00, 0x00, 0x00, 0x00, 0x00,
  0x00, 0x00, 0x00, 0x00, 0x00, 0x00, 0x00, 0x00, 0x00, 0x00, 0x00, 0x00, 0x00, 0x00, 0x00, 0x00,
  0x00, 0x00, 0x00, 0x00, 0x00, 0x00, 0x00, 0x00, 0x00, 0x00, 0x00, 0x00, 0x00, 0x00, 0x00, 0x00,
  0x00, 0x00, 0x00, 0x00, 0x00, 0x00, 0x00, 0x00, 0x00, 0x00, 0x00, 0x00, 0x00, 0x00, 0x00, 0x00,
  0x00, 0x00, 0x00, 0x00, 0x00, 0x00, 0x00, 0x00, 0x00, 0x00, 0x00, 0x00, 0x00, 0x00, 0x00, 0x00,
  0x00, 0x00, 0x00, 0x00, 0x00, 0x00, 0x00, 0x00, 0x00, 0x00, 0x00, 0x00, 0x00, 0x00, 0x00, 0x00,
  0x00, 0x00, 0x00, 0x00, 0x00, 0x00, 0x00, 0x00, 0x00, 0x00, 0x00, 0x00, 0x00, 0x00, 0x00, 0x00,
  0x00, 0x00, 0x00, 0x00, 0x00, 0x00, 0x00, 0x00, 0x00, 0x00, 0x00, 0x00, 0x00, 0x00, 0x00, 0x00,
  0x00, 0x00, 0x00, 0x00, 0x00, 0x00, 0x00, 0x00, 0x00, 0x00, 0x00, 0x00, 0x00, 0x00, 0x00, 0x00,
  0x00, 0x00, 0x00, 0x00, 0x00, 0x00, 0x00, 0x00, 0x00, 0x00, 0x00, 0x00, 0x00, 0x00, 0x00, 0x00,
  0x00, 0x00, 0x00, 0x00, 0x00, 0x00, 0x00, 0x00, 0x00, 0x00, 0x00, 0x00, 0x00, 0x00, 0x00, 0x00,
  0x00, 0x00, 0x00, 0x00, 0x00, 0x00, 0x00, 0x00, 0x00, 0x00, 0x00, 0x00, 0x00, 0x00, 0x00, 0x00,
  0x00, 0x00, 0x00, 0x00, 0x00, 0x00, 0x00, 0x00, 0x01, 0x4a, 0x55, 0x03, 0xef, 0x07, 0x02, 0x00,
  0x00, 0x00, 0x00, 0x00, 0x00, 0x00, 0x00, 0x00, 0x0b, 0x2d, 0x0b, 0x4a, 0x35, 0x35, 0x2a, 0x2d,
  0x65, 0x2a, 0x2d, 0x92, 0x2a, 0x2d, 0xb8, 0x0a, 0x2d, 0xd4, 0x0a, 0x2d, 0xe6, 0x0a, 0x2d, 0xf1,
  0x0a, 0x2d, 0xf6, 0x0a, 0x2d, 0xf5, 0x0a, 0x2d, 0xf0, 0x2a, 0x2d, 0xe3, 0x0a, 0x2d, 0xcf, 0x2a,
  0x2d, 0xb2, 0x0a, 0x2d, 0x8c, 0x2a, 0x35, 0x5d, 0x4a, 0x2d, 0x2d, 0x4a, 0x2d, 0x06, 0x00, 0x00,
  0x00, 0x00, 0x00, 0x00, 0x00, 0x00, 0x00, 0x4a, 0x55, 0x03, 0x4a, 0x55, 0x03, 0x00, 0x00, 0x00,
  0x00, 0x00, 0x00, 0x00, 0x00, 0x00, 0x00, 0x00, 0x00, 0x00, 0x00, 0x00, 0x00, 0x00, 0x00, 0x00,
  0x00, 0x00, 0x00, 0x00, 0x00, 0x00, 0x00, 0x00, 0x00, 0x00, 0x00, 0x00, 0x00, 0x00, 0x00, 0x00,
  0x00, 0x00, 0x00, 0x00, 0x00, 0x00, 0x00, 0x00, 0x00, 0x00, 0x00, 0x00, 0x00, 0x00, 0x00, 0x00,
  0x00, 0x00, 0x00, 0x00, 0x00, 0x00, 0x00, 0x00, 0x00, 0x00, 0x00, 0x00, 0x00, 0x00, 0x00, 0x00,
  0x00, 0x00, 0x00, 0x00, 0x00, 0x00, 0x00, 0x00, 0x00, 0x00, 0x00, 0x00, 0x00, 0x00, 0x00, 0x00,
  0x00, 0x00, 0x00, 0x00, 0x00, 0x00, 0x00, 0x00, 0x00, 0x00, 0x00, 0x00, 0x00, 0x00, 0x00, 0x00,
  0x00, 0x00, 0x00, 0x00, 0x00, 0x00, 0x00, 0x00, 0x00, 0x00, 0x00, 0x00, 0x00, 0x00, 0x00, 0xb5,
  0x02, 0x03, 0x00, 0x00, 0x00, 0x00, 0x00, 0x00, 0xaf, 0x02, 0x06, 0x54, 0x0b, 0x16, 0x00, 0x00,
  0x00, 0x00, 0x00, 0x00, 0x00, 0x00, 0x00, 0x00, 0x00, 0x00, 0x00, 0x00, 0x00, 0x00, 0x00, 0x00,
  0x00, 0x00, 0x00, 0x00, 0x00, 0x00, 0x00, 0x00, 0x00, 0x00, 0x00, 0x00, 0x00, 0x00, 0x00, 0x00,
  0x00, 0x00, 0x00, 0x00, 0x00, 0x00, 0x00, 0x00, 0x00, 0x00, 0x00, 0x00, 0x00, 0x00, 0x00, 0x00,
  0x00, 0x00, 0x00, 0x00, 0x00, 0x00, 0x00, 0x00, 0x00, 0x00, 0x00, 0x00, 0x00, 0x00, 0x00, 0x00,
};

const lv_img_dsc_t img_logo_secondary = {
  .header.cf = LV_IMG_CF_TRUE_COLOR_ALPHA,
  .header.always_zero = 0,
  .header.reserved = 0,
  .header.w = 256,
  .header.h = 50,
  .data_size = 38400,
  .data = img_logo_secondary_rgb565a8_data,
};
#endif

#if LV_COLOR_DEPTH == 32
static const uint8_t img_logo_secondary_argb8888_data[] = {
  0x00, 0x00, 0x00, 0x00, 0x00, 0x00, 0x00, 0x00, 0x00, 0x00, 0x00, 0x00, 0x00, 0x00, 0x00, 0x00,
  0x00, 0x00, 0x00, 0x00, 0x00, 0x00, 0x00, 0x00, 0x00, 0x00, 0x00, 0x00, 0x00, 0x00, 0x00, 0x00,
  0x00, 0x00, 0x00, 0x00, 0x00, 0x00, 0x00, 0x00, 0x00, 0x00, 0x00, 0x00, 0x00, 0x00, 0x00, 0x00,
  0x00, 0x00, 0x00, 0x00, 0x00, 0x00, 0x00, 0x00, 0x00, 0x00, 0x00, 0x00, 0x00, 0x00, 0x00, 0x00,
  0x03, 0x00, 0x55, 0xaa, 0x00, 0x00, 0x00, 0x00, 0x00, 0x00, 0x00, 0x00, 0x0f, 0x11, 0x55, 0x99,
  0x52, 0x0f, 0x60, 0x9e, 0x96, 0x0d, 0x5f, 0x9c, 0xc8, 0x0e, 0x5f, 0x9c, 0xe9, 0x0e, 0x5e, 0x9b,
  0xfb, 0x0e, 0x5e, 0x9a, 0xfe, 0x0e, 0x5e, 0x99, 0xef, 0x0d, 0x5e, 0x9b, 0xcc, 0x0f, 0x60, 0x9d,
  0x8f, 0x0e, 0x60, 0x9e, 0x3d, 0x0c, 0x60, 0x9e, 0x00, 0x00, 0x00, 0x00, 0x00, 0x00, 0x00, 0x00,
  0x03, 0x00, 0x55, 0xaa, 0x01, 0x00, 0x00, 0xff, 0x00, 0x00, 0x00, 0x00, 0x00, 0x00, 0x00, 0x00,
  0x00, 0x00, 0x00, 0x00, 0x00, 0x00, 0x00, 0x00, 0x00, 0x00, 0x00, 0x00, 0x00, 0x00, 0x00, 0x00,
  0x00, 0x00, 0x00, 0x00, 0x00, 0x00, 0x00, 0x00, 0x00, 0x00, 0x00, 0x00, 0x00, 0x00, 0x00, 0x00,
  0x00, 0x00, 0x00, 0x00, 0x00, 0x00, 0x00, 0x00, 0x00, 0x00, 0x00, 0x00, 0x00, 0x00, 0x00, 0x00,
  0x00, 0x00, 0x00, 0x00, 0x00, 0x00, 0x00, 0x00, 0x00, 0x00, 0x00, 0x00, 0x00, 0x00, 0x00, 0x00,
  0x00, 0x00, 0x00, 0x00, 0x00, 0x00, 0x00, 0x00, 0x00, 0x00, 0x00, 0x00, 0x00, 0x00, 0x00, 0x00,
  0x00, 0x00, 0x00, 0x00, 0x00, 0x00, 0x00, 0x00, 0x00, 0x00, 0x00, 0x00, 0x00, 0x00, 0x00, 0x00,
  0x00, 0x00, 0x00, 0x00, 0x00, 0x00, 0x00, 0x00, 0x00, 0x00, 0x00, 0x00, 0x00, 0x00, 0x00, 0x00,
  0x00, 0x00, 0x00, 0x00, 0x00, 0x00, 0x00, 0x00, 0x00, 0x00, 0x00, 0x00, 0x00, 0x00, 0x00, 0x00,
  0x00, 0x00, 0x00, 0x00, 0x00, 0x00, 0x00, 0x00, 0x00, 0x00, 0x00, 0x00, 0x00, 0x00, 0x00, 0x00,
  0x00, 0x00, 0x00, 0x00, 0x00, 0x00, 0x00, 0x00, 0x00, 0x00, 0x00, 0x00, 0x00, 0x00, 0x00, 0x00,
  0x00, 0x00, 0x00, 0x00, 0x00, 0x00, 0x00, 0x00, 0x00, 0x00, 0x00, 0x00, 0x00, 0x00, 0x00, 0x00,
  0x00, 0x00, 0x00, 0x00, 0x00, 0x00, 0x00, 0x00, 0x00, 0x00, 0x00, 0x00, 0x00, 0x00, 0x00, 0x00,
  0x00, 0x00, 0x00, 0x00, 0x00, 0x00, 0x00, 0x00, 0x00, 0x00, 0x00, 0x00, 0x00, 0x00, 0x00, 0x00,
  0x00, 0x00, 0x00, 0x00, 0x00, 0x00, 0x00, 0x00, 0x00, 0x00, 0x00, 0x00, 0x00, 0x00, 0x00, 0x00,
  0x00, 0x00, 0x00, 0x00, 0x00, 0x00, 0x00, 0x00, 0x00, 0x00, 0x00, 0x00, 0x00, 0x00, 0x00, 0x00,
  0x00, 0x00, 0x00, 0x00, 0x00, 0x00, 0x00, 0x00, 0x00, 0x00, 0x00, 0x00, 0x00, 0x00, 0x00, 0x00,
  0x01, 0x00, 0x00, 0x00, 0x00, 0x00, 0x00, 0x00, 0x00, 0x00, 0x00, 0x00, 0x00, 0x00, 0x00, 0x00,
  0x00, 0x00, 0x00, 0x00, 0x00, 0x00, 0x00, 0x00, 0x00, 0x00, 0x00, 0x00, 0x00, 0x00, 0x00, 0x00,
  0x00, 0x00, 0x00, 0x00, 0x00, 0x00, 0x00, 0x00, 0x00, 0x00, 0x00, 0x00, 0x00, 0x00, 0x00, 0x00,
  0x00, 0x00, 0x00, 0x00, 0x00, 0x00, 0x00, 0x00, 0x00, 0x00, 0x00, 0x00, 0x00, 0x00, 0x00, 0x00,
  0x00, 0x00, 0x00, 0x00, 0x00, 0x00, 0x00, 0x00, 0x00, 0x00, 0x00, 0x00, 0x00, 0x00, 0x00, 0x00,
  0x00, 0x00, 0x00, 0x00, 0x00, 0x00, 0x00, 0x00, 0x00, 0x00, 0x00, 0x00, 0x00, 0x00, 0x00, 0x00,
  0x00, 0x00, 0x00, 0x00, 0x00, 0x00, 0x00, 0x00, 0x00, 0x00, 0x00, 0x00, 0x00, 0x00, 0x00, 0x00,
  0x00, 0x00, 0x00, 0x00, 0x00, 0x00, 0x00, 0x00, 0x00, 0x00, 0x00, 0x00, 0x00, 0x00, 0x00, 0x00,
  0x00, 0x00, 0x00, 0x00, 0x00, 0x00, 0x00, 0x00, 0x00, 0x00, 0x00, 0x00, 0x00, 0x00, 0x00, 0x00,
  0x00, 0x00, 0x00, 0x00, 0x00, 0x00, 0x00, 0x00, 0x00, 0x00, 0x00, 0x00, 0x00, 0x00, 0x00, 0x00,
  0x00, 0x00, 0x00, 0x00, 0x00, 0x00, 0x00, 0x00, 0x00, 0x00, 0x00, 0x00, 0x00, 0x00, 0x00, 0x00,
  0x00, 0x00, 0x00, 0x00, 0x00, 0x00, 0x00, 0x00, 0x00, 0x00, 0x00, 0x00, 0x00, 0x00, 0x00, 0x00,
  0x00, 0x00, 0x00, 0x00, 0x01, 0x00, 0x00, 0x00, 0x00, 0x00, 0x00, 0x00, 0x00, 0x00, 0x00, 0x00,
  0x00, 0x00, 0x00, 0x00, 0x00, 0x00, 0x00, 0x00, 0x00, 0x00, 0x00, 0x00, 0x00, 0x00, 0x00, 0x00,
  0x00, 0x00, 0x00, 0x00, 0x00, 0x00, 0x00, 0x00, 0x00, 0x00, 0x00, 0x00, 0x00, 0x00, 0x00, 0x00,
  0x00, 0x00, 0x00, 0x00, 0x00, 0x00, 0x00, 0x00, 0x00, 0x00, 0x00, 0x00, 0x00, 0x00, 0x00, 0x00,
  0x00, 0x00, 0x00, 0x00, 0x00, 0x00, 0x00, 0x00, 0x00, 0x00, 0x00, 0x00, 0x00, 0x00, 0x00, 0x00,
  0x00, 0x00, 0x00, 0x00, 0x00, 0x00, 0x00, 0x00, 0x00, 0x00, 0x00, 0x00, 0x00, 0x00, 0x00, 0x00,
  0x00, 0x00, 0x00, 0x00, 0x00, 0x00, 0x00, 0x00, 0x00, 0x00, 0x00, 0x00, 0x00, 0x00, 0x00, 0x00,
  0x00, 0x00, 0x00, 0x00, 0x00, 0x00, 0x00, 0x00, 0x00, 0x00, 0x00, 0x00, 0x00, 0x00, 0x00, 0x00,
  0x00, 0x00, 0x00, 0x00, 0x00, 0x00, 0x00, 0x00, 0x00, 0x00, 0x00, 0x00, 0x00, 0x00, 0x00, 0x00,
  0x00, 0x00, 0x00, 0x00, 0x00, 0x00, 0x00, 0x00, 0x00, 0x00, 0x00, 0x00, 0x00, 0x00, 0x00, 0x00,
  0x00, 0x00, 0x00, 0x00, 0x00, 0x00, 0x00, 0x00, 0x00, 0x00, 0x00, 0x00, 0x00, 0x00, 0x00, 0x00,
  0x00, 0x00, 0x00, 0x00, 0x00, 0x00, 0x00, 0x00, 0x00, 0x00, 0x00, 0x00, 0x00, 0x00, 0x00, 0x00,
  0x00, 0x00, 0x00, 0x00, 0x00, 0x00, 0x00, 0x00, 0x00, 0x00, 0x00, 0x00, 0x00, 0x00, 0x00, 0x00,
  0x00, 0x00, 0x00, 0x00, 0x00, 0x00, 0x00, 0x00, 0x00, 0x00, 0x00, 0x00, 0x00, 0x00, 0x00, 0x00,
  0x00, 0x00, 0x00, 0x00, 0x00, 0x00, 0x00, 0x00, 0x00, 0x00, 0x00, 0x00, 0x00, 0x00, 0x00, 0x00,
  0x00, 0x00, 0x00, 0x00, 0x00, 0x00, 0x00, 0x00, 0x00, 0x00, 0x00, 0x00, 0x00, 0x00, 0x00, 0x00,
  0x00, 0x00, 0x00, 0x00, 0x00, 0x00, 0x00, 0x00, 0x00, 0x00, 0x00, 0x00, 0x00, 0x00, 0x00, 0x00,
  0x00, 0x00, 0x00, 0x00, 0x00, 0x00, 0x00, 0x00, 0x00, 0x00, 0x00, 0x00, 0x00, 0x00, 0x00, 0x00,
  0x00, 0x00, 0x00, 0x00, 0x00, 0x00, 0x00, 0x00, 0x00, 0x00, 0x00, 0x00, 0x00, 0x00, 0x00, 0x00,
  0x00, 0x00, 0x00, 0x00, 0x00, 0x00, 0x00, 0x00, 0x00, 0x00, 0x00, 0x00, 0x00, 0x00, 0x00, 0x00,
  0x00, 0x00, 0x00, 0x00, 0x00, 0x00, 0x00, 0x00, 0x00, 0x00, 0x00, 0x00, 0x00, 0x00, 0x00, 0x00,
  0x00, 0x00, 0x00, 0x00, 0x00, 0x00, 0x00, 0x00, 0x00, 0x00, 0x00, 0x00, 0x00, 0x00, 0x00, 0x00,
  0x00, 0x00, 0x00, 0x00, 0x00, 0x00, 0x00, 0x00, 0x00, 0x00, 0x00, 0x00, 0x00, 0x00, 0x00, 0x00,
  0x00, 0x00, 0x00, 0x00, 0x00, 0x00, 0x00, 0x00, 0x00, 0x00, 0x00, 0x00, 0x00, 0x00, 0x00, 0x00,
  0x00, 0x00, 0x00, 0x00, 0x00, 0x00, 0x00, 0x00, 0x00, 0x00, 0x00, 0x00, 0x00, 0x00, 0x00, 0x00,
  0x00, 0x00, 0x00, 0x00, 0x00, 0x00, 0x00, 0x00, 0x00, 0x00, 0x00, 0x00, 0x00, 0x00, 0x00, 0x00,
  0x00, 0x00, 0x00, 0x00, 0x00, 0x00, 0x00, 0x00, 0x00, 0x00, 0x00, 0x00, 0x00, 0x00, 0x00, 0x00,
  0x00, 0x00, 0x00, 0x00, 0x00, 0x00, 0x00, 0x00, 0x00, 0x00, 0x00, 0x00, 0x00, 0x00, 0x00, 0x00,
  0x00, 0x00, 0x00, 0x00, 0x00, 0x00, 0x00, 0x00, 0x00, 0x00, 0x00, 0x00, 0x00, 0x00, 0x00, 0x00,
  0x00, 0x00, 0x00, 0x00, 0x00, 0x00, 0x00, 0x00, 0x00, 0x00, 0x00, 0x00, 0x00, 0x00, 0x00, 0x00,
  0x00, 0x00, 0x00, 0x00, 0x00, 0x00, 0x00, 0x00, 0x01, 0x00, 0x00, 0x00, 0x02, 0x00, 0x7f, 0x7f,
  0x00, 0x00, 0x00, 0x00, 0x1a, 0x09, 0x58, 0x93, 0x86, 0x0f, 0x61, 0x9d, 0xdf, 0x0e, 0x60, 0x9d,
  0xff, 0x0f, 0x61, 0x9f, 0xff, 0x0f, 0x63, 0xa2, 0xff, 0x0e, 0x61, 0x9f, 0xff, 0x0e, 0x5f, 0x9c,
  0xff, 0x0e, 0x5e, 0x9a, 0xff, 0x0e, 0x5e, 0x9a, 0xff, 0x0e, 0x5f, 0x9c, 0xff, 0x0e, 0x61, 0x9f,
  0xff, 0x0f, 0x63, 0xa2, 0xfe, 0x0e, 0x5f, 0x9c, 0xbe, 0x0e, 0x60, 0x9e, 0x47, 0x0e, 0x5d, 0x9a,
  0x00, 0x00, 0x00, 0x00, 0x00, 0x00, 0x00, 0x00, 0x02, 0x00, 0x7f, 0x7f, 0x00, 0x00, 0x00, 0x00,
  0x00, 0x00, 0x00, 0x00, 0x00, 0x00, 0x00, 0x00, 0x00, 0x00, 0x00, 0x00, 0x00, 0x00, 0x00, 0x00,
  0x00, 0x00, 0x00, 0x00, 0x00, 0x00, 0x00, 0x00, 0x00, 0x00, 0x00, 0x00, 0x00, 0x00, 0x00, 0x00,
  0x00, 0x00, 0x00, 0x00, 0x00, 0x00, 0x00, 0x00, 0x00, 0x00, 0x00, 0x00, 0x00, 0x00, 0x00, 0x00,
  0x00, 0x00, 0x00, 0x00, 0x00, 0x00, 0x00, 0x00, 0x00, 0x00, 0x00, 0x00, 0x00, 0x00, 0x00, 0x00,
  0x00, 0x00, 0x00, 0x00, 0x00, 0x00, 0x00, 0x00, 0x00, 0x00, 0x00, 0x00, 0x00, 0x00, 0x00, 0x00,
  0x00, 0x00, 0x00, 0x00, 0x00, 0x00, 0x00, 0x00, 0x00, 0x00, 0x00, 0x00, 0x00, 0x00, 0x00, 0x00,
  0x00, 0x00, 0x00, 0x00, 0x00, 0x00, 0x00, 0x00, 0x00, 0x00, 0x00, 0x00, 0x00, 0x00, 0x00, 0x00,
  0x00, 0x00, 0x00, 0x00, 0x00, 0x00, 0x00, 0x00, 0x00, 0x00, 0x00, 0x00, 0x00, 0x00, 0x00, 0x00,
  0x00, 0x00, 0x00, 0x00, 0x00, 0x00, 0x00, 0x00, 0x00, 0x00, 0x00, 0x00, 0x00, 0x00, 0x00, 0x00,
  0x00, 0x00, 0x00, 0x00, 0x00, 0x00, 0x00, 0x00, 0x00, 0x00, 0x00, 0x00, 0x00, 0x00, 0x00, 0x00,
  0x02, 0x00, 0x7f, 0x7f, 0x04, 0x00, 0x7f, 0xbf, 0x03, 0x00, 0x55, 0xaa, 0x00, 0x00, 0x00, 0x00,
  0x00, 0x00, 0x00, 0x00, 0x00, 0x00, 0x00, 0x00, 0x00, 0x00, 0x00, 0x00, 0x00, 0x00, 0x00, 0x00,
  0x00, 0x00, 0x00, 0x00, 0x00, 0x00, 0x00, 0x00, 0x00, 0x00, 0x00, 0x00, 0x00, 0x00, 0x00, 0x00,
  0x00, 0x00, 0x00, 0x00, 0x00, 0x00, 0x00, 0x00, 0x00, 0x00, 0x00, 0x00, 0x00, 0x00, 0x00, 0x00,
  0x00, 0x00, 0x00, 0x00, 0x00, 0x00, 0x00, 0x00, 0x00, 0x00, 0x00, 0x00, 0x00, 0x00, 0x00, 0x00,
  0x00, 0x00, 0x00, 0x00, 0x00, 0x00, 0x00, 0x00, 0x01, 0x00, 0x00, 0xff, 0x01, 0x00, 0xff, 0xff,
  0x00, 0x00, 0x00, 0x00, 0x03, 0x00, 0x55, 0xaa, 0x02, 0x00, 0x7f, 0x7f, 0x00, 0x00, 0x00, 0x00,
  0x00, 0x00, 0x00, 0x00, 0x00, 0x00, 0x00, 0x00, 0x00, 0x00, 0x00, 0x00, 0x00, 0x00, 0x00, 0x00,
  0x00, 0x00, 0x00, 0x00, 0x03, 0x00, 0x55, 0xaa, 0x04, 0x00, 0x3f, 0x7f, 0x04, 0x00, 0x3f, 0x7f,
  0x01, 0x00, 0x00, 0xff, 0x00, 0x00, 0x00, 0x00, 0x00, 0x00, 0x00, 0x00, 0x00, 0x00, 0x00, 0x00,
  0x00, 0x00, 0x00, 0x00, 0x00, 0x00, 0x00, 0x00, 0x00, 0x00, 0x00, 0x00, 0x00, 0x00, 0x00, 0x00,
  0x00, 0x00, 0x00, 0x00, 0x00, 0x00, 0x00, 0x00, 0x00, 0x00, 0x00, 0x00, 0x00, 0x00, 0x00, 0x00,
  0x00, 0x00, 0x00, 0x00, 0x00, 0x00, 0x00, 0x00, 0x00, 0x00, 0x00, 0x00, 0x00, 0x00, 0x00, 0x00,
  0x00, 0x00, 0x00, 0x00, 0x00, 0x00, 0x00, 0x00, 0x00, 0x00, 0x00, 0x00, 0x00, 0x00, 0x00, 0x00,
  0x00, 0x00, 0x00, 0x00, 0x00, 0x00, 0x00, 0x00, 0x00, 0x00, 0x00, 0x00, 0x00, 0x00, 0x00, 0x00,
  0x00, 0x00, 0x00, 0x00, 0x00, 0x00, 0x00, 0x00, 0x00, 0x00, 0x00, 0x00, 0x00, 0x00, 0x00, 0x00,
  0x00, 0x00, 0x00, 0x00, 0x00, 0x00, 0x00, 0x00, 0x00, 0x00, 0x00, 0x00, 0x00, 0x00, 0x00, 0x00,
  0x00, 0x00, 0x00, 0x00, 0x02, 0x00, 0x7f, 0x7f, 0x04, 0x3f, 0xbf, 0x3f, 0x03, 0x55, 0xaa, 0x55,
  0x00, 0x00, 0x00, 0x00, 0x00, 0x00, 0x00, 0x00, 0x00, 0x00, 0x00, 0x00, 0x02, 0x00, 0x7f, 0x7f,
  0x04, 0x3f, 0xbf, 0x3f, 0x03, 0x55, 0xaa, 0x55, 0x01, 0x00, 0x00, 0x00, 0x00, 0x00, 0x00, 0x00,
  0x00, 0x00, 0x00, 0x00, 0x00, 0x00, 0x00, 0x00, 0x00, 0x00, 0x00, 0x00, 0x00, 0x00, 0x00, 0x00,
  0x00, 0x00, 0x00, 0x00, 0x00, 0x00, 0x00, 0x00, 0x00, 0x00, 0x00, 0x00, 0x00, 0x00, 0x00, 0x00,
  0x00, 0x00, 0x00, 0x00, 0x00, 0x00, 0x00, 0x00, 0x00, 0x00, 0x00, 0x00, 0x00, 0x00, 0x00, 0x00,
  0x00, 0x00, 0x00, 0x00, 0x00, 0x00, 0x00, 0x00, 0x00, 0x00, 0x00, 0x00, 0x00, 0x00, 0x00, 0x00,
  0x00, 0x00, 0x00, 0x00, 0x00, 0x00, 0x00, 0x00, 0x00, 0x00, 0x00, 0x00, 0x00, 0x00, 0x00, 0x00,
  0x00, 0x00, 0x00, 0x00, 0x00, 0x00, 0x00, 0x00, 0x00, 0x00, 0x00, 0x00, 0x00, 0x00, 0x00, 0x00,
  0x00, 0x00, 0x00, 0x00, 0x00, 0x00, 0x00, 0x00, 0x00, 0x00, 0x00, 0x00, 0x00, 0x00, 0x00, 0x00,
  0x00, 0x00, 0x00, 0x00, 0x00, 0x00, 0x00, 0x00, 0x00, 0x00, 0x00, 0x00, 0x00, 0x00, 0x00, 0x00,
  0x00, 0x00, 0x00, 0x00, 0x00, 0x00, 0x00, 0x00, 0x00, 0x00, 0x00, 0x00, 0x00, 0x00, 0x00, 0x00,
  0x00, 0x00, 0x00, 0x00, 0x00, 0x00, 0x00, 0x00, 0x00, 0x00, 0x00, 0x00, 0x00, 0x00, 0x00, 0x00,
  0x00, 0x00, 0x00, 0x00, 0x00, 0x00, 0x00, 0x00, 0x00, 0x00, 0x00, 0x00, 0x00, 0x00, 0x00, 0x00,
  0x00, 0x00, 0x00, 0x00, 0x00, 0x00, 0x00, 0x00, 0x00, 0x00, 0x00, 0x00, 0x00, 0x00, 0x00, 0x00,
  0x00, 0x00, 0x00, 0x00, 0x00, 0x00, 0x00, 0x00, 0x00, 0x00, 0x00, 0x00, 0x00, 0x00, 0x00, 0x00,
  0x00, 0x00, 0x00, 0x00, 0x00, 0x00, 0x00, 0x00, 0x00, 0x00, 0x00, 0x00, 0x00, 0x00, 0x00, 0x00,
  0x00, 0x00, 0x00, 0x00, 0x00, 0x00, 0x00, 0x00, 0x00, 0x00, 0x00, 0x00, 0x00, 0x00, 0x00, 0x00,
  0x00, 0x00, 0x00, 0x00, 0x00, 0x00, 0x00, 0x00, 0x00, 0x00, 0x00, 0x00, 0x00, 0x00, 0x00, 0x00,
  0x00, 0x00, 0x00, 0x00, 0x00, 0x00, 0x00, 0x00, 0x00, 0x00, 0x00, 0x00, 0x00, 0x00, 0x00, 0x00,
  0x00, 0x00, 0x00, 0x00, 0x00, 0x00, 0x00, 0x00, 0x00, 0x00, 0x00, 0x00, 0x00, 0x00, 0x00, 0x00,
  0x00, 0x00, 0x00, 0x00, 0x00, 0x00, 0x00, 0x00, 0x00, 0x00, 0x00, 0x00, 0x00, 0x00, 0x00, 0x00,
  0x00, 0x00, 0x00, 0x00, 0x00, 0x00, 0x00, 0x00, 0x00, 0x00, 0x00, 0x00, 0x00, 0x00, 0x00, 0x00,
  0x00, 0x00, 0x00, 0x00, 0x00, 0x00, 0x00, 0x00, 0x00, 0x00, 0x00, 0x00, 0x00, 0x00, 0x00, 0x00,
  0x00, 0x00, 0x00, 0x00, 0x00, 0x00, 0x00, 0x00, 0x00, 0x00, 0x00, 0x00, 0x00, 0x00, 0x00, 0x00,
  0x00, 0x00, 0x00, 0x00, 0x00, 0x00, 0x00, 0x00, 0x00, 0x00, 0x00, 0x00, 0x00, 0x00, 0x00, 0x00,
  0x00, 0x00, 0x00, 0x00, 0x00, 0x00, 0x00, 0x00, 0x00, 0x00, 0x00, 0x00, 0x00, 0x00, 0x00, 0x00,
  0x00, 0x00, 0x00, 0x00, 0x00, 0x00, 0x00, 0x00, 0x00, 0x00, 0x00, 0x00, 0x00, 0x00, 0x00, 0x00,
  0x00, 0x00, 0x00, 0x00, 0x00, 0x00, 0x00, 0x00, 0x00, 0x00, 0x00, 0x00, 0x00, 0x00, 0x00, 0x00,
  0x00, 0x00, 0x00, 0x00, 0x00, 0x00, 0x00, 0x00, 0x00, 0x00, 0x00, 0x00, 0x00, 0x00, 0x00, 0x00,
  0x00, 0x00, 0x00, 0x00, 0x00, 0x00, 0x00, 0x00, 0x00, 0x00, 0x00, 0x00, 0x00, 0x00, 0x00, 0x00,
  0x00, 0x00, 0x00, 0x00, 0x01, 0x00, 0xff, 0xff, 0x00, 0x00, 0x00, 0x00, 0x00, 0x00, 0x00, 0x00,
  0x67, 0x0e, 0x60, 0x9b, 0xeb, 0x0e, 0x60, 0x9e, 0xff, 0x0f, 0x65, 0xa6, 0xff, 0x0e, 0x61, 0x9e,
  0xfe, 0x0e, 0x5d, 0x99, 0xfc, 0x0e, 0x5e, 0x99, 0xfd, 0x0e, 0x5d, 0x9a, 0xfe, 0x0e, 0x5e, 0x9a,
  0xff, 0x0e, 0x5e, 0x9a, 0xff, 0x0e, 0x5e, 0x9a, 0xfe, 0x0e, 0x5e, 0x9a, 0xfd, 0x0e, 0x5d, 0x9a,
  0xfc, 0x0e, 0x5e, 0x99, 0xff, 0x0e, 0x5e, 0x9a, 0xff, 0x0f, 0x63, 0xa2, 0xff, 0x0f, 0x63, 0xa2,
  0x9c, 0x0e, 0x60, 0x9c, 0x0a, 0x00, 0x4c, 0x7f, 0x00, 0x00, 0x00, 0x00, 0x02, 0x00, 0x7f, 0x7f,
  0x00, 0x00, 0x00, 0x00, 0x00, 0x00, 0x00, 0x00, 0x00, 0x00, 0x00, 0x00, 0x00, 0x00, 0x00, 0x00,
  0x00, 0x00, 0x00, 0x00, 0x00, 0x00, 0x00, 0x00, 0x00, 0x00, 0x00, 0x00, 0x00, 0x00, 0x00, 0x00,
  0x00, 0x00, 0x00, 0x00, 0x00, 0x00, 0x00, 0x00, 0x00, 0x00, 0x00, 0x00, 0x00, 0x00, 0x00, 0x00,
  0x00, 0x00, 0x00, 0x00, 0x00, 0x00, 0x00, 0x00, 0x00, 0x00, 0x00, 0x00, 0x00, 0x00, 0x00, 0x00,
  0x00, 0x00, 0x00, 0x00, 0x00, 0x00, 0x00, 0x00, 0x00, 0x00, 0x00, 0x00, 0x00, 0x00, 0x00, 0x00,
  0x00, 0x00, 0x00, 0x00, 0x00, 0x00, 0x00, 0x00, 0x00, 0x00, 0x00, 0x00, 0x00, 0x00, 0x00, 0x00,
  0x00, 0x00, 0x00, 0x00, 0x00, 0x00, 0x00, 0x00, 0x00, 0x00, 0x00, 0x00, 0x00, 0x00, 0x00, 0x00,
  0x00, 0x00, 0x00, 0x00, 0x00, 0x00, 0x00, 0x00, 0x00, 0x00, 0x00, 0x00, 0x00, 0x00, 0x00, 0x00,
  0x00, 0x00, 0x00, 0x00, 0x00, 0x00, 0x00, 0x00, 0x00, 0x00, 0x00, 0x00, 0x00, 0x00, 0x00, 0x00,
  0x00, 0x00, 0x00, 0x00, 0x00, 0x00, 0x00, 0x00, 0x00, 0x00, 0x00, 0x00, 0x02, 0x00, 0x7f, 0x7f,
  0x00, 0x00, 0x00, 0x00, 0x00, 0x00, 0x00, 0x00, 0x00, 0x00, 0x00, 0x00, 0x01, 0x00, 0x00, 0x00,
  0x00, 0x00, 0x00, 0x00, 0x00, 0x00, 0x00, 0x00, 0x00, 0x00, 0x00, 0x00, 0x00, 0x00, 0x00, 0x00,
  0x00, 0x00, 0x00, 0x00, 0x00, 0x00, 0x00, 0x00, 0x00, 0x00, 0x00, 0x00, 0x00, 0x00, 0x00, 0x00,
  0x00, 0x00, 0x00, 0x00, 0x00, 0x00, 0x00, 0x00, 0x00, 0x00, 0x00, 0x00, 0x00, 0x00, 0x00, 0x00,
  0x00, 0x00, 0x00, 0x00, 0x00, 0x00, 0x00, 0x00, 0x00, 0x00, 0x00, 0x00, 0x00, 0x00, 0x00, 0x00,
  0x00, 0x00, 0x00, 0x00, 0x01, 0x00, 0x00, 0x00, 0x00, 0x00, 0x00, 0x00, 0x00, 0x00, 0x00, 0x00,
  0x01, 0x00, 0xff, 0xff, 0x00, 0x00, 0x00, 0x00, 0x00, 0x00, 0x00, 0x00, 0x00, 0x00, 0x00, 0x00,
  0x00, 0x00, 0x00, 0x00, 0x00, 0x00, 0x00, 0x00, 0x00, 0x00, 0x00, 0x00, 0x00, 0x00, 0x00, 0x00,
  0x00, 0x00, 0x00, 0x00, 0x00, 0x00, 0x00, 0x00, 0x00, 0x00, 0x00, 0x00, 0x00, 0x00, 0x00, 0x00,
  0x00, 0x00, 0x00, 0x00, 0x00, 0x00, 0x00, 0x00, 0x00, 0x00, 0x00, 0x00, 0x00, 0x00, 0x00, 0x00,
  0x00, 0x00, 0x00, 0x00, 0x00, 0x00, 0x00, 0x00, 0x00, 0x00, 0x00, 0x00, 0x00, 0x00, 0x00, 0x00,
  0x00, 0x00, 0x00, 0x00, 0x00, 0x00, 0x00, 0x00, 0x00, 0x00, 0x00, 0x00, 0x00, 0x00, 0x00, 0x00,
  0x00, 0x00, 0x00, 0x00, 0x00, 0x00, 0x00, 0x00, 0x00, 0x00, 0x00, 0x00, 0x00, 0x00, 0x00, 0x00,
  0x00, 0x00, 0x00, 0x00, 0x00, 0x00, 0x00, 0x00, 0x00, 0x00, 0x00, 0x00, 0x00, 0x00, 0x00, 0x00,
  0x00, 0x00, 0x00, 0x00, 0x00, 0x00, 0x00, 0x00, 0x00, 0x00, 0x00, 0x00, 0x00, 0x00, 0x00, 0x00,
  0x00, 0x00, 0x00, 0x00, 0x00, 0x00, 0x00, 0x00, 0x00, 0x00, 0x00, 0x00, 0x00, 0x00, 0x00, 0x00,
  0x00, 0x00, 0x00, 0x00, 0x00, 0x00, 0x00, 0x00, 0x00, 0x00, 0x00, 0x00, 0x02, 0x00, 0xff, 0x7f,
  0x02, 0x00, 0xff, 0x7f, 0x00, 0x00, 0x00, 0x00, 0x00, 0x00, 0x00, 0x00, 0x00, 0x00, 0x00, 0x00,
  0x00, 0x00, 0x00, 0x00, 0x01, 0x00, 0xff, 0xff, 0x00, 0x00, 0x00, 0x00, 0x00, 0x00, 0x00, 0x00,
  0x00, 0x00, 0x00, 0x00, 0x00, 0x00, 0x00, 0x00, 0x00, 0x00, 0x00, 0x00, 0x03, 0x55, 0xaa, 0x55,
  0x00, 0x00, 0x00, 0x00, 0x00, 0x00, 0x00, 0x00, 0x00, 0x00, 0x00, 0x00, 0x00, 0x00, 0x00, 0x00,
  0x00, 0x00, 0x00, 0x00, 0x00, 0x00, 0x00, 0x00, 0x00, 0x00, 0x00, 0x00, 0x00, 0x00, 0x00, 0x00,
  0x00, 0x00, 0x00, 0x00, 0x00, 0x00, 0x00, 0x00, 0x00, 0x00, 0x00, 0x00, 0x00, 0x00, 0x00, 0x00,
  0x00, 0x00, 0x00, 0x00, 0x00, 0x00, 0x00, 0x00, 0x00, 0x00, 0x00, 0x00, 0x00, 0x00, 0x00, 0x00,
  0x00, 0x00, 0x00, 0x00, 0x00, 0x00, 0x00, 0x00, 0x00, 0x00, 0x00, 0x00, 0x00, 0x00, 0x00, 0x00,
  0x00, 0x00, 0x00, 0x00, 0x00, 0x00, 0x00, 0x00, 0x00, 0x00, 0x00, 0x00, 0x00, 0x00, 0x00, 0x00,
  0x00, 0x00, 0x00, 0x00, 0x00, 0x00, 0x00, 0x00, 0x00, 0x00, 0x00, 0x00, 0x00, 0x00, 0x00, 0x00,
  0x00, 0x00, 0x00, 0x00, 0x00, 0x00, 0x00, 0x00, 0x00, 0x00, 0x00, 0x00, 0x00, 0x00, 0x00, 0x00,
  0x00, 0x00, 0x00, 0x00, 0x00, 0x00, 0x00, 0x00, 0x00, 0x00, 0x00, 0x00, 0x00, 0x00, 0x00, 0x00,
  0x00, 0x00, 0x00, 0x00, 0x00, 0x00, 0x00, 0x00, 0x00, 0x00, 0x00, 0x00, 0x00, 0x00, 0x00, 0x00,
  0x00, 0x00, 0x00, 0x00, 0x00, 0x00, 0x00, 0x00, 0x00, 0x00, 0x00, 0x00, 0x00, 0x00, 0x00, 0x00,
  0x00, 0x00, 0x00, 0x00, 0x00, 0x00, 0x00, 0x00, 0x00, 0x00, 0x00, 0x00, 0x00, 0x00, 0x00, 0x00,
  0x00, 0x00, 0x00, 0x00, 0x00, 0x00, 0x00, 0x00, 0x00, 0x00, 0x00, 0x00, 0x00, 0x00, 0x00, 0x00,
  0x00, 0x00, 0x00, 0x00, 0x00, 0x00, 0x00, 0x00, 0x00, 0x00, 0x00, 0x00, 0x00, 0x00, 0x00, 0x00,
  0x00, 0x00, 0x00, 0x00, 0x00, 0x00, 0x00, 0x00, 0x00, 0x00, 0x00, 0x00, 0x00, 0x00, 0x00, 0x00,
  0x00, 0x00, 0x00, 0x00, 0x00, 0x00, 0x00, 0x00, 0x00, 0x00, 0x00, 0x00, 0x00, 0x00, 0x00, 0x00,
  0x00, 0x00, 0x00, 0x00, 0x00, 0x00, 0x00, 0x00, 0x00, 0x00, 0x00, 0x00, 0x00, 0x00, 0x00, 0x00,
  0x00, 0x00, 0x00, 0x00, 0x00, 0x00, 0x00, 0x00, 0x00, 0x00, 0x00, 0x00, 0x00, 0x00, 0x00, 0x00,
  0x00, 0x00, 0x00, 0x00, 0x00, 0x00, 0x00, 0x00, 0x00, 0x00, 0x00, 0x00, 0x00, 0x00, 0x00, 0x00,
  0x00, 0x00, 0x00, 0x00, 0x00, 0x00, 0x00, 0x00, 0x00, 0x00, 0x00, 0x00, 0x00, 0x00, 0x00, 0x00,
  0x00, 0x00, 0x00, 0x00, 0x00, 0x00, 0x00, 0x00, 0x00, 0x00, 0x00, 0x00, 0x00, 0x00, 0x00, 0x00,
  0x00, 0x00, 0x00, 0x00, 0x00, 0x00, 0x00, 0x00, 0x00, 0x00, 0x00, 0x00, 0x00, 0x00, 0x00, 0x00,
  0x00, 0x00, 0x00, 0x00, 0x00, 0x00, 0x00, 0x00, 0x00, 0x00, 0x00, 0x00, 0x00, 0x00, 0x00, 0x00,
  0x00, 0x00, 0x00, 0x00, 0x00, 0x00, 0x00, 0x00, 0x00, 0x00, 0x00, 0x00, 0x00, 0x00, 0x00, 0x00,
  0x00, 0x00, 0x00, 0x00, 0x00, 0x00, 0x00, 0x00, 0x00, 0x00, 0x00, 0x00, 0x00, 0x00, 0x00, 0x00,
  0x00, 0x00, 0x00, 0x00, 0x00, 0x00, 0x00, 0x00, 0x00, 0x00, 0x00, 0x00, 0x00, 0x00, 0x00, 0x00,
  0x00, 0x00, 0x00, 0x00, 0x00, 0x00, 0x00, 0x00, 0x00, 0x00, 0x00, 0x00, 0x00, 0x00, 0x00, 0x00,
  0x00, 0x00, 0x00, 0x00, 0x00, 0x00, 0x00, 0x00, 0x00, 0x00, 0x00, 0x00, 0x00, 0x00, 0x00, 0x00,
  0x02, 0x00, 0x7f, 0x7f, 0x00, 0x00, 0x00, 0x00, 0x08, 0x00, 0x3f, 0x7f, 0xa3, 0x0e, 0x5f, 0x9c,
  0xff, 0x0f, 0x65, 0xa5, 0xff, 0x0e, 0x5f, 0x9d, 0xfb, 0x0e, 0x5d, 0x99, 0xfe, 0x0e, 0x5d, 0x99,
  0xff, 0x0e, 0x5e, 0x9a, 0xff, 0x0e, 0x5e, 0x9a, 0xff, 0x0e, 0x5e, 0x9a, 0xff, 0x0e, 0x5e, 0x9a,
  0xfe, 0x0e, 0x5e, 0x99, 0xfe, 0x0e, 0x5e, 0x99, 0xff, 0x0e, 0x5e, 0x9a, 0xff, 0x0e, 0x5e, 0x9a,
  0xff, 0x0e, 0x5e, 0x9a, 0xff, 0x0e, 0x5e, 0x9a, 0xfc, 0x0e, 0x5e, 0x99, 0xfc, 0x0e, 0x5e, 0x99,
  0xff, 0x0f, 0x66, 0xa7, 0xc6, 0x0e, 0x60, 0x9d, 0x12, 0x0e, 0x55, 0x9b, 0x00, 0x00, 0x00, 0x00,
  0x02, 0x00, 0x7f, 0x7f, 0x00, 0x00, 0x00, 0x00, 0x00, 0x00, 0x00, 0x00, 0x00, 0x00, 0x00, 0x00,
  0x00, 0x00, 0x00, 0x00, 0x00, 0x00, 0x00, 0x00, 0x00, 0x00, 0x00, 0x00, 0x00, 0x00, 0x00, 0x00,
  0x00, 0x00, 0x00, 0x00, 0x00, 0x00, 0x00, 0x00, 0x00, 0x00, 0x00, 0x00, 0x00, 0x00, 0x00, 0x00,
  0x00, 0x00, 0x00, 0x00, 0x00, 0x00, 0x00, 0x00, 0x00, 0x00, 0x00, 0x00, 0x00, 0x00, 0x00, 0x00,
  0x00, 0x00, 0x00, 0x00, 0x00, 0x00, 0x00, 0x00, 0x00, 0x00, 0x00, 0x00, 0x00, 0x00, 0x00, 0x00,
  0x00, 0x00, 0x00, 0x00, 0x00, 0x00, 0x00, 0x00, 0x00, 0x00, 0x00, 0x00, 0x00, 0x00, 0x00, 0x00,
  0x00, 0x00, 0x00, 0x00, 0x00, 0x00, 0x00, 0x00, 0x00, 0x00, 0x00, 0x00, 0x00, 0x00, 0x00, 0x00,
  0x00, 0x00, 0x00, 0x00, 0x00, 0x00, 0x00, 0x00, 0x00, 0x00, 0x00, 0x00, 0x00, 0x00, 0x00, 0x00,
  0x00, 0x00, 0x00, 0x00, 0x00, 0x00, 0x00, 0x00, 0x00, 0x00, 0x00, 0x00, 0x00, 0x00, 0x00, 0x00,
  0x00, 0x00, 0x00, 0x00, 0x00, 0x00, 0x00, 0x00, 0x01, 0x00, 0x00, 0xff, 0x00, 0x00, 0x00, 0x00,
  0x2d, 0x0b, 0x5a, 0x99, 0x66, 0x0f, 0x64, 0xa5, 0x40, 0x0f, 0x5f, 0x9b, 0x00, 0x00, 0x00, 0x00,
  0x01, 0x00, 0x00, 0x00, 0x01, 0x00, 0x00, 0x00, 0x00, 0x00, 0x00, 0x00, 0x00, 0x00, 0x00, 0x00,
  0x00, 0x00, 0x00, 0x00, 0x00, 0x00, 0x00, 0x00, 0x00, 0x00, 0x00, 0x00, 0x00, 0x00, 0x00, 0x00,
  0x00, 0x00, 0x00, 0x00, 0x00, 0x00, 0x00, 0x00, 0x00, 0x00, 0x00, 0x00, 0x00, 0x00, 0x00, 0x00,
  0x00, 0x00, 0x00, 0x00, 0x00, 0x00, 0x00, 0x00, 0x00, 0x00, 0x00, 0x00, 0x00, 0x00, 0x00, 0x00,
  0x02, 0x00, 0x7f, 0x7f, 0x01, 0x00, 0x00, 0x00, 0x19, 0x0a, 0x5b, 0x99, 0xb5, 0x0e, 0x61, 0x9d,
  0xd5, 0x0e, 0x62, 0xa0, 0xa7, 0x0f, 0x61, 0xa0, 0x2d, 0x11, 0x60, 0x99, 0x00, 0x00, 0x00, 0x00,
  0x02, 0x00, 0x7f, 0x7f, 0x00, 0x00, 0x00, 0x00, 0x00, 0x00, 0x00, 0x00, 0x02, 0x00, 0x7f, 0x7f,
  0x00, 0x00, 0x00, 0x00, 0x62, 0x0d, 0x5d, 0x9c, 0x9c, 0x0e, 0x63, 0xa3, 0x7e, 0x0e, 0x61, 0x9d,
  0x16, 0x0b, 0x5c, 0x96, 0x00, 0x00, 0x00, 0x00, 0x01, 0x00, 0xff, 0xff, 0x00, 0x00, 0x00, 0x00,
  0x00, 0x00, 0x00, 0x00, 0x00, 0x00, 0x00, 0x00, 0x00, 0x00, 0x00, 0x00, 0x00, 0x00, 0x00, 0x00,
  0x00, 0x00, 0x00, 0x00, 0x00, 0x00, 0x00, 0x00, 0x00, 0x00, 0x00, 0x00, 0x00, 0x00, 0x00, 0x00,
  0x00, 0x00, 0x00, 0x00, 0x00, 0x00, 0x00, 0x00, 0x00, 0x00, 0x00, 0x00, 0x00, 0x00, 0x00, 0x00,
  0x00, 0x00, 0x00, 0x00, 0x00, 0x00, 0x00, 0x00, 0x00, 0x00, 0x00, 0x00, 0x00, 0x00, 0x00, 0x00,
  0x00, 0x00, 0x00, 0x00, 0x00, 0x00, 0x00, 0x00, 0x00, 0x00, 0x00, 0x00, 0x00, 0x00, 0x00, 0x00,
  0x00, 0x00, 0x00, 0x00, 0x00, 0x00, 0x00, 0x00, 0x00, 0x00, 0x00, 0x00, 0x00, 0x00, 0x00, 0x00,
  0x00, 0x00, 0x00, 0x00, 0x00, 0x00, 0x00, 0x00, 0x03, 0x55, 0xaa, 0x55, 0x00, 0x00, 0x00, 0x00,
  0x00, 0x00, 0x00, 0x00, 0x26, 0x2e, 0xa7, 0x57, 0x6c, 0x2f, 0xa7, 0x57, 0xa8, 0x2f, 0xa5, 0x55,
  0xcd, 0x2f, 0xa5, 0x54, 0xd8, 0x2f, 0xa2, 0x53, 0xd1, 0x2f, 0xa4, 0x54, 0xbb, 0x2f, 0xa5, 0x54,
  0x8d, 0x2f, 0xa6, 0x56, 0x46, 0x2f, 0xa7, 0x57, 0x03, 0x00, 0x55, 0x55, 0x00, 0x00, 0x00, 0x00,
  0x02, 0x00, 0xff, 0x7f, 0x00, 0x00, 0x00, 0x00, 0x00, 0x00, 0x00, 0x00, 0x00, 0x00, 0x00, 0x00,
  0x00, 0x00, 0x00, 0x00, 0x00, 0x00, 0x00, 0x00, 0x00, 0x00, 0x00, 0x00, 0x00, 0x00, 0x00, 0x00,
  0x00, 0x00, 0x00, 0x00, 0x00, 0x00, 0x00, 0x00, 0x00, 0x00, 0x00, 0x00, 0x00, 0x00, 0x00, 0x00,
  0x00, 0x00, 0x00, 0x00, 0x00, 0x00, 0x00, 0x00, 0x00, 0x00, 0x00, 0x00, 0x00, 0x00, 0x00, 0x00,
  0x00, 0x00, 0x00, 0x00, 0x00, 0x00, 0x00, 0x00, 0x00, 0x00, 0x00, 0x00, 0x00, 0x00, 0x00, 0x00,
  0x00, 0x00, 0x00, 0x00, 0x00, 0x00, 0x00, 0x00, 0x00, 0x00, 0x00, 0x00, 0x00, 0x00, 0x00, 0x00,
  0x00, 0x00, 0x00, 0x00, 0x00, 0x00, 0x00, 0x00, 0x00, 0x00, 0x00, 0x00, 0x00, 0x00, 0x00, 0x00,
  0x00, 0x00, 0x00, 0x00, 0x00, 0x00, 0x00, 0x00, 0x00, 0x00, 0x00, 0x00, 0x00, 0x00, 0x00, 0x00,
  0x00, 0x00, 0x00, 0x00, 0x00, 0x00, 0x00, 0x00, 0x00, 0x00, 0x00, 0x00, 0x00, 0x00, 0x00, 0x00,
  0x00, 0x00, 0x00, 0x00, 0x00, 0x00, 0x00, 0x00, 0x00, 0x00, 0x00, 0x00, 0x00, 0x00, 0x00, 0x00,
  0x00, 0x00, 0x00, 0x00, 0x00, 0x00, 0x00, 0x00, 0x00, 0x00, 0x00, 0x00, 0x00, 0x00, 0x00, 0x00,
  0x00, 0x00, 0x00, 0x00, 0x00, 0x00, 0x00, 0x00, 0x00, 0x00, 0x00, 0x00, 0x00, 0x00, 0x00, 0x00,
  0x00, 0x00, 0x00, 0x00, 0x00, 0x00, 0x00, 0x00, 0x00, 0x00, 0x00, 0x00, 0x00, 0x00, 0x00, 0x00,
  0x00, 0x00, 0x00, 0x00, 0x00, 0x00, 0x00, 0x00, 0x00, 0x00, 0x00, 0x00, 0x00, 0x00, 0x00, 0x00,
  0x00, 0x00, 0x00, 0x00, 0x00, 0x00, 0x00, 0x00, 0x00, 0x00, 0x00, 0x00, 0x00, 0x00, 0x00, 0x00,
  0x00, 0x00, 0x00, 0x00, 0x00, 0x00, 0x00, 0x00, 0x00, 0x00, 0x00, 0x00, 0x00, 0x00, 0x00, 0x00,
  0x00, 0x00, 0x00, 0x00, 0x00, 0x00, 0x00, 0x00, 0x00, 0x00, 0x00, 0x00, 0x00, 0x00, 0x00, 0x00,
  0x00, 0x00, 0x00, 0x00, 0x00, 0x00, 0x00, 0x00, 0x00, 0x00, 0x00, 0x00, 0x00, 0x00, 0x00, 0x00,
  0x00, 0x00, 0x00, 0x00, 0x00, 0x00, 0x00, 0x00, 0x00, 0x00, 0x00, 0x00, 0x00, 0x00, 0x00, 0x00,
  0x00, 0x00, 0x00, 0x00, 0x00, 0x00, 0x00, 0x00, 0x00, 0x00, 0x00, 0x00, 0x00, 0x00, 0x00, 0x00,
  0x00, 0x00, 0x00, 0x00, 0x00, 0x00, 0x00, 0x00, 0x00, 0x00, 0x00, 0x00, 0x00, 0x00, 0x00, 0x00,
  0x00, 0x00, 0x00, 0x00, 0x00, 0x00, 0x00, 0x00, 0x00, 0x00, 0x00, 0x00, 0x00, 0x00, 0x00, 0x00,
  0x00, 0x00, 0x00, 0x00, 0x00, 0x00, 0x00, 0x00, 0x00, 0x00, 0x00, 0x00, 0x00, 0x00, 0x00, 0x00,
  0x00, 0x00, 0x00, 0x00, 0x00, 0x00, 0x00, 0x00, 0x00, 0x00, 0x00, 0x00, 0x00, 0x00, 0x00, 0x00,
  0x00, 0x00, 0x00, 0x00, 0x00, 0x00, 0x00, 0x00, 0x00, 0x00, 0x00, 0x00, 0x00, 0x00, 0x00, 0x00,
  0x00, 0x00, 0x00, 0x00, 0x00, 0x00, 0x00, 0x00, 0x00, 0x00, 0x00, 0x00, 0x00, 0x00, 0x00, 0x00,
  0x00, 0x00, 0x00, 0x00, 0x00, 0x00, 0x00, 0x00, 0x00, 0x00, 0x00, 0x00, 0x00, 0x00, 0x00, 0x00,
  0x00, 0x00, 0x00, 0x00, 0x00, 0x00, 0x00, 0x00, 0x00, 0x00, 0x00, 0x00, 0x01, 0x00, 0x00, 0xff,
  0x01, 0x00, 0x00, 0xff, 0x0b, 0x17, 0x5c, 0xa2, 0xbe, 0x0e, 0x5f, 0x9d, 0xff, 0x0f, 0x66, 0xa6,
  0xfb, 0x0e, 0x5d, 0x99, 0xfe, 0x0e, 0x5d, 0x99, 0xff, 0x0e, 0x5e, 0x9a, 0xff, 0x0e, 0x5e, 0x9a,
  0xfe, 0x0e, 0x5e, 0x9a, 0xfc, 0x0e, 0x5e, 0x99, 0xfc, 0x0e, 0x5e, 0x99, 0xff, 0x0e, 0x5e, 0x9a,
  0xff, 0x0e, 0x60, 0x9d, 0xff, 0x0e, 0x60, 0x9d, 0xff, 0x0e, 0x5e, 0x9a, 0xfb, 0x0e, 0x5e, 0x9a,
  0xfd, 0x0e, 0x5d, 0x99, 0xff, 0x0e, 0x5e, 0x9a, 0xff, 0x0e, 0x5e, 0x9a, 0xff, 0x0e, 0x5e, 0x9a,
  0xfa, 0x0e, 0x5d, 0x99, 0xff, 0x0f, 0x65, 0xa5, 0xc4, 0x0e, 0x5e, 0x9a, 0x07, 0x00, 0x6d, 0x91,
  0x03, 0x00, 0x55, 0xaa, 0x01, 0x00, 0x00, 0xff, 0x00, 0x00, 0x00, 0x00, 0x00, 0x00, 0x00, 0x00,
  0x00, 0x00, 0x00, 0x00, 0x00, 0x00, 0x00, 0x00, 0x00, 0x00, 0x00, 0x00, 0x00, 0x00, 0x00, 0x00,
  0x00, 0x00, 0x00, 0x00, 0x00, 0x00, 0x00, 0x00, 0x00, 0x00, 0x00, 0x00, 0x00, 0x00, 0x00, 0x00,
  0x00, 0x00, 0x00, 0x00, 0x00, 0x00, 0x00, 0x00, 0x00, 0x00, 0x00, 0x00, 0x00, 0x00, 0x00, 0x00,
  0x00, 0x00, 0x00, 0x00, 0x00, 0x00, 0x00, 0x00, 0x00, 0x00, 0x00, 0x00, 0x00, 0x00, 0x00, 0x00,
  0x00, 0x00, 0x00, 0x00, 0x00, 0x00, 0x00, 0x00, 0x00, 0x00, 0x00, 0x00, 0x00, 0x00, 0x00, 0x00,
  0x00, 0x00, 0x00, 0x00, 0x00, 0x00, 0x00, 0x00, 0x00, 0x00, 0x00, 0x00, 0x00, 0x00, 0x00, 0x00,
  0x00, 0x00, 0x00, 0x00, 0x00, 0x00, 0x00, 0x00, 0x00, 0x00, 0x00, 0x00, 0x00, 0x00, 0x00, 0x00,
  0x00, 0x00, 0x00, 0x00, 0x00, 0x00, 0x00, 0x00, 0x00, 0x00, 0x00, 0x00, 0x00, 0x00, 0x00, 0x00,
  0x00, 0x00, 0x00, 0x00, 0x03, 0x00, 0x55, 0xaa, 0x00, 0x00, 0x00, 0x00, 0x65, 0x0f, 0x5d, 0x9a,
  0xfb, 0x0f, 0x62, 0xa1, 0xff, 0x0f, 0x64, 0xa3, 0xff, 0x0f, 0x65, 0xa6, 0x92, 0x0d, 0x5e, 0x99,
  0x00, 0x00, 0x00, 0x00, 0x02, 0x00, 0x7f, 0x7f, 0x00, 0x00, 0x00, 0x00, 0x00, 0x00, 0x00, 0x00,
  0x00, 0x00, 0x00, 0x00, 0x00, 0x00, 0x00, 0x00, 0x00, 0x00, 0x00, 0x00, 0x00, 0x00, 0x00, 0x00,
  0x00, 0x00, 0x00, 0x00, 0x00, 0x00, 0x00, 0x00, 0x00, 0x00, 0x00, 0x00, 0x00, 0x00, 0x00, 0x00,
  0x00, 0x00, 0x00, 0x00, 0x00, 0x00, 0x00, 0x00, 0x00, 0x00, 0x00, 0x00, 0x00, 0x00, 0x00, 0x00,
  0x02, 0x00, 0x7f, 0x7f, 0x02, 0x00, 0x7f, 0x7f, 0xc1, 0x0d, 0x5d, 0x99, 0xff, 0x0f, 0x67, 0xa9,
  0xff, 0x0e, 0x5f, 0x9c, 0xff, 0x0f, 0x67, 0xa9, 0xe1, 0x0d, 0x5e, 0x9a, 0x0b, 0x17, 0x5c, 0x8b,
  0x01, 0x00, 0x00, 0xff, 0x01, 0x00, 0x00, 0x00, 0x03, 0x00, 0x55, 0xaa, 0x00, 0x00, 0x00, 0x00,
  0x86, 0x0d, 0x5f, 0x9a, 0xff, 0x0f, 0x67, 0xaa, 0xff, 0x0f, 0x63, 0xa2, 0xff, 0x10, 0x69, 0xac,
  0xc0, 0x0e, 0x5e, 0x9a, 0x02, 0x00, 0x7f, 0x7f, 0x02, 0x00, 0x7f, 0x7f, 0x00, 0x00, 0x00, 0x00,
  0x00, 0x00, 0x00, 0x00, 0x00, 0x00, 0x00, 0x00, 0x00, 0x00, 0x00, 0x00, 0x00, 0x00, 0x00, 0x00,
  0x00, 0x00, 0x00, 0x00, 0x00, 0x00, 0x00, 0x00, 0x00, 0x00, 0x00, 0x00, 0x00, 0x00, 0x00, 0x00,
  0x00, 0x00, 0x00, 0x00, 0x00, 0x00, 0x00, 0x00, 0x00, 0x00, 0x00, 0x00, 0x00, 0x00, 0x00, 0x00,
  0x00, 0x00, 0x00, 0x00, 0x00, 0x00, 0x00, 0x00, 0x00, 0x00, 0x00, 0x00, 0x00, 0x00, 0x00, 0x00,
  0x00, 0x00, 0x00, 0x00, 0x00, 0x00, 0x00, 0x00, 0x00, 0x00, 0x00, 0x00, 0x00, 0x00, 0x00, 0x00,
  0x00, 0x00, 0x00, 0x00, 0x00, 0x00, 0x00, 0x00, 0x00, 0x00, 0x00, 0x00, 0x00, 0x00, 0x00, 0x00,
  0x01, 0x00, 0xff, 0x00, 0x01, 0x00, 0x00, 0x00, 0x00, 0x00, 0x00, 0x00, 0x38, 0x2d, 0xa3, 0x56,
  0xae, 0x30, 0xa8, 0x56, 0xf8, 0x2f, 0xa6, 0x55, 0xff, 0x32, 0xae, 0x5a, 0xff, 0x32, 0xad, 0x59,
  0xff, 0x31, 0xaa, 0x57, 0xff, 0x31, 0xa9, 0x57, 0xff, 0x31, 0xa9, 0x57, 0xff, 0x31, 0xac, 0x58,
  0xff, 0x32, 0xae, 0x5a, 0xff, 0x31, 0xab, 0x58, 0xcf, 0x30, 0xa8, 0x56, 0x52, 0x2e, 0xa4, 0x53,
  0x00, 0x00, 0x00, 0x00, 0x01, 0x00, 0xff, 0x00, 0x01, 0x00, 0x00, 0x00, 0x00, 0x00, 0x00, 0x00,
  0x00, 0x00, 0x00, 0x00, 0x00, 0x00, 0x00, 0x00, 0x00, 0x00, 0x00, 0x00, 0x00, 0x00, 0x00, 0x00,
  0x00, 0x00, 0x00, 0x00, 0x00, 0x00, 0x00, 0x00, 0x00, 0x00, 0x00, 0x00, 0x00, 0x00, 0x00, 0x00,
  0x00, 0x00, 0x00, 0x00, 0x00, 0x00, 0x00, 0x00, 0x00, 0x00, 0x00, 0x00, 0x00, 0x00, 0x00, 0x00,
  0x00, 0x00, 0x00, 0x00, 0x00, 0x00, 0x00, 0x00, 0x00, 0x00, 0x00, 0x00, 0x00, 0x00, 0x00, 0x00,
  0x00, 0x00, 0x00, 0x00, 0x00, 0x00, 0x00, 0x00, 0x00, 0x00, 0x00, 0x00, 0x00, 0x00, 0x00, 0x00,
  0x00, 0x00, 0x00, 0x00, 0x00, 0x00, 0x00, 0x00, 0x00, 0x00, 0x00, 0x00, 0x00, 0x00, 0x00, 0x00,
  0x00, 0x00, 0x00, 0x00, 0x00, 0x00, 0x00, 0x00, 0x00, 0x00, 0x00, 0x00, 0x00, 0x00, 0x00, 0x00,
  0x00, 0x00, 0x00, 0x00, 0x00, 0x00, 0x00, 0x00, 0x00, 0x00, 0x00, 0x00, 0x00, 0x00, 0x00, 0x00,
  0x00, 0x00, 0x00, 0x00, 0x00, 0x00, 0x00, 0x00, 0x00, 0x00, 0x00, 0x00, 0x00, 0x00, 0x00, 0x00,
  0x00, 0x00, 0x00, 0x00, 0x00, 0x00, 0x00, 0x00, 0x00, 0x00, 0x00, 0x00, 0x00, 0x00, 0x00, 0x00,
  0x00, 0x00, 0x00, 0x00, 0x00, 0x00, 0x00, 0x00, 0x00, 0x00, 0x00, 0x00, 0x00, 0x00, 0x00, 0x00,
  0x00, 0x00, 0x00, 0x00, 0x00, 0x00, 0x00, 0x00, 0x00, 0x00, 0x00, 0x00, 0x00, 0x00, 0x00, 0x00,
  0x00, 0x00, 0x00, 0x00, 0x00, 0x00, 0x00, 0x00, 0x00, 0x00, 0x00, 0x00, 0x00, 0x00, 0x00, 0x00,
  0x00, 0x00, 0x00, 0x00, 0x00, 0x00, 0x00, 0x00, 0x00, 0x00, 0x00, 0x00, 0x00, 0x00, 0x00, 0x00,
  0x00, 0x00, 0x00, 0x00, 0x00, 0x00, 0x00, 0x00, 0x00, 0x00, 0x00, 0x00, 0x00, 0x00, 0x00, 0x00,
  0x00, 0x00, 0x00, 0x00, 0x00, 0x00, 0x00, 0x00, 0x00, 0x00, 0x00, 0x00, 0x00, 0x00, 0x00, 0x00,
  0x00, 0x00, 0x00, 0x00, 0x00, 0x00, 0x00, 0x00, 0x00, 0x00, 0x00, 0x00, 0x00, 0x00, 0x00, 0x00,
  0x00, 0x00, 0x00, 0x00, 0x00, 0x00, 0x00, 0x00, 0x00, 0x00, 0x00, 0x00, 0x00, 0x00, 0x00, 0x00,
  0x00, 0x00, 0x00, 0x00, 0x00, 0x00, 0x00, 0x00, 0x00, 0x00, 0x00, 0x00, 0x00, 0x00, 0x00, 0x00,
  0x00, 0x00, 0x00, 0x00, 0x00, 0x00, 0x00, 0x00, 0x00, 0x00, 0x00, 0x00, 0x00, 0x00, 0x00, 0x00,
  0x00, 0x00, 0x00, 0x00, 0x00, 0x00, 0x00, 0x00, 0x00, 0x00, 0x00, 0x00, 0x00, 0x00, 0x00, 0x00,
  0x00, 0x00, 0x00, 0x00, 0x00, 0x00, 0x00, 0x00, 0x01, 0x00, 0x00, 0xff, 0x03, 0x00, 0x55, 0xaa,
  0x03, 0x00, 0x55, 0xaa, 0x00, 0x00, 0x00, 0x00, 0x00, 0x00, 0x00, 0x00, 0x00, 0x00, 0x00, 0x00,
  0x00, 0x00, 0x00, 0x00, 0x00, 0x00, 0x00, 0x00, 0x00, 0x00, 0x00, 0x00, 0x00, 0x00, 0x00, 0x00,
  0x00, 0x00, 0x00, 0x00, 0x00, 0x00, 0x00, 0x00, 0x00, 0x00, 0x00, 0x00, 0x00, 0x00, 0x00, 0x00,
  0x00, 0x00, 0x00, 0x00, 0x00, 0x00, 0x00, 0x00, 0x00, 0x00, 0x00, 0x00, 0x00, 0x00, 0x00, 0x00,
  0x00, 0x00, 0x00, 0x00, 0x00, 0x00, 0x00, 0x00, 0x01, 0x00, 0x00, 0x00, 0x03, 0x00, 0x55, 0xaa,
  0x02, 0x00, 0x7f, 0xff, 0xb7, 0x0d, 0x5e, 0x9a, 0xff, 0x0f, 0x66, 0xa6, 0xfa, 0x0e, 0x5d, 0x99,
  0xff, 0x0e, 0x5e, 0x9a, 0xff, 0x0e, 0x5e, 0x9a, 0xff, 0x0e, 0x5e, 0x9a, 0xfc, 0x0e, 0x5e, 0x99,
  0xff, 0x0e, 0x5e, 0x9a, 0xff, 0x0f, 0x63, 0xa3, 0xff, 0x0f, 0x64, 0xa4, 0xff, 0x0e, 0x5f, 0x9b,
  0xee, 0x0d, 0x5e, 0x9a, 0xee, 0x0d, 0x5e, 0x9a, 0xff, 0x0e, 0x5e, 0x9b, 0xff, 0x0f, 0x64, 0xa4,
  0xff, 0x0f, 0x62, 0xa1, 0xfc, 0x0e, 0x5e, 0x99, 0xff, 0x0e, 0x5e, 0x9a, 0xff, 0x0e, 0x5e, 0x9a,
  0xff, 0x0e, 0x5e, 0x9a, 0xfa, 0x0e, 0x5d, 0x99, 0xff, 0x0f, 0x66, 0xa7, 0x92, 0x0d, 0x5e, 0x99,
  0x00, 0x00, 0x00, 0x00, 0x03, 0x00, 0x55, 0xaa, 0x00, 0x00, 0x00, 0x00, 0x00, 0x00, 0x00, 0x00,
  0x00, 0x00, 0x00, 0x00, 0x00, 0x00, 0x00, 0x00, 0x00, 0x00, 0x00, 0x00, 0x00, 0x00, 0x00, 0x00,
  0x00, 0x00, 0x00, 0x00, 0x00, 0x00, 0x00, 0x00, 0x00, 0x00, 0x00, 0x00, 0x00, 0x00, 0x00, 0x00,
  0x00, 0x00, 0x00, 0x00, 0x00, 0x00, 0x00, 0x00, 0x00, 0x00, 0x00, 0x00, 0x00, 0x00, 0x00, 0x00,
  0x00, 0x00, 0x00, 0x00, 0x00, 0x00, 0x00, 0x00, 0x00, 0x00, 0x00, 0x00, 0x00, 0x00, 0x00, 0x00,
  0x00, 0x00, 0x00, 0x00, 0x00, 0x00, 0x00, 0x00, 0x00, 0x00, 0x00, 0x00, 0x00, 0x00, 0x00, 0x00,
  0x00, 0x00, 0x00, 0x00, 0x00, 0x00, 0x00, 0x00, 0x00, 0x00, 0x00, 0x00, 0x00, 0x00, 0x00, 0x00,
  0x00, 0x00, 0x00, 0x00, 0x00, 0x00, 0x00, 0x00, 0x00, 0x00, 0x00, 0x00, 0x00, 0x00, 0x00, 0x00,
  0x00, 0x00, 0x00, 0x00, 0x00, 0x00, 0x00, 0x00, 0x00, 0x00, 0x00, 0x00, 0x00, 0x00, 0x00, 0x00,
  0x01, 0x00, 0x00, 0x00, 0x01, 0x00, 0x00, 0x00, 0x05, 0x00, 0x66, 0x99, 0xe4, 0x0d, 0x5d, 0x99,
  0xff, 0x0f, 0x62, 0xa0, 0xf8, 0x0e, 0x5d, 0x99, 0xfe, 0x0e, 0x5f, 0x9b, 0xfb, 0x0e, 0x5e, 0x9a,
  0x17, 0x0b, 0x63, 0x9b, 0x00, 0x00, 0x00, 0x00, 0x01, 0x00, 0xff, 0xff, 0x00, 0x00, 0x00, 0x00,
  0x00, 0x00, 0x00, 0x00, 0x00, 0x00, 0x00, 0x00, 0x00, 0x00, 0x00, 0x00, 0x00, 0x00, 0x00, 0x00,
  0x00, 0x00, 0x00, 0x00, 0x00, 0x00, 0x00, 0x00, 0x00, 0x00, 0x00, 0x00, 0x00, 0x00, 0x00, 0x00,
  0x00, 0x00, 0x00, 0x00, 0x00, 0x00, 0x00, 0x00, 0x00, 0x00, 0x00, 0x00, 0x03, 0x00, 0x55, 0xaa,
  0x00, 0x00, 0x00, 0x00, 0x36, 0x0e, 0x5e, 0x9b, 0xff, 0x0f, 0x62, 0xa0, 0xfb, 0x0e, 0x5d, 0x99,
  0xfc, 0x0e, 0x5d, 0x99, 0xfc, 0x0e, 0x5f, 0x9b, 0xf1, 0x0d, 0x5e, 0x9a, 0x14, 0x0c, 0x59, 0x99,
  0x00, 0x00, 0x00, 0x00, 0x02, 0x00, 0x7f, 0x7f, 0x00, 0x00, 0x00, 0x00, 0x10, 0x0f, 0x5f, 0x9f,
  0xf3, 0x0d, 0x5d, 0x99, 0xfd, 0x0e, 0x5f, 0x9d, 0xf9, 0x0e, 0x5e, 0x99, 0xfb, 0x0e, 0x5e, 0x9b,
  0xfb, 0x0e, 0x5d, 0x9a, 0x1c, 0x12, 0x5b, 0x9a, 0x00, 0x00, 0x00, 0x00, 0x02, 0x00, 0x7f, 0x7f,
  0x00, 0x00, 0x00, 0x00, 0x00, 0x00, 0x00, 0x00, 0x00, 0x00, 0x00, 0x00, 0x00, 0x00, 0x00, 0x00,
  0x00, 0x00, 0x00, 0x00, 0x00, 0x00, 0x00, 0x00, 0x00, 0x00, 0x00, 0x00, 0x00, 0x00, 0x00, 0x00,
  0x00, 0x00, 0x00, 0x00, 0x00, 0x00, 0x00, 0x00, 0x00, 0x00, 0x00, 0x00, 0x00, 0x00, 0x00, 0x00,
  0x00, 0x00, 0x00, 0x00, 0x00, 0x00, 0x00, 0x00, 0x00, 0x00, 0x00, 0x00, 0x00, 0x00, 0x00, 0x00,
  0x00, 0x00, 0x00, 0x00, 0x00, 0x00, 0x00, 0x00, 0x00, 0x00, 0x00, 0x00, 0x00, 0x00, 0x00, 0x00,
  0x00, 0x00, 0x00, 0x00, 0x00, 0x00, 0x00, 0x00, 0x00, 0x00, 0x00, 0x00, 0x01, 0x00, 0xff, 0x00,
  0x00, 0x00, 0x00, 0x00, 0x03, 0x00, 0x55, 0x55, 0x8a, 0x30, 0xa6, 0x55, 0xfe, 0x30, 0xa7, 0x56,
  0xff, 0x32, 0xad, 0x59, 0xff, 0x2f, 0xa3, 0x54, 0xfb, 0x2e, 0xa2, 0x54, 0xfc, 0x2e, 0xa2, 0x53,
  0xfd, 0x2f, 0xa3, 0x53, 0xfd, 0x2f, 0xa3, 0x53, 0xfd, 0x2f, 0xa3, 0x53, 0xfc, 0x2e, 0xa2, 0x53,
  0xfb, 0x2e, 0xa2, 0x54, 0xfd, 0x2e, 0xa2, 0x53, 0xff, 0x31, 0xa9, 0x57, 0xff, 0x32, 0xad, 0x59,
  0x95, 0x2f, 0xa4, 0x55, 0x01, 0x00, 0xff, 0x00, 0x02, 0x00, 0x7f, 0x7f, 0x01, 0x00, 0xff, 0x00,
  0x00, 0x00, 0x00, 0x00, 0x00, 0x00, 0x00, 0x00, 0x00, 0x00, 0x00, 0x00, 0x00, 0x00, 0x00, 0x00,
  0x00, 0x00, 0x00, 0x00, 0x00, 0x00, 0x00, 0x00, 0x00, 0x00, 0x00, 0x00, 0x00, 0x00, 0x00, 0x00,
  0x00, 0x00, 0x00, 0x00, 0x00, 0x00, 0x00, 0x00, 0x00, 0x00, 0x00, 0x00, 0x00, 0x00, 0x00, 0x00,
  0x00, 0x00, 0x00, 0x00, 0x00, 0x00, 0x00, 0x00, 0x00, 0x00, 0x00, 0x00, 0x00, 0x00, 0x00, 0x00,
  0x00, 0x00, 0x00, 0x00, 0x00, 0x00, 0x00, 0x00, 0x00, 0x00, 0x00, 0x00, 0x00, 0x00, 0x00, 0x00,
  0x00, 0x00, 0x00, 0x00, 0x00, 0x00, 0x00, 0x00, 0x00, 0x00, 0x00, 0x00, 0x00, 0x00, 0x00, 0x00,
  0x00, 0x00, 0x00, 0x00, 0x00, 0x00, 0x00, 0x00, 0x00, 0x00, 0x00, 0x00, 0x00, 0x00, 0x00, 0x00,
  0x00, 0x00, 0x00, 0x00, 0x00, 0x00, 0x00, 0x00, 0x00, 0x00, 0x00, 0x00, 0x00, 0x00, 0x00, 0x00,
  0x00, 0x00, 0x00, 0x00, 0x00, 0x00, 0x00, 0x00, 0x00, 0x00, 0x00, 0x00, 0x00, 0x00, 0x00, 0x00,
  0x00, 0x00, 0x00, 0x00, 0x00, 0x00, 0x00, 0x00, 0x00, 0x00, 0x00, 0x00, 0x00, 0x00, 0x00, 0x00,
  0x00, 0x00, 0x00, 0x00, 0x00, 0x00, 0x00, 0x00, 0x00, 0x00, 0x00, 0x00, 0x00, 0x00, 0x00, 0x00,
  0x00, 0x00, 0x00, 0x00, 0x00, 0x00, 0x00, 0x00, 0x00, 0x00, 0x00, 0x00, 0x00, 0x00, 0x00, 0x00,
  0x00, 0x00, 0x00, 0x00, 0x00, 0x00, 0x00, 0x00, 0x00, 0x00, 0x00, 0x00, 0x00, 0x00, 0x00, 0x00,
  0x00, 0x00, 0x00, 0x00, 0x00, 0x00, 0x00, 0x00, 0x00, 0x00, 0x00, 0x00, 0x00, 0x00, 0x00, 0x00,
  0x00, 0x00, 0x00, 0x00, 0x00, 0x00, 0x00, 0x00, 0x00, 0x00, 0x00, 0x00, 0x00, 0x00, 0x00, 0x00,
  0x00, 0x00, 0x00, 0x00, 0x00, 0x00, 0x00, 0x00, 0x00, 0x00, 0x00, 0x00, 0x00, 0x00, 0x00, 0x00,
  0x00, 0x00, 0x00, 0x00, 0x00, 0x00, 0x00, 0x00, 0x00, 0x00, 0x00, 0x00, 0x00, 0x00, 0x00, 0x00,
  0x00, 0x00, 0x00, 0x00, 0x00, 0x00, 0x00, 0x00, 0x00, 0x00, 0x00, 0x00, 0x00, 0x00, 0x00, 0x00,
  0x00, 0x00, 0x00, 0x00, 0x00, 0x00, 0x00, 0x00, 0x00, 0x00, 0x00, 0x00, 0x00, 0x00, 0x00, 0x00,
  0x00, 0x00, 0x00, 0x00, 0x01, 0x00, 0x00, 0xff, 0x03, 0x00, 0x55, 0xaa, 0x03, 0x00, 0x55, 0xaa,
  0x00, 0x00, 0x00, 0x00, 0x00, 0x00, 0x00, 0x00, 0x00, 0x00, 0x00, 0x00, 0x00, 0x00, 0x00, 0x00,
  0x00, 0x00, 0x00, 0x00, 0x00, 0x00, 0x00, 0x00, 0x00, 0x00, 0x00, 0x00, 0x00, 0x00, 0x00, 0x00,
  0x00, 0x00, 0x00, 0x00, 0x00, 0x00, 0x00, 0x00, 0x00, 0x00, 0x00, 0x00, 0x00, 0x00, 0x00, 0x00,
  0x00, 0x00, 0x00, 0x00, 0x00, 0x00, 0x00, 0x00, 0x00, 0x00, 0x00, 0x00, 0x00, 0x00, 0x00, 0x00,
  0x00, 0x00, 0x00, 0x00, 0x00, 0x00, 0x00, 0x00, 0x00, 0x00, 0x00, 0x00, 0x00, 0x00, 0x00, 0x00,
  0x00, 0x00, 0x00, 0x00, 0x00, 0x00, 0x00, 0x00, 0x00, 0x00, 0x00, 0x00, 0x00, 0x00, 0x00, 0x00,
  0x00, 0x00, 0x00, 0x00, 0x00, 0x00, 0x00, 0x00, 0x03, 0x00, 0x55, 0xaa, 0x00, 0x00, 0x00, 0x00,
  0x8a, 0x0c, 0x5e, 0x99, 0xff, 0x0f, 0x66, 0xa7, 0xfa, 0x0e, 0x5d, 0x99, 0xff, 0x0e, 0x5e, 0x9a,
  0xff, 0x0e, 0x5e, 0x9a, 0xff, 0x0e, 0x5e, 0x9a, 0xfc, 0x0e, 0x5e, 0x99, 0xff, 0x0f, 0x63, 0xa3,
  0xfb, 0x0e, 0x5f, 0x9c, 0xb0, 0x0e, 0x5f, 0x9c, 0x62, 0x0d, 0x60, 0x9c, 0x2e, 0x10, 0x5e, 0x9b,
  0x13, 0x0d, 0x5d, 0xa1, 0x13, 0x0d, 0x5d, 0xa1, 0x2c, 0x0b, 0x62, 0x9c, 0x66, 0x0f, 0x5f, 0x9d,
  0xc8, 0x0e, 0x5f, 0x9c, 0xff, 0x0f, 0x64, 0xa3, 0xfe, 0x0e, 0x5e, 0x9a, 0xff, 0x0e, 0x5e, 0x99,
  0xff, 0x0e, 0x5e, 0x9a, 0xfe, 0x0e, 0x5e, 0x9a, 0xfb, 0x0e, 0x5e, 0x9b, 0xff, 0x0f, 0x61, 0x9f,
  0x36, 0x0e, 0x5e, 0x9b, 0x00, 0x00, 0x00, 0x00, 0x03, 0x00, 0x55, 0xaa, 0x00, 0x00, 0x00, 0x00,
  0x00, 0x00, 0x00, 0x00, 0x00, 0x00, 0x00, 0x00, 0x00, 0x00, 0x00, 0x00, 0x00, 0x00, 0x00, 0x00,
  0x00, 0x00, 0x00, 0x00, 0x00, 0x00, 0x00, 0x00, 0x00, 0x00, 0x00, 0x00, 0x00, 0x00, 0x00, 0x00,
  0x00, 0x00, 0x00, 0x00, 0x00, 0x00, 0x00, 0x00, 0x00, 0x00, 0x00, 0x00, 0x00, 0x00, 0x00, 0x00,
  0x00, 0x00, 0x00, 0x00, 0x00, 0x00, 0x00, 0x00, 0x00, 0x00, 0x00, 0x00, 0x00, 0x00, 0x00, 0x00,
  0x00, 0x00, 0x00, 0x00, 0x00, 0x00, 0x00, 0x00, 0x00, 0x00, 0x00, 0x00, 0x00, 0x00, 0x00, 0x00,
  0x00, 0x00, 0x00, 0x00, 0x00, 0x00, 0x00, 0x00, 0x00, 0x00, 0x00, 0x00, 0x00, 0x00, 0x00, 0x00,
  0x00, 0x00, 0x00, 0x00, 0x00, 0x00, 0x00, 0x00, 0x00, 0x00, 0x00, 0x00, 0x00, 0x00, 0x00, 0x00,
  0x00, 0x00, 0x00, 0x00, 0x00, 0x00, 0x00, 0x00, 0x00, 0x00, 0x00, 0x00, 0x00, 0x00, 0x00, 0x00,
  0x02, 0x00, 0x7f, 0x7f, 0x00, 0x00, 0x00, 0x00, 0x30, 0x0f, 0x5f, 0x9a, 0xfd, 0x0e, 0x5f, 0x9d,
  0xfd, 0x0e, 0x5d, 0x9a, 0xfe, 0x0e, 0x5e, 0x99, 0xff, 0x0e, 0x5e, 0x9a, 0xfc, 0x0e, 0x5e, 0x99,
  0x26, 0x0d, 0x5d, 0x9a, 0x00, 0x00, 0x00, 0x00, 0x02, 0x00, 0x7f, 0x7f, 0x00, 0x00, 0x00, 0x00,
  0x00, 0x00, 0x00, 0x00, 0x00, 0x00, 0x00, 0x00, 0x00, 0x00, 0x00, 0x00, 0x00, 0x00, 0x00, 0x00,
  0x00, 0x00, 0x00, 0x00, 0x00, 0x00, 0x00, 0x00, 0x00, 0x00, 0x00, 0x00, 0x00, 0x00, 0x00, 0x00,
  0x00, 0x00, 0x00, 0x00, 0x00, 0x00, 0x00, 0x00, 0x00, 0x00, 0x00, 0x00, 0x04, 0x00, 0x7f, 0x7f,
  0x00, 0x00, 0x00, 0x00, 0x72, 0x0d, 0x5d, 0x9a, 0xfe, 0x0f, 0x65, 0xa5, 0xfb, 0x0e, 0x5d, 0x99,
  0xfd, 0x0e, 0x5d, 0x9a, 0xff, 0x0e, 0x61, 0x9f, 0xdb, 0x0d, 0x5e, 0x99, 0x03, 0x00, 0x55, 0xaa,
  0x00, 0x00, 0x00, 0x00, 0x03, 0x00, 0x55, 0xaa, 0x00, 0x00, 0x00, 0x00, 0x3e, 0x0c, 0x5e, 0x98,
  0xff, 0x0e, 0x61, 0x9f, 0xfd, 0x0e, 0x5d, 0x9a, 0xfe, 0x0e, 0x5e, 0x99, 0xff, 0x0e, 0x5f, 0x9b,
  0xf8, 0x0e, 0x5d, 0x9a, 0x1f, 0x10, 0x5a, 0x9c, 0x00, 0x00, 0x00, 0x00, 0x02, 0x00, 0x7f, 0x7f,
  0x00, 0x00, 0x00, 0x00, 0x00, 0x00, 0x00, 0x00, 0x00, 0x00, 0x00, 0x00, 0x00, 0x00, 0x00, 0x00,
  0x00, 0x00, 0x00, 0x00, 0x00, 0x00, 0x00, 0x00, 0x00, 0x00, 0x00, 0x00, 0x00, 0x00, 0x00, 0x00,
  0x00, 0x00, 0x00, 0x00, 0x00, 0x00, 0x00, 0x00, 0x00, 0x00, 0x00, 0x00, 0x00, 0x00, 0x00, 0x00,
  0x00, 0x00, 0x00, 0x00, 0x00, 0x00, 0x00, 0x00, 0x00, 0x00, 0x00, 0x00, 0x00, 0x00, 0x00, 0x00,
  0x00, 0x00, 0x00, 0x00, 0x00, 0x00, 0x00, 0x00, 0x00, 0x00, 0x00, 0x00, 0x00, 0x00, 0x00, 0x00,
  0x00, 0x00, 0x00, 0x00, 0x00, 0x00, 0x00, 0x00, 0x01, 0x00, 0xff, 0x00, 0x01, 0x00, 0xff, 0x00,
  0x0b, 0x2e, 0xa2, 0x45, 0xb7, 0x2f, 0xa5, 0x55, 0xff, 0x33, 0xb1, 0x5b, 0xfd, 0x2f, 0xa3, 0x54,
  0xfc, 0x2e, 0xa1, 0x53, 0xfe, 0x2f, 0xa3, 0x54, 0xfe, 0x2f, 0xa3, 0x54, 0xfc, 0x2e, 0xa2, 0x53,
  0xfb, 0x2e, 0xa2, 0x54, 0xfb, 0x2e, 0xa2, 0x54, 0xfb, 0x2e, 0xa2, 0x54, 0xfc, 0x2e, 0xa2, 0x53,
  0xfe, 0x2f, 0xa2, 0x54, 0xff, 0x2f, 0xa3, 0x54, 0xfd, 0x2f, 0xa2, 0x53, 0xfb, 0x2e, 0xa2, 0x54,
  0xff, 0x33, 0xb2, 0x5b, 0xa7, 0x2f, 0xa3, 0x53, 0x00, 0x00, 0x00, 0x00, 0x03, 0x55, 0xaa, 0x55,
  0x01, 0x00, 0x00, 0x00, 0x00, 0x00, 0x00, 0x00, 0x00, 0x00, 0x00, 0x00, 0x00, 0x00, 0x00, 0x00,
  0x00, 0x00, 0x00, 0x00, 0x00, 0x00, 0x00, 0x00, 0x00, 0x00, 0x00, 0x00, 0x00, 0x00, 0x00, 0x00,
  0x00, 0x00, 0x00, 0x00, 0x00, 0x00, 0x00, 0x00, 0x00, 0x00, 0x00, 0x00, 0x00, 0x00, 0x00, 0x00,
  0x00, 0x00, 0x00, 0x00, 0x00, 0x00, 0x00, 0x00, 0x00, 0x00, 0x00, 0x00, 0x00, 0x00, 0x00, 0x00,
  0x00, 0x00, 0x00, 0x00, 0x00, 0x00, 0x00, 0x00, 0x00, 0x00, 0x00, 0x00, 0x00, 0x00, 0x00, 0x00,
  0x00, 0x00, 0x00, 0x00, 0x00, 0x00, 0x00, 0x00, 0x00, 0x00, 0x00, 0x00, 0x00, 0x00, 0x00, 0x00,
  0x00, 0x00, 0x00, 0x00, 0x00, 0x00, 0x00, 0x00, 0x00, 0x00, 0x00, 0x00, 0x00, 0x00, 0x00, 0x00,
  0x00, 0x00, 0x00, 0x00, 0x00, 0x00, 0x00, 0x00, 0x00, 0x00, 0x00, 0x00, 0x00, 0x00, 0x00, 0x00,
  0x00, 0x00, 0x00, 0x00, 0x00, 0x00, 0x00, 0x00, 0x00, 0x00, 0x00, 0x00, 0x00, 0x00, 0x00, 0x00,
  0x00, 0x00, 0x00, 0x00, 0x00, 0x00, 0x00, 0x00, 0x00, 0x00, 0x00, 0x00, 0x00, 0x00, 0x00, 0x00,
  0x00, 0x00, 0x00, 0x00, 0x00, 0x00, 0x00, 0x00, 0x00, 0x00, 0x00, 0x00, 0x00, 0x00, 0x00, 0x00,
  0x00, 0x00, 0x00, 0x00, 0x00, 0x00, 0x00, 0x00, 0x00, 0x00, 0x00, 0x00, 0x00, 0x00, 0x00, 0x00,
  0x00, 0x00, 0x00, 0x00, 0x00, 0x00, 0x00, 0x00, 0x00, 0x00, 0x00, 0x00, 0x00, 0x00, 0x00, 0x00,
  0x00, 0x00, 0x00, 0x00, 0x00, 0x00, 0x00, 0x00, 0x00, 0x00, 0x00, 0x00, 0x00, 0x00, 0x00, 0x00,
  0x00, 0x00, 0x00, 0x00, 0x00, 0x00, 0x00, 0x00, 0x00, 0x00, 0x00, 0x00, 0x00, 0x00, 0x00, 0x00,
  0x00, 0x00, 0x00, 0x00, 0x00, 0x00, 0x00, 0x00, 0x00, 0x00, 0x00, 0x00, 0x00, 0x00, 0x00, 0x00,
  0x00, 0x00, 0x00, 0x00, 0x00, 0x00, 0x00, 0x00, 0x00, 0x00, 0x00, 0x00, 0x00, 0x00, 0x00, 0x00,
  0x00, 0x00, 0x00, 0x00, 0x00, 0x00, 0x00, 0x00, 0x00, 0x00, 0x00, 0x00, 0x00, 0x00, 0x00, 0x00,
  0x00, 0x00, 0x00, 0x00, 0x00, 0x00, 0x00, 0x00, 0x00, 0x00, 0x00, 0x00, 0x00, 0x00, 0x00, 0x00,
  0x00, 0x00, 0x00, 0x00, 0x00, 0x00, 0x00, 0x00, 0x00, 0x00, 0x00, 0x00, 0x00, 0x00, 0x00, 0x00,
  0x01, 0x00, 0x00, 0xff, 0x00, 0x00, 0x00, 0x00, 0x00, 0x00, 0x00, 0x00, 0x00, 0x00, 0x00, 0x00,
  0x01, 0x00, 0x00, 0xff, 0x01, 0x00, 0x00, 0xff, 0x0d, 0x13, 0x62, 0x9c, 0xab, 0x0e, 0x60, 0x9f,
  0x62, 0x0d, 0x5d, 0x99, 0x00, 0x00, 0x00, 0x00, 0x02, 0x00, 0x7f, 0x7f, 0x00, 0x00, 0x00, 0x00,
  0x00, 0x00, 0x00, 0x00, 0x00, 0x00, 0x00, 0x00, 0x00, 0x00, 0x00, 0x00, 0x00, 0x00, 0x00, 0x00,
  0x00, 0x00, 0x00, 0x00, 0x00, 0x00, 0x00, 0x00, 0x00, 0x00, 0x00, 0x00, 0x00, 0x00, 0x00, 0x00,
  0x00, 0x00, 0x00, 0x00, 0x00, 0x00, 0x00, 0x00, 0x00, 0x00, 0x00, 0x00, 0x00, 0x00, 0x00, 0x00,
  0x00, 0x00, 0x00, 0x00, 0x03, 0x00, 0x55, 0xaa, 0x00, 0x00, 0x00, 0x00, 0x3d, 0x0c, 0x60, 0x9a,
  0xff, 0x0f, 0x62, 0xa0, 0xfb, 0x0e, 0x5e, 0x9b, 0xfe, 0x0e, 0x5e, 0x9a, 0xff, 0x0e, 0x5e, 0x9a,
  0xff, 0x0e, 0x5e, 0x9a, 0xfd, 0x0e, 0x5d, 0x9a, 0xff, 0x0f, 0x64, 0xa4, 0xb2, 0x0e, 0x5f, 0x9d,
  0x2e, 0x10, 0x5e, 0x9b, 0x00, 0x00, 0x00, 0x00, 0x00, 0x00, 0x00, 0x00, 0x00, 0x00, 0x00, 0x00,
  0x00, 0x00, 0x00, 0x00, 0x00, 0x00, 0x00, 0x00, 0x00, 0x00, 0x00, 0x00, 0x00, 0x00, 0x00, 0x00,
  0x00, 0x00, 0x00, 0x00, 0x74, 0x0d, 0x5e, 0x9c, 0xff, 0x0f, 0x61, 0x9f, 0xfc, 0x0e, 0x5f, 0x9b,
  0xfe, 0x0e, 0x5e, 0x9a, 0xff, 0x0e, 0x5e, 0x9a, 0xfb, 0x0e, 0x5e, 0x9a, 0xff, 0x0f, 0x64, 0xa3,
  0xb2, 0x0e, 0x5e, 0x9a, 0x00, 0x00, 0x00, 0x00, 0x03, 0x00, 0x55, 0xaa, 0x00, 0x00, 0x00, 0x00,
  0x00, 0x00, 0x00, 0x00, 0x00, 0x00, 0x00, 0x00, 0x00, 0x00, 0x00, 0x00, 0x00, 0x00, 0x00, 0x00,
  0x00, 0x00, 0x00, 0x00, 0x00, 0x00, 0x00, 0x00, 0x00, 0x00, 0x00, 0x00, 0x00, 0x00, 0x00, 0x00,
  0x00, 0x00, 0x00, 0x00, 0x00, 0x00, 0x00, 0x00, 0x00, 0x00, 0x00, 0x00, 0x00, 0x00, 0x00, 0x00,
  0x00, 0x00, 0x00, 0x00, 0x00, 0x00, 0x00, 0x00, 0x00, 0x00, 0x00, 0x00, 0x00, 0x00, 0x00, 0x00,
  0x00, 0x00, 0x00, 0x00, 0x00, 0x00, 0x00, 0x00, 0x00, 0x00, 0x00, 0x00, 0x00, 0x00, 0x00, 0x00,
  0x00, 0x00, 0x00, 0x00, 0x00, 0x00, 0x00, 0x00, 0x00, 0x00, 0x00, 0x00, 0x00, 0x00, 0x00, 0x00,
  0x00, 0x00, 0x00, 0x00, 0x00, 0x00, 0x00, 0x00, 0x00, 0x00, 0x00, 0x00, 0x00, 0x00, 0x00, 0x00,
  0x00, 0x00, 0x00, 0x00, 0x00, 0x00, 0x00, 0x00, 0x00, 0x00, 0x00, 0x00, 0x00, 0x00, 0x00, 0x00,
  0x04, 0x00, 0x7f, 0x7f, 0x00, 0x00, 0x00, 0x00, 0x6c, 0x0e, 0x5e, 0x99, 0xff, 0x0f, 0x65, 0xa5,
  0xfb, 0x0e, 0x5d, 0x9a, 0xfe, 0x0e, 0x5e, 0x99, 0xff, 0x0e, 0x60, 0x9d, 0xef, 0x0d, 0x5d, 0x99,
  0x12, 0x0e, 0x63, 0x9b, 0x00, 0x00, 0x00, 0x00, 0x01, 0x00, 0x00, 0xff, 0x00, 0x00, 0x00, 0x00,
  0x00, 0x00, 0x00, 0x00, 0x00, 0x00, 0x00, 0x00, 0x00, 0x00, 0x00, 0x00, 0x00, 0x00, 0x00, 0x00,
  0x00, 0x00, 0x00, 0x00, 0x00, 0x00, 0x00, 0x00, 0x00, 0x00, 0x00, 0x00, 0x00, 0x00, 0x00, 0x00,
  0x00, 0x00, 0x00, 0x00, 0x00, 0x00, 0x00, 0x00, 0x00, 0x00, 0x00, 0x00, 0x03, 0x00, 0x55, 0xaa,
  0x00, 0x00, 0x00, 0x00, 0xa4, 0x0d, 0x5e, 0x99, 0xff, 0x0f, 0x64, 0xa4, 0xfb, 0x0e, 0x5e, 0x9a,
  0xfc, 0x0e, 0x5e, 0x99, 0xff, 0x0f, 0x63, 0xa2, 0xbf, 0x0d, 0x5d, 0x99, 0x00, 0x00, 0x00, 0x00,
  0x02, 0x00, 0x7f, 0x7f, 0x04, 0x00, 0x7f, 0xbf, 0x00, 0x00, 0x00, 0x00, 0x73, 0x0d, 0x5d, 0x9b,
  0xff, 0x0f, 0x65, 0xa5, 0xfb, 0x0e, 0x5d, 0x9a, 0xfe, 0x0e, 0x5d, 0x99, 0xff, 0x0e, 0x60, 0x9e,
  0xe5, 0x0e, 0x5e, 0x99, 0x0a, 0x00, 0x66, 0x99, 0x00, 0x00, 0x00, 0x00, 0x01, 0x00, 0x00, 0xff,
  0x00, 0x00, 0x00, 0x00, 0x00, 0x00, 0x00, 0x00, 0x00, 0x00, 0x00, 0x00, 0x00, 0x00, 0x00, 0x00,
  0x00, 0x00, 0x00, 0x00, 0x00, 0x00, 0x00, 0x00, 0x00, 0x00, 0x00, 0x00, 0x00, 0x00, 0x00, 0x00,
  0x00, 0x00, 0x00, 0x00, 0x00, 0x00, 0x00, 0x00, 0x00, 0x00, 0x00, 0x00, 0x00, 0x00, 0x00, 0x00,
  0x00, 0x00, 0x00, 0x00, 0x00, 0x00, 0x00, 0x00, 0x00, 0x00, 0x00, 0x00, 0x00, 0x00, 0x00, 0x00,
  0x00, 0x00, 0x00, 0x00, 0x00, 0x00, 0x00, 0x00, 0x00, 0x00, 0x00, 0x00, 0x00, 0x00, 0x00, 0x00,
  0x00, 0x00, 0x00, 0x00, 0x01, 0x00, 0xff, 0x00, 0x03, 0x55, 0xaa, 0x55, 0x03, 0x55, 0xaa, 0x55,
  0xb8, 0x2f, 0xa3, 0x54, 0xff, 0x33, 0xb0, 0x5b, 0xfa, 0x2e, 0xa2, 0x53, 0xff, 0x2f, 0xa3, 0x54,
  0xff, 0x2f, 0xa3, 0x54, 0xfc, 0x2e, 0xa2, 0x53, 0xff, 0x2f, 0xa3, 0x54, 0xff, 0x32, 0xac, 0x59,
  0xff, 0x32, 0xaf, 0x5a, 0xff, 0x32, 0xae, 0x5a, 0xff, 0x32, 0xaf, 0x5a, 0xff, 0x32, 0xad, 0x59,
  0xff, 0x30, 0xa5, 0x55, 0xfc, 0x2e, 0xa2, 0x53, 0xff, 0x2f, 0xa3, 0x54, 0xff, 0x2f, 0xa3, 0x54,
  0xf9, 0x2f, 0xa2, 0x53, 0xff, 0x33, 0xb2, 0x5c, 0x81, 0x2d, 0xa2, 0x53, 0x00, 0x00, 0x00, 0x00,
  0x03, 0x55, 0xaa, 0x55, 0x00, 0x00, 0x00, 0x00, 0x00, 0x00, 0x00, 0x00, 0x00, 0x00, 0x00, 0x00,
  0x00, 0x00, 0x00, 0x00, 0x00, 0x00, 0x00, 0x00, 0x00, 0x00, 0x00, 0x00, 0x00, 0x00, 0x00, 0x00,
  0x00, 0x00, 0x00, 0x00, 0x00, 0x00, 0x00, 0x00, 0x00, 0x00, 0x00, 0x00, 0x00, 0x00, 0x00, 0x00,
  0x00, 0x00, 0x00, 0x00, 0x00, 0x00, 0x00, 0x00, 0x00, 0x00, 0x00, 0x00, 0x00, 0x00, 0x00, 0x00,
  0x00, 0x00, 0x00, 0x00, 0x00, 0x00, 0x00, 0x00, 0x00, 0x00, 0x00, 0x00, 0x00, 0x00, 0x00, 0x00,
  0x00, 0x00, 0x00, 0x00, 0x00, 0x00, 0x00, 0x00, 0x00, 0x00, 0x00, 0x00, 0x00, 0x00, 0x00, 0x00,
  0x00, 0x00, 0x00, 0x00, 0x00, 0x00, 0x00, 0x00, 0x00, 0x00, 0x00, 0x00, 0x00, 0x00, 0x00, 0x00,
  0x00, 0x00, 0x00, 0x00, 0x00, 0x00, 0x00, 0x00, 0x00, 0x00, 0x00, 0x00, 0x00, 0x00, 0x00, 0x00,
  0x00, 0x00, 0x00, 0x00, 0x00, 0x00, 0x00, 0x00, 0x00, 0x00, 0x00, 0x00, 0x00, 0x00, 0x00, 0x00,
  0x00, 0x00, 0x00, 0x00, 0x00, 0x00, 0x00, 0x00, 0x00, 0x00, 0x00, 0x00, 0x00, 0x00, 0x00, 0x00,
  0x00, 0x00, 0x00, 0x00, 0x00, 0x00, 0x00, 0x00, 0x00, 0x00, 0x00, 0x00, 0x00, 0x00, 0x00, 0x00,
  0x00, 0x00, 0x00, 0x00, 0x00, 0x00, 0x00, 0x00, 0x00, 0x00, 0x00, 0x00, 0x00, 0x00, 0x00, 0x00,
  0x00, 0x00, 0x00, 0x00, 0x00, 0x00, 0x00, 0x00, 0x00, 0x00, 0x00, 0x00, 0x00, 0x00, 0x00, 0x00,
  0x00, 0x00, 0x00, 0x00, 0x00, 0x00, 0x00, 0x00, 0x00, 0x00, 0x00, 0x00, 0x00, 0x00, 0x00, 0x00,
  0x00, 0x00, 0x00, 0x00, 0x00, 0x00, 0x00, 0x00, 0x02, 0x00, 0x7f, 0x7f, 0x03, 0x55, 0xaa, 0x55,
  0x01, 0x00, 0xff, 0x00, 0x00, 0x00, 0x00, 0x00, 0x00, 0x00, 0x00, 0x00, 0x00, 0x00, 0x00, 0x00,
  0x00, 0x00, 0x00, 0x00, 0x00, 0x00, 0x00, 0x00, 0x00, 0x00, 0x00, 0x00, 0x00, 0x00, 0x00, 0x00,
  0x00, 0x00, 0x00, 0x00, 0x00, 0x00, 0x00, 0x00, 0x00, 0x00, 0x00, 0x00, 0x00, 0x00, 0x00, 0x00,
  0x00, 0x00, 0x00, 0x00, 0x00, 0x00, 0x00, 0x00, 0x00, 0x00, 0x00, 0x00, 0x01, 0x00, 0x00, 0xff,
  0x00, 0x00, 0x00, 0x00, 0x1b, 0x09, 0x5e, 0x97, 0xaa, 0x0f, 0x63, 0xa3, 0x4d, 0x0d, 0x5c, 0x98,
  0x00, 0x00, 0x00, 0x00, 0x02, 0x00, 0x7f, 0x7f, 0x00, 0x00, 0x00, 0x00, 0x00, 0x00, 0x00, 0x00,
  0x03, 0x00, 0x55, 0xaa, 0x00, 0x00, 0x00, 0x00, 0x91, 0x0e, 0x5e, 0x9a, 0xff, 0x10, 0x6d, 0xb2,
  0xe6, 0x0e, 0x5e, 0x9a, 0x05, 0x00, 0x66, 0x99, 0x00, 0x00, 0x00, 0x00, 0x01, 0x00, 0x00, 0x00,
  0x00, 0x00, 0x00, 0x00, 0x00, 0x00, 0x00, 0x00, 0x00, 0x00, 0x00, 0x00, 0x00, 0x00, 0x00, 0x00,
  0x00, 0x00, 0x00, 0x00, 0x00, 0x00, 0x00, 0x00, 0x00, 0x00, 0x00, 0x00, 0x00, 0x00, 0x00, 0x00,
  0x00, 0x00, 0x00, 0x00, 0x00, 0x00, 0x00, 0x00, 0x00, 0x00, 0x00, 0x00, 0x00, 0x00, 0x00, 0x00,
  0x00, 0x00, 0x00, 0x00, 0x02, 0x00, 0x7f, 0x7f, 0x03, 0x00, 0x55, 0xaa, 0xcd, 0x0d, 0x5d, 0x9a,
  0xff, 0x0f, 0x62, 0xa1, 0xfc, 0x0e, 0x5e, 0x99, 0xff, 0x0e, 0x5e, 0x9a, 0xff, 0x0e, 0x5e, 0x9a,
  0xfc, 0x0e, 0x5f, 0x9a, 0xff, 0x0f, 0x63, 0xa2, 0x7b, 0x0e, 0x5f, 0x9b, 0x00, 0x00, 0x00, 0x00,
  0x00, 0x00, 0x00, 0x00, 0x03, 0x00, 0x55, 0xaa, 0x04, 0x00, 0x3f, 0x7f, 0x02, 0x00, 0x7f, 0x7f,
  0x01, 0x00, 0x00, 0xff, 0x01, 0x00, 0x00, 0xff, 0x02, 0x00, 0x7f, 0x7f, 0x04, 0x00, 0x3f, 0x7f,
  0x03, 0x00, 0x55, 0xaa, 0x00, 0x00, 0x00, 0x00, 0x6f, 0x0d, 0x5e, 0x99, 0xff, 0x0f, 0x63, 0xa3,
  0xfc, 0x0e, 0x5e, 0x99, 0xff, 0x0e, 0x5e, 0x9a, 0xfe, 0x0e, 0x5e, 0x9a, 0xfe, 0x0e, 0x5e, 0x9b,
  0xf9, 0x0e, 0x5f, 0x9b, 0x21, 0x0f, 0x5c, 0x9a, 0x00, 0x00, 0x00, 0x00, 0x02, 0x00, 0x7f, 0x7f,
  0x00, 0x00, 0x00, 0x00, 0x00, 0x00, 0x00, 0x00, 0x00, 0x00, 0x00, 0x00, 0x00, 0x00, 0x00, 0x00,
  0x00, 0x00, 0x00, 0x00, 0x00, 0x00, 0x00, 0x00, 0x00, 0x00, 0x00, 0x00, 0x00, 0x00, 0x00, 0x00,
  0x00, 0x00, 0x00, 0x00, 0x00, 0x00, 0x00, 0x00, 0x00, 0x00, 0x00, 0x00, 0x00, 0x00, 0x00, 0x00,
  0x00, 0x00, 0x00, 0x00, 0x00, 0x00, 0x00, 0x00, 0x00, 0x00, 0x00, 0x00, 0x00, 0x00, 0x00, 0x00,
  0x00, 0x00, 0x00, 0x00, 0x00, 0x00, 0x00, 0x00, 0x00, 0x00, 0x00, 0x00, 0x00, 0x00, 0x00, 0x00,
  0x00, 0x00, 0x00, 0x00, 0x00, 0x00, 0x00, 0x00, 0x00, 0x00, 0x00, 0x00, 0x00, 0x00, 0x00, 0x00,
  0x00, 0x00, 0x00, 0x00, 0x00, 0x00, 0x00, 0x00, 0x00, 0x00, 0x00, 0x00, 0x00, 0x00, 0x00, 0x00,
  0x00, 0x00, 0x00, 0x00, 0x00, 0x00, 0x00, 0x00, 0x00, 0x00, 0x00, 0x00, 0x00, 0x00, 0x00, 0x00,
  0x03, 0x00, 0x55, 0xaa, 0x00, 0x00, 0x00, 0x00, 0xa7, 0x0d, 0x5e, 0x9a, 0xff, 0x0f, 0x64, 0xa4,
  0xfb, 0x0e, 0x5e, 0x9a, 0xfd, 0x0e, 0x5d, 0x9a, 0xff, 0x0f, 0x62, 0xa1, 0xcd, 0x0d, 0x5e, 0x9a,
  0x00, 0x00, 0x00, 0x00, 0x01, 0x00, 0x00, 0xff, 0x00, 0x00, 0x00, 0x00, 0x00, 0x00, 0x00, 0x00,
  0x00, 0x00, 0x00, 0x00, 0x00, 0x00, 0x00, 0x00, 0x00, 0x00, 0x00, 0x00, 0x00, 0x00, 0x00, 0x00,
  0x00, 0x00, 0x00, 0x00, 0x00, 0x00, 0x00, 0x00, 0x00, 0x00, 0x00, 0x00, 0x00, 0x00, 0x00, 0x00,
  0x00, 0x00, 0x00, 0x00, 0x00, 0x00, 0x00, 0x00, 0x00, 0x00, 0x00, 0x00, 0x01, 0x00, 0x00, 0x00,
  0x01, 0x00, 0xff, 0xff, 0xd3, 0x0e, 0x5e, 0x99, 0xff, 0x0f, 0x62, 0xa0, 0xfd, 0x0e, 0x5d, 0x9a,
  0xfb, 0x0e, 0x5e, 0x9a, 0xff, 0x0f, 0x65, 0xa5, 0x97, 0x0d, 0x5e, 0x99, 0x00, 0x00, 0x00, 0x00,
  0x04, 0x00, 0x3f, 0x7f, 0x03, 0x00, 0x55, 0xaa, 0x00, 0x00, 0x00, 0x00, 0xaa, 0x0d, 0x5e, 0x9a,
  0xff, 0x0f, 0x64, 0xa4, 0xfb, 0x0e, 0x5e, 0x9a, 0xfc, 0x0e, 0x5e, 0x99, 0xff, 0x0f, 0x63, 0xa2,
  0xbd, 0x0d, 0x5e, 0x99, 0x00, 0x00, 0x00, 0x00, 0x02, 0x00, 0x7f, 0x7f, 0x00, 0x00, 0x00, 0x00,
  0x00, 0x00, 0x00, 0x00, 0x00, 0x00, 0x00, 0x00, 0x00, 0x00, 0x00, 0x00, 0x00, 0x00, 0x00, 0x00,
  0x00, 0x00, 0x00, 0x00, 0x00, 0x00, 0x00, 0x00, 0x00, 0x00, 0x00, 0x00, 0x00, 0x00, 0x00, 0x00,
  0x00, 0x00, 0x00, 0x00, 0x00, 0x00, 0x00, 0x00, 0x00, 0x00, 0x00, 0x00, 0x00, 0x00, 0x00, 0x00,
  0x00, 0x00, 0x00, 0x00, 0x00, 0x00, 0x00, 0x00, 0x00, 0x00, 0x00, 0x00, 0x00, 0x00, 0x00, 0x00,
  0x00, 0x00, 0x00, 0x00, 0x00, 0x00, 0x00, 0x00, 0x00, 0x00, 0x00, 0x00, 0x00, 0x00, 0x00, 0x00,
  0x00, 0x00, 0x00, 0x00, 0x03, 0x55, 0xaa, 0x55, 0x00, 0x00, 0x00, 0x00, 0x8d, 0x2f, 0xa0, 0x53,
  0xff, 0x33, 0xb1, 0x5b, 0xf9, 0x2f, 0xa2, 0x53, 0xff, 0x2f, 0xa3, 0x54, 0xff, 0x2f, 0xa3, 0x54,
  0xfc, 0x2e, 0xa2, 0x53, 0xff, 0x32, 0xac, 0x59, 0xfc, 0x2f, 0xa4, 0x55, 0xb6, 0x2f, 0xa3, 0x55,
  0x77, 0x2f, 0xa2, 0x53, 0x6a, 0x30, 0xa3, 0x54, 0x7c, 0x2f, 0xa2, 0x54, 0xad, 0x2f, 0xa3, 0x55,
  0xf2, 0x2f, 0xa4, 0x55, 0xff, 0x32, 0xad, 0x59, 0xfd, 0x2e, 0xa2, 0x53, 0xff, 0x2f, 0xa3, 0x54,
  0xfe, 0x2f, 0xa3, 0x54, 0xfb, 0x2f, 0xa4, 0x55, 0xfd, 0x30, 0xa7, 0x56, 0x2f, 0x30, 0xa2, 0x56,
  0x01, 0x00, 0x00, 0x00, 0x03, 0x00, 0xaa, 0x55, 0x00, 0x00, 0x00, 0x00, 0x00, 0x00, 0x00, 0x00,
  0x00, 0x00, 0x00, 0x00, 0x00, 0x00, 0x00, 0x00, 0x00, 0x00, 0x00, 0x00, 0x00, 0x00, 0x00, 0x00,
  0x00, 0x00, 0x00, 0x00, 0x00, 0x00, 0x00, 0x00, 0x00, 0x00, 0x00, 0x00, 0x00, 0x00, 0x00, 0x00,
  0x00, 0x00, 0x00, 0x00, 0x00, 0x00, 0x00, 0x00, 0x00, 0x00, 0x00, 0x00, 0x00, 0x00, 0x00, 0x00,
  0x00, 0x00, 0x00, 0x00, 0x00, 0x00, 0x00, 0x00, 0x00, 0x00, 0x00, 0x00, 0x00, 0x00, 0x00, 0x00,
  0x00, 0x00, 0x00, 0x00, 0x00, 0x00, 0x00, 0x00, 0x00, 0x00, 0x00, 0x00, 0x00, 0x00, 0x00, 0x00,
  0x00, 0x00, 0x00, 0x00, 0x00, 0x00, 0x00, 0x00, 0x03, 0x55, 0xaa, 0x55, 0x03, 0x55, 0xaa, 0x55,
  0x01, 0x00, 0xff, 0x00, 0x00, 0x00, 0x00, 0x00, 0x00, 0x00, 0x00, 0x00, 0x00, 0x00, 0x00, 0x00,
  0x00, 0x00, 0x00, 0x00, 0x00, 0x00, 0x00, 0x00, 0x00, 0x00, 0x00, 0x00, 0x00, 0x00, 0x00, 0x00,
  0x00, 0x00, 0x00, 0x00, 0x00, 0x00, 0x00, 0x00, 0x00, 0x00, 0x00, 0x00, 0x00, 0x00, 0x00, 0x00,
  0x00, 0x00, 0x00, 0x00, 0x00, 0x00, 0x00, 0x00, 0x00, 0x00, 0x00, 0x00, 0x00, 0x00, 0x00, 0x00,
  0x00, 0x00, 0x00, 0x00, 0x00, 0x00, 0x00, 0x00, 0x00, 0x00, 0x00, 0x00, 0x00, 0x00, 0x00, 0x00,
  0x00, 0x00, 0x00, 0x00, 0x00, 0x00, 0x00, 0x00, 0x00, 0x00, 0x00, 0x00, 0x00, 0x00, 0x00, 0x00,
  0x00, 0x00, 0x00, 0x00, 0x00, 0x00, 0x00, 0x00, 0x00, 0x00, 0x00, 0x00, 0x00, 0x00, 0x00, 0x00,
  0x00, 0x00, 0x00, 0x00, 0x02, 0x00, 0x7f, 0x7f, 0x00, 0x00, 0x00, 0x00, 0x00, 0x00, 0x00, 0x00,
  0x00, 0x00, 0x00, 0x00, 0x01, 0x00, 0xff, 0x00, 0x00, 0x00, 0x00, 0x00, 0x00, 0x00, 0x00, 0x00,
  0x00, 0x00, 0x00, 0x00, 0x00, 0x00, 0x00, 0x00, 0x00, 0x00, 0x00, 0x00, 0x00, 0x00, 0x00, 0x00,
  0x00, 0x00, 0x00, 0x00, 0x00, 0x00, 0x00, 0x00, 0x00, 0x00, 0x00, 0x00, 0x00, 0x00, 0x00, 0x00,
  0x00, 0x00, 0x00, 0x00, 0x00, 0x00, 0x00, 0x00, 0x00, 0x00, 0x00, 0x00, 0x04, 0x00, 0x3f, 0x7f,
  0x00, 0x00, 0x00, 0x00, 0x61, 0x0d, 0x5e, 0x9b, 0xff, 0x10, 0x6b, 0xaf, 0xfb, 0x0e, 0x5f, 0x9c,
  0x2d, 0x0b, 0x5a, 0x99, 0x01, 0x00, 0x00, 0xff, 0x02, 0x00, 0x7f, 0x7f, 0x01, 0x00, 0x00, 0xff,
  0x00, 0x00, 0x00, 0x00, 0x11, 0x0f, 0x5a, 0x96, 0xef, 0x0d, 0x5d, 0x99, 0xfb, 0x0f, 0x64, 0xa4,
  0xc7, 0x0e, 0x5d, 0x99, 0x01, 0x00, 0x00, 0xff, 0x01, 0x00, 0x00, 0xff, 0x00, 0x00, 0x00, 0x00,
  0x00, 0x00, 0x00, 0x00, 0x00, 0x00, 0x00, 0x00, 0x00, 0x00, 0x00, 0x00, 0x00, 0x00, 0x00, 0x00,
  0x00, 0x00, 0x00, 0x00, 0x00, 0x00, 0x00, 0x00, 0x00, 0x00, 0x00, 0x00, 0x00, 0x00, 0x00, 0x00,
  0x00, 0x00, 0x00, 0x00, 0x00, 0x00, 0x00, 0x00, 0x00, 0x00, 0x00, 0x00, 0x00, 0x00, 0x00, 0x00,
  0x04, 0x00, 0x3f, 0x7f, 0x00, 0x00, 0x00, 0x00, 0x53, 0x0f, 0x5c, 0x99, 0xff, 0x0f, 0x64, 0xa4,
  0xfc, 0x0e, 0x5e, 0x99, 0xff, 0x0e, 0x5e, 0x9a, 0xff, 0x0e, 0x5e, 0x9a, 0xfc, 0x0e, 0x5e, 0x99,
  0xff, 0x0f, 0x64, 0xa4, 0x7c, 0x0e, 0x5e, 0x9a, 0x00, 0x00, 0x00, 0x00, 0x04, 0x00, 0x3f, 0x7f,
  0x02, 0x00, 0x7f, 0x7f, 0x00, 0x00, 0x00, 0x00, 0x00, 0x00, 0x00, 0x00, 0x00, 0x00, 0x00, 0x00,
  0x00, 0x00, 0x00, 0x00, 0x00, 0x00, 0x00, 0x00, 0x00, 0x00, 0x00, 0x00, 0x00, 0x00, 0x00, 0x00,
  0x01, 0x00, 0x00, 0xff, 0x05, 0x00, 0x66, 0x99, 0x00, 0x00, 0x00, 0x00, 0xbf, 0x0d, 0x5d, 0x99,
  0xff, 0x0f, 0x63, 0xa2, 0xfc, 0x0e, 0x5e, 0x99, 0xff, 0x0e, 0x5e, 0x9a, 0xfb, 0x0e, 0x5d, 0x99,
  0xff, 0x0f, 0x65, 0xa5, 0x67, 0x0e, 0x5e, 0x99, 0x00, 0x00, 0x00, 0x00, 0x04, 0x00, 0x3f, 0x7f,
  0x00, 0x00, 0x00, 0x00, 0x00, 0x00, 0x00, 0x00, 0x00, 0x00, 0x00, 0x00, 0x00, 0x00, 0x00, 0x00,
  0x00, 0x00, 0x00, 0x00, 0x00, 0x00, 0x00, 0x00, 0x00, 0x00, 0x00, 0x00, 0x00, 0x00, 0x00, 0x00,
  0x00, 0x00, 0x00, 0x00, 0x00, 0x00, 0x00, 0x00, 0x00, 0x00, 0x00, 0x00, 0x00, 0x00, 0x00, 0x00,
  0x00, 0x00, 0x00, 0x00, 0x00, 0x00, 0x00, 0x00, 0x00, 0x00, 0x00, 0x00, 0x00, 0x00, 0x00, 0x00,
  0x00, 0x00, 0x00, 0x00, 0x00, 0x00, 0x00, 0x00, 0x00, 0x00, 0x00, 0x00, 0x00, 0x00, 0x00, 0x00,
  0x00, 0x00, 0x00, 0x00, 0x00, 0x00, 0x00, 0x00, 0x00, 0x00, 0x00, 0x00, 0x00, 0x00, 0x00, 0x00,
  0x00, 0x00, 0x00, 0x00, 0x00, 0x00, 0x00, 0x00, 0x00, 0x00, 0x00, 0x00, 0x00, 0x00, 0x00, 0x00,
  0x00, 0x00, 0x00, 0x00, 0x00, 0x00, 0x00, 0x00, 0x00, 0x00, 0x00, 0x00, 0x00, 0x00, 0x00, 0x00,
  0x00, 0x00, 0x00, 0x00, 0x04, 0x00, 0x3f, 0x7f, 0xd9, 0x0e, 0x5e, 0x99, 0xff, 0x0e, 0x61, 0x9f,
  0xfd, 0x0e, 0x5d, 0x9a, 0xfb, 0x0e, 0x5e, 0x9a, 0xff, 0x0f, 0x65, 0xa5, 0x97, 0x0d, 0x5e, 0x99,
  0x00, 0x00, 0x00, 0x00, 0x04, 0x00, 0x3f, 0x7f, 0x00, 0x00, 0x00, 0x00, 0x00, 0x00, 0x00, 0x00,
  0x00, 0x00, 0x00, 0x00, 0x00, 0x00, 0x00, 0x00, 0x00, 0x00, 0x00, 0x00, 0x00, 0x00, 0x00, 0x00,
  0x00, 0x00, 0x00, 0x00, 0x00, 0x00, 0x00, 0x00, 0x00, 0x00, 0x00, 0x00, 0x00, 0x00, 0x00, 0x00,
  0x00, 0x00, 0x00, 0x00, 0x00, 0x00, 0x00, 0x00, 0x02, 0x00, 0x7f, 0x7f, 0x00, 0x00, 0x00, 0x00,
  0x1b, 0x12, 0x5e, 0x97, 0xf6, 0x0e, 0x5e, 0x9a, 0xff, 0x0e, 0x5f, 0x9c, 0xfe, 0x0e, 0x5e, 0x9a,
  0xfb, 0x0e, 0x5e, 0x9a, 0xff, 0x0f, 0x65, 0xa5, 0x67, 0x0e, 0x5e, 0x99, 0x00, 0x00, 0x00, 0x00,
  0x05, 0x00, 0x66, 0x99, 0x00, 0x00, 0x00, 0x00, 0x04, 0x00, 0x3f, 0xbf, 0xdb, 0x0d, 0x5e, 0x99,
  0xff, 0x0e, 0x61, 0x9f, 0xfd, 0x0e, 0x5d, 0x9a, 0xfb, 0x0e, 0x5d, 0x99, 0xff, 0x0f, 0x65, 0xa5,
  0x82, 0x0d, 0x5e, 0x9a, 0x00, 0x00, 0x00, 0x00, 0x04, 0x00, 0x7f, 0xbf, 0x00, 0x00, 0x00, 0x00,
  0x00, 0x00, 0x00, 0x00, 0x00, 0x00, 0x00, 0x00, 0x00, 0x00, 0x00, 0x00, 0x00, 0x00, 0x00, 0x00,
  0x00, 0x00, 0x00, 0x00, 0x00, 0x00, 0x00, 0x00, 0x00, 0x00, 0x00, 0x00, 0x00, 0x00, 0x00, 0x00,
  0x00, 0x00, 0x00, 0x00, 0x00, 0x00, 0x00, 0x00, 0x00, 0x00, 0x00, 0x00, 0x00, 0x00, 0x00, 0x00,
  0x00, 0x00, 0x00, 0x00, 0x00, 0x00, 0x00, 0x00, 0x00, 0x00, 0x00, 0x00, 0x00, 0x00, 0x00, 0x00,
  0x00, 0x00, 0x00, 0x00, 0x00, 0x00, 0x00, 0x00, 0x00, 0x00, 0x00, 0x00, 0x00, 0x00, 0x00, 0x00,
  0x03, 0x55, 0xaa, 0x55, 0x00, 0x00, 0x00, 0x00, 0x3c, 0x2e, 0xa1, 0x55, 0xff, 0x31, 0xaa, 0x58,
  0xfb, 0x2e, 0xa3, 0x54, 0xff, 0x2f, 0xa3, 0x54, 0xff, 0x2f, 0xa3, 0x54, 0xfc, 0x2f, 0xa3, 0x53,
  0xff, 0x32, 0xad, 0x59, 0xb3, 0x30, 0xa6, 0x55, 0x30, 0x2f, 0xa4, 0x55, 0x00, 0x00, 0x00, 0x00,
  0x00, 0x00, 0x00, 0x00, 0x00, 0x00, 0x00, 0x00, 0x00, 0x00, 0x00, 0x00, 0x00, 0x00, 0x00, 0x00,
  0x1e, 0x33, 0xaa, 0x55, 0xa5, 0x2f, 0xa6, 0x56, 0xff, 0x31, 0xac, 0x59, 0xfd, 0x2e, 0xa2, 0x53,
  0xff, 0x2f, 0xa3, 0x54, 0xfb, 0x2e, 0xa2, 0x54, 0xff, 0x32, 0xae, 0x59, 0xac, 0x2f, 0xa3, 0x54,
  0x00, 0x00, 0x00, 0x00, 0x03, 0x55, 0xaa, 0x55, 0x00, 0x00, 0x00, 0x00, 0x00, 0x00, 0x00, 0x00,
  0x00, 0x00, 0x00, 0x00, 0x00, 0x00, 0x00, 0x00, 0x00, 0x00, 0x00, 0x00, 0x00, 0x00, 0x00, 0x00,
  0x00, 0x00, 0x00, 0x00, 0x00, 0x00, 0x00, 0x00, 0x00, 0x00, 0x00, 0x00, 0x00, 0x00, 0x00, 0x00,
  0x00, 0x00, 0x00, 0x00, 0x00, 0x00, 0x00, 0x00, 0x00, 0x00, 0x00, 0x00, 0x00, 0x00, 0x00, 0x00,
  0x00, 0x00, 0x00, 0x00, 0x00, 0x00, 0x00, 0x00, 0x00, 0x00, 0x00, 0x00, 0x00, 0x00, 0x00, 0x00,
  0x00, 0x00, 0x00, 0x00, 0x00, 0x00, 0x00, 0x00, 0x00, 0x00, 0x00, 0x00, 0x00, 0x00, 0x00, 0x00,
  0x01, 0x00, 0x00, 0x00, 0x01, 0x00, 0x00, 0x00, 0x00, 0x00, 0x00, 0x00, 0x00, 0x00, 0x00, 0x00,
  0x00, 0x00, 0x00, 0x00, 0x02, 0x00, 0x7f, 0x7f, 0x00, 0x00, 0x00, 0x00, 0x00, 0x00, 0x00, 0x00,
  0x00, 0x00, 0x00, 0x00, 0x00, 0x00, 0x00, 0x00, 0x00, 0x00, 0x00, 0x00, 0x00, 0x00, 0x00, 0x00,
  0x00, 0x00, 0x00, 0x00, 0x00, 0x00, 0x00, 0x00, 0x00, 0x00, 0x00, 0x00, 0x00, 0x00, 0x00, 0x00,
  0x00, 0x00, 0x00, 0x00, 0x00, 0x00, 0x00, 0x00, 0x00, 0x00, 0x00, 0x00, 0x00, 0x00, 0x00, 0x00,
  0x00, 0x00, 0x00, 0x00, 0x00, 0x00, 0x00, 0x00, 0x00, 0x00, 0x00, 0x00, 0x00, 0x00, 0x00, 0x00,
  0x00, 0x00, 0x00, 0x00, 0x00, 0x00, 0x00, 0x00, 0x00, 0x00, 0x00, 0x00, 0x00, 0x00, 0x00, 0x00,
  0x00, 0x00, 0x00, 0x00, 0x00, 0x00, 0x00, 0x00, 0x00, 0x00, 0x00, 0x00, 0x00, 0x00, 0x00, 0x00,
  0x01, 0x00, 0xff, 0x00, 0x00, 0x00, 0x00, 0x00, 0x1b, 0x2f, 0xa0, 0x55, 0x37, 0x33, 0xb0, 0x5c,
  0x07, 0x24, 0x91, 0x48, 0x00, 0x00, 0x00, 0x00, 0x01, 0x00, 0x00, 0x00, 0x00, 0x00, 0x00, 0x00,
  0x00, 0x00, 0x00, 0x00, 0x00, 0x00, 0x00, 0x00, 0x00, 0x00, 0x00, 0x00, 0x00, 0x00, 0x00, 0x00,
  0x00, 0x00, 0x00, 0x00, 0x00, 0x00, 0x00, 0x00, 0x00, 0x00, 0x00, 0x00, 0x00, 0x00, 0x00, 0x00,
  0x00, 0x00, 0x00, 0x00, 0x00, 0x00, 0x00, 0x00, 0x00, 0x00, 0x00, 0x00, 0x03, 0x00, 0x55, 0xaa,
  0x00, 0x00, 0x00, 0x00, 0x45, 0x0e, 0x5c, 0x9b, 0xfc, 0x0e, 0x60, 0x9d, 0xff, 0x0f, 0x64, 0xa3,
  0xa0, 0x0e, 0x5e, 0x9a, 0x00, 0x00, 0x00, 0x00, 0x03, 0x00, 0x55, 0xaa, 0x04, 0x00, 0x7f, 0x7f,
  0x00, 0x00, 0x00, 0x00, 0x66, 0x0f, 0x5f, 0x9b, 0xff, 0x0f, 0x62, 0xa1, 0xff, 0x0f, 0x63, 0xa3,
  0x7b, 0x0e, 0x5d, 0x99, 0x00, 0x00, 0x00, 0x00, 0x04, 0x00, 0x7f, 0xbf, 0x00, 0x00, 0x00, 0x00,
  0x00, 0x00, 0x00, 0x00, 0x00, 0x00, 0x00, 0x00, 0x01, 0x00, 0x00, 0x00, 0x00, 0x00, 0x00, 0x00,
  0x00, 0x00, 0x00, 0x00, 0x00, 0x00, 0x00, 0x00, 0x00, 0x00, 0x00, 0x00, 0x00, 0x00, 0x00, 0x00,
  0x00, 0x00, 0x00, 0x00, 0x00, 0x00, 0x00, 0x00, 0x00, 0x00, 0x00, 0x00, 0x00, 0x00, 0x00, 0x00,
  0x02, 0x00, 0x7f, 0x7f, 0x00, 0x00, 0x00, 0x00, 0xc4, 0x0e, 0x5d, 0x99, 0xfe, 0x0f, 0x63, 0xa2,
  0xfc, 0x0e, 0x5e, 0x99, 0xff, 0x0e, 0x5e, 0x9a, 0xfc, 0x0e, 0x5e, 0x99, 0xff, 0x0f, 0x64, 0xa3,
  0xb5, 0x0e, 0x5e, 0x99, 0x00, 0x00, 0x00, 0x00, 0x05, 0x00, 0x66, 0x99, 0x01, 0x00, 0x00, 0xff,
  0x00, 0x00, 0x00, 0x00, 0x00, 0x00, 0x00, 0x00, 0x00, 0x00, 0x00, 0x00, 0x00, 0x00, 0x00, 0x00,
  0x00, 0x00, 0x00, 0x00, 0x00, 0x00, 0x00, 0x00, 0x00, 0x00, 0x00, 0x00, 0x00, 0x00, 0x00, 0x00,
  0x00, 0x00, 0x00, 0x00, 0x04, 0x00, 0x3f, 0x7f, 0x01, 0x00, 0x00, 0xff, 0x4e, 0x0d, 0x5e, 0x99,
  0xff, 0x0f, 0x63, 0xa3, 0xfc, 0x0e, 0x5e, 0x99, 0xff, 0x0e, 0x5e, 0x9a, 0xfb, 0x0e, 0x5e, 0x9a,
  0xff, 0x0f, 0x64, 0xa4, 0x9e, 0x0e, 0x5d, 0x99, 0x00, 0x00, 0x00, 0x00, 0x04, 0x00, 0x3f, 0x7f,
  0x00, 0x00, 0x00, 0x00, 0x00, 0x00, 0x00, 0x00, 0x00, 0x00, 0x00, 0x00, 0x00, 0x00, 0x00, 0x00,
  0x00, 0x00, 0x00, 0x00, 0x00, 0x00, 0x00, 0x00, 0x00, 0x00, 0x00, 0x00, 0x00, 0x00, 0x00, 0x00,
  0x00, 0x00, 0x00, 0x00, 0x00, 0x00, 0x00, 0x00, 0x00, 0x00, 0x00, 0x00, 0x00, 0x00, 0x00, 0x00,
  0x00, 0x00, 0x00, 0x00, 0x00, 0x00, 0x00, 0x00, 0x00, 0x00, 0x00, 0x00, 0x00, 0x00, 0x00, 0x00,
  0x00, 0x00, 0x00, 0x00, 0x00, 0x00, 0x00, 0x00, 0x00, 0x00, 0x00, 0x00, 0x00, 0x00, 0x00, 0x00,
  0x00, 0x00, 0x00, 0x00, 0x00, 0x00, 0x00, 0x00, 0x00, 0x00, 0x00, 0x00, 0x00, 0x00, 0x00, 0x00,
  0x00, 0x00, 0x00, 0x00, 0x00, 0x00, 0x00, 0x00, 0x00, 0x00, 0x00, 0x00, 0x00, 0x00, 0x00, 0x00,
  0x00, 0x00, 0x00, 0x00, 0x00, 0x00, 0x00, 0x00, 0x00, 0x00, 0x00, 0x00, 0x02, 0x00, 0x7f, 0x7f,
  0x00, 0x00, 0x00, 0x00, 0x21, 0x0f, 0x5c, 0x9a, 0xfa, 0x0e, 0x5d, 0x9a, 0xff, 0x0e, 0x5e, 0x9b,
  0xfe, 0x0e, 0x5e, 0x9a, 0xfb, 0x0e, 0x5e, 0x9a, 0xff, 0x0f, 0x64, 0xa4, 0x60, 0x0d, 0x5c, 0x9a,
  0x00, 0x00, 0x00, 0x00, 0x04, 0x00, 0x3f, 0x7f, 0x00, 0x00, 0x00, 0x00, 0x00, 0x00, 0x00, 0x00,
  0x00, 0x00, 0x00, 0x00, 0x00, 0x00, 0x00, 0x00, 0x00, 0x00, 0x00, 0x00, 0x00, 0x00, 0x00, 0x00,
  0x00, 0x00, 0x00, 0x00, 0x00, 0x00, 0x00, 0x00, 0x00, 0x00, 0x00, 0x00, 0x00, 0x00, 0x00, 0x00,
  0x00, 0x00, 0x00, 0x00, 0x00, 0x00, 0x00, 0x00, 0x03, 0x00, 0x55, 0xaa, 0x00, 0x00, 0x00, 0x00,
  0x46, 0x0e, 0x5e, 0x9c, 0xff, 0x0f, 0x62, 0xa1, 0xfd, 0x0e, 0x5d, 0x9a, 0xff, 0x0e, 0x5e, 0x9a,
  0xfe, 0x0e, 0x5e, 0x99, 0xff, 0x0e, 0x60, 0x9e, 0x36, 0x0e, 0x5e, 0x9b, 0x00, 0x00, 0x00, 0x00,
  0x04, 0x00, 0x7f, 0xbf, 0x00, 0x00, 0x00, 0x00, 0x23, 0x0e, 0x5e, 0x99, 0xfb, 0x0e, 0x5e, 0x9a,
  0xff, 0x0e, 0x5e, 0x9b, 0xfe, 0x0e, 0x5e, 0x9a, 0xfd, 0x0e, 0x5d, 0x9a, 0xff, 0x0f, 0x62, 0xa1,
  0x45, 0x0e, 0x5c, 0x97, 0x00, 0x00, 0x00, 0x00, 0x03, 0x00, 0x55, 0xaa, 0x00, 0x00, 0x00, 0x00,
  0x00, 0x00, 0x00, 0x00, 0x00, 0x00, 0x00, 0x00, 0x00, 0x00, 0x00, 0x00, 0x00, 0x00, 0x00, 0x00,
  0x00, 0x00, 0x00, 0x00, 0x00, 0x00, 0x00, 0x00, 0x00, 0x00, 0x00, 0x00, 0x00, 0x00, 0x00, 0x00,
  0x00, 0x00, 0x00, 0x00, 0x00, 0x00, 0x00, 0x00, 0x00, 0x00, 0x00, 0x00, 0x00, 0x00, 0x00, 0x00,
  0x00, 0x00, 0x00, 0x00, 0x00, 0x00, 0x00, 0x00, 0x00, 0x00, 0x00, 0x00, 0x00, 0x00, 0x00, 0x00,
  0x00, 0x00, 0x00, 0x00, 0x00, 0x00, 0x00, 0x00, 0x00, 0x00, 0x00, 0x00, 0x00, 0x00, 0x00, 0x00,
  0x02, 0x00, 0x7f, 0x7f, 0x01, 0x00, 0xff, 0x00, 0xc9, 0x2e, 0xa1, 0x53, 0xff, 0x31, 0xab, 0x58,
  0xfc, 0x2e, 0xa2, 0x53, 0xff, 0x2f, 0xa3, 0x54, 0xfc, 0x2e, 0xa2, 0x53, 0xff, 0x32, 0xad, 0x59,
  0x87, 0x2f, 0xa4, 0x55, 0x00, 0x00, 0x00, 0x00, 0x00, 0x00, 0x00, 0x00, 0x03, 0x00, 0xaa, 0x55,
  0x04, 0x3f, 0xbf, 0x3f, 0x04, 0x3f, 0x7f, 0x3f, 0x04, 0x3f, 0xbf, 0x3f, 0x03, 0x55, 0xaa, 0x55,
  0x00, 0x00, 0x00, 0x00, 0x00, 0x00, 0x00, 0x00, 0xa2, 0x2f, 0xa3, 0x55, 0xff, 0x32, 0xad, 0x59,
  0xfc, 0x2e, 0xa2, 0x53, 0xfe, 0x2f, 0xa3, 0x54, 0xfe, 0x2f, 0xa4, 0x55, 0xf7, 0x2f, 0xa4, 0x54,
  0x1c, 0x2d, 0xa3, 0x51, 0x00, 0x00, 0x00, 0x00, 0x02, 0x00, 0x7f, 0x7f, 0x00, 0x00, 0x00, 0x00,
  0x00, 0x00, 0x00, 0x00, 0x00, 0x00, 0x00, 0x00, 0x00, 0x00, 0x00, 0x00, 0x00, 0x00, 0x00, 0x00,
  0x00, 0x00, 0x00, 0x00, 0x00, 0x00, 0x00, 0x00, 0x00, 0x00, 0x00, 0x00, 0x00, 0x00, 0x00, 0x00,
  0x00, 0x00, 0x00, 0x00, 0x00, 0x00, 0x00, 0x00, 0x00, 0x00, 0x00, 0x00, 0x00, 0x00, 0x00, 0x00,
  0x00, 0x00, 0x00, 0x00, 0x00, 0x00, 0x00, 0x00, 0x00, 0x00, 0x00, 0x00, 0x00, 0x00, 0x00, 0x00,
  0x00, 0x00, 0x00, 0x00, 0x00, 0x00, 0x00, 0x00, 0x00, 0x00, 0x00, 0x00, 0x01, 0x00, 0x00, 0x00,
  0x00, 0x00, 0x00, 0x00, 0x00, 0x00, 0x00, 0x00, 0x3b, 0x2f, 0xa8, 0x56, 0x4f, 0x30, 0xab, 0x57,
  0x16, 0x2e, 0x96, 0x51, 0x00, 0x00, 0x00, 0x00, 0x01, 0x00, 0xff, 0x00, 0x00, 0x00, 0x00, 0x00,
  0x00, 0x00, 0x00, 0x00, 0x00, 0x00, 0x00, 0x00, 0x00, 0x00, 0x00, 0x00, 0x00, 0x00, 0x00, 0x00,
  0x00, 0x00, 0x00, 0x00, 0x00, 0x00, 0x00, 0x00, 0x00, 0x00, 0x00, 0x00, 0x00, 0x00, 0x00, 0x00,
  0x00, 0x00, 0x00, 0x00, 0x00, 0x00, 0x00, 0x00, 0x00, 0x00, 0x00, 0x00, 0x00, 0x00, 0x00, 0x00,
  0x00, 0x00, 0x00, 0x00, 0x00, 0x00, 0x00, 0x00, 0x00, 0x00, 0x00, 0x00, 0x00, 0x00, 0x00, 0x00,
  0x00, 0x00, 0x00, 0x00, 0x00, 0x00, 0x00, 0x00, 0x00, 0x00, 0x00, 0x00, 0x00, 0x00, 0x00, 0x00,
  0x00, 0x00, 0x00, 0x00, 0x00, 0x00, 0x00, 0x00, 0x00, 0x00, 0x00, 0x00, 0x02, 0x00, 0xff, 0x7f,
  0x00, 0x00, 0x00, 0x00, 0x4e, 0x2d, 0xa0, 0x51, 0xed, 0x30, 0xaa, 0x57, 0xff, 0x31, 0xaa, 0x58,
  0xd5, 0x2f, 0xa7, 0x56, 0x24, 0x31, 0xa2, 0x55, 0x01, 0x00, 0xff, 0x00, 0x02, 0x00, 0x7f, 0x7f,
  0x00, 0x00, 0x00, 0x00, 0x00, 0x00, 0x00, 0x00, 0x00, 0x00, 0x00, 0x00, 0x00, 0x00, 0x00, 0x00,
  0x00, 0x00, 0x00, 0x00, 0x00, 0x00, 0x00, 0x00, 0x00, 0x00, 0x00, 0x00, 0x00, 0x00, 0x00, 0x00,
  0x00, 0x00, 0x00, 0x00, 0x00, 0x00, 0x00, 0x00, 0x00, 0x00, 0x00, 0x00, 0x01, 0x00, 0x00, 0xff,
  0x00, 0x00, 0x00, 0x00, 0x14, 0x0c, 0x59, 0x99, 0xf1, 0x0d, 0x5e, 0x99, 0xfe, 0x0f, 0x61, 0x9f,
  0xe4, 0x0e, 0x5d, 0x99, 0x09, 0x00, 0x55, 0x8d, 0x00, 0x00, 0x00, 0x00, 0x02, 0x00, 0x7f, 0x7f,
  0x01, 0x00, 0x00, 0xff, 0xcc, 0x0d, 0x5d, 0x99, 0xfe, 0x0f, 0x62, 0xa1, 0xfa, 0x0e, 0x5e, 0x9b,
  0x25, 0x0d, 0x60, 0x9e, 0x00, 0x00, 0x00, 0x00, 0x02, 0x00, 0x7f, 0x7f, 0x00, 0x00, 0x00, 0x00,
  0x03, 0x00, 0x55, 0xaa, 0x03, 0x00, 0x55, 0xaa, 0x00, 0x00, 0x00, 0x00, 0x03, 0x00, 0x55, 0xaa,
  0x00, 0x00, 0x00, 0x00, 0x00, 0x00, 0x00, 0x00, 0x00, 0x00, 0x00, 0x00, 0x00, 0x00, 0x00, 0x00,
  0x00, 0x00, 0x00, 0x00, 0x00, 0x00, 0x00, 0x00, 0x00, 0x00, 0x00, 0x00, 0x02, 0x00, 0x7f, 0x7f,
  0x00, 0x00, 0x00, 0x00, 0x2c, 0x0b, 0x5c, 0x9c, 0xfd, 0x0e, 0x5f, 0x9d, 0xfe, 0x0e, 0x5e, 0x9a,
  0xff, 0x0e, 0x5e, 0x9a, 0xfe, 0x0e, 0x5e, 0x9a, 0xfe, 0x0e, 0x5e, 0x9b, 0xf6, 0x0e, 0x60, 0x9d,
  0x22, 0x0f, 0x61, 0x9d, 0x01, 0x00, 0x00, 0x00, 0x02, 0x00, 0x7f, 0x7f, 0x00, 0x00, 0x00, 0x00,
  0x00, 0x00, 0x00, 0x00, 0x00, 0x00, 0x00, 0x00, 0x00, 0x00, 0x00, 0x00, 0x00, 0x00, 0x00, 0x00,
  0x00, 0x00, 0x00, 0x00, 0x00, 0x00, 0x00, 0x00, 0x00, 0x00, 0x00, 0x00, 0x00, 0x00, 0x00, 0x00,
  0x00, 0x00, 0x00, 0x00, 0x01, 0x00, 0x00, 0xff, 0x00, 0x00, 0x00, 0x00, 0x14, 0x0c, 0x66, 0x99,
  0xf1, 0x0d, 0x5e, 0x99, 0xff, 0x0e, 0x5f, 0x9c, 0xfe, 0x0e, 0x5e, 0x99, 0xfc, 0x0e, 0x5e, 0x99,
  0xff, 0x0f, 0x63, 0xa2, 0xc0, 0x0e, 0x5e, 0x9a, 0x00, 0x00, 0x00, 0x00, 0x02, 0x00, 0x7f, 0x7f,
  0x00, 0x00, 0x00, 0x00, 0x00, 0x00, 0x00, 0x00, 0x00, 0x00, 0x00, 0x00, 0x00, 0x00, 0x00, 0x00,
  0x00, 0x00, 0x00, 0x00, 0x00, 0x00, 0x00, 0x00, 0x00, 0x00, 0x00, 0x00, 0x00, 0x00, 0x00, 0x00,
  0x00, 0x00, 0x00, 0x00, 0x00, 0x00, 0x00, 0x00, 0x00, 0x00, 0x00, 0x00, 0x00, 0x00, 0x00, 0x00,
  0x00, 0x00, 0x00, 0x00, 0x00, 0x00, 0x00, 0x00, 0x00, 0x00, 0x00, 0x00, 0x00, 0x00, 0x00, 0x00,
  0x00, 0x00, 0x00, 0x00, 0x00, 0x00, 0x00, 0x00, 0x00, 0x00, 0x00, 0x00, 0x00, 0x00, 0x00, 0x00,
  0x00, 0x00, 0x00, 0x00, 0x00, 0x00, 0x00, 0x00, 0x00, 0x00, 0x00, 0x00, 0x00, 0x00, 0x00, 0x00,
  0x00, 0x00, 0x00, 0x00, 0x00, 0x00, 0x00, 0x00, 0x00, 0x00, 0x00, 0x00, 0x00, 0x00, 0x00, 0x00,
  0x00, 0x00, 0x00, 0x00, 0x00, 0x00, 0x00, 0x00, 0x00, 0x00, 0x00, 0x00, 0x03, 0x00, 0x55, 0xaa,
  0x00, 0x00, 0x00, 0x00, 0x4d, 0x0d, 0x60, 0x9b, 0xff, 0x0f, 0x63, 0xa2, 0xfc, 0x0e, 0x5e, 0x99,
  0xff, 0x0e, 0x5e, 0x9a, 0xfe, 0x0e, 0x5e, 0x99, 0xff, 0x0e, 0x60, 0x9d, 0x33, 0x0f, 0x5f, 0x9b,
  0x00, 0x00, 0x00, 0x00, 0x03, 0x00, 0x55, 0xaa, 0x00, 0x00, 0x00, 0x00, 0x00, 0x00, 0x00, 0x00,
  0x00, 0x00, 0x00, 0x00, 0x00, 0x00, 0x00, 0x00, 0x00, 0x00, 0x00, 0x00, 0x00, 0x00, 0x00, 0x00,
  0x00, 0x00, 0x00, 0x00, 0x00, 0x00, 0x00, 0x00, 0x00, 0x00, 0x00, 0x00, 0x00, 0x00, 0x00, 0x00,
  0x00, 0x00, 0x00, 0x00, 0x00, 0x00, 0x00, 0x00, 0x04, 0x00, 0x7f, 0xbf, 0x00, 0x00, 0x00, 0x00,
  0x7a, 0x0e, 0x5e, 0x98, 0xff, 0x0f, 0x65, 0xa5, 0xfb, 0x0e, 0x5d, 0x99, 0xfe, 0x0e, 0x5e, 0x99,
  0xff, 0x0e, 0x60, 0x9d, 0xea, 0x0e, 0x5d, 0x99, 0x0d, 0x13, 0x62, 0x9c, 0x00, 0x00, 0x00, 0x00,
  0x05, 0x00, 0x66, 0x99, 0x00, 0x00, 0x00, 0x00, 0x52, 0x0c, 0x5d, 0x9b, 0xff, 0x0f, 0x63, 0xa3,
  0xfc, 0x0e, 0x5e, 0x99, 0xfe, 0x0e, 0x5e, 0x99, 0xff, 0x0e, 0x5f, 0x9c, 0xf5, 0x0d, 0x5d, 0x9a,
  0x18, 0x0a, 0x5f, 0x9f, 0x00, 0x00, 0x00, 0x00, 0x01, 0x00, 0xff, 0xff, 0x00, 0x00, 0x00, 0x00,
  0x00, 0x00, 0x00, 0x00, 0x00, 0x00, 0x00, 0x00, 0x00, 0x00, 0x00, 0x00, 0x00, 0x00, 0x00, 0x00,
  0x00, 0x00, 0x00, 0x00, 0x00, 0x00, 0x00, 0x00, 0x00, 0x00, 0x00, 0x00, 0x00, 0x00, 0x00, 0x00,
  0x00, 0x00, 0x00, 0x00, 0x00, 0x00, 0x00, 0x00, 0x00, 0x00, 0x00, 0x00, 0x00, 0x00, 0x00, 0x00,
  0x00, 0x00, 0x00, 0x00, 0x00, 0x00, 0x00, 0x00, 0x00, 0x00, 0x00, 0x00, 0x00, 0x00, 0x00, 0x00,
  0x00, 0x00, 0x00, 0x00, 0x00, 0x00, 0x00, 0x00, 0x00, 0x00, 0x00, 0x00, 0x03, 0x55, 0xaa, 0x55,
  0x00, 0x00, 0x00, 0x00, 0x45, 0x30, 0xa2, 0x55, 0xff, 0x31, 0xab, 0x58, 0xfc, 0x2e, 0xa2, 0x53,
  0xff, 0x2f, 0xa3, 0x54, 0xfc, 0x2e, 0xa1, 0x53, 0xff, 0x32, 0xae, 0x59, 0x9f, 0x2e, 0xa3, 0x53,
  0x00, 0x00, 0x00, 0x00, 0x03, 0x55, 0xaa, 0x55, 0x03, 0x00, 0xaa, 0x55, 0x00, 0x00, 0x00, 0x00,
  0x00, 0x00, 0x00, 0x00, 0x00, 0x00, 0x00, 0x00, 0x00, 0x00, 0x00, 0x00, 0x00, 0x00, 0x00, 0x00,
  0x03, 0x55, 0xaa, 0x55, 0x01, 0x00, 0xff, 0x00, 0x0f, 0x33, 0x99, 0x55, 0xea, 0x2f, 0xa4, 0x55,
  0xff, 0x30, 0xa6, 0x56, 0xfe, 0x2f, 0xa2, 0x54, 0xfc, 0x2e, 0xa2, 0x53, 0xff, 0x32, 0xad, 0x59,
  0x5a, 0x30, 0xa4, 0x55, 0x00, 0x00, 0x00, 0x00, 0x04, 0x3f, 0x7f, 0x3f, 0x00, 0x00, 0x00, 0x00,
  0x00, 0x00, 0x00, 0x00, 0x00, 0x00, 0x00, 0x00, 0x00, 0x00, 0x00, 0x00, 0x00, 0x00, 0x00, 0x00,
  0x00, 0x00, 0x00, 0x00, 0x00, 0x00, 0x00, 0x00, 0x00, 0x00, 0x00, 0x00, 0x00, 0x00, 0x00, 0x00,
  0x00, 0x00, 0x00, 0x00, 0x00, 0x00, 0x00, 0x00, 0x00, 0x00, 0x00, 0x00, 0x00, 0x00, 0x00, 0x00,
  0x00, 0x00, 0x00, 0x00, 0x00, 0x00, 0x00, 0x00, 0x00, 0x00, 0x00, 0x00, 0x00, 0x00, 0x00, 0x00,
  0x00, 0x00, 0x00, 0x00, 0x00, 0x00, 0x00, 0x00, 0x01, 0x00, 0x00, 0x00, 0x02, 0x00, 0x7f, 0x00,
  0x08, 0x3f, 0x9f, 0x5f, 0xaf, 0x2e, 0xa3, 0x54, 0xff, 0x32, 0xac, 0x59, 0xff, 0x31, 0xac, 0x59,
  0xea, 0x31, 0xa8, 0x57, 0x45, 0x30, 0xa2, 0x55, 0x00, 0x00, 0x00, 0x00, 0x02, 0x7f, 0xff, 0x7f,
  0x00, 0x00, 0x00, 0x00, 0x00, 0x00, 0x00, 0x00, 0x00, 0x00, 0x00, 0x00, 0x00, 0x00, 0x00, 0x00,
  0x00, 0x00, 0x00, 0x00, 0x00, 0x00, 0x00, 0x00, 0x00, 0x00, 0x00, 0x00, 0x00, 0x00, 0x00, 0x00,
  0x00, 0x00, 0x00, 0x00, 0x00, 0x00, 0x00, 0x00, 0x00, 0x00, 0x00, 0x00, 0x00, 0x00, 0x00, 0x00,
  0x00, 0x00, 0x00, 0x00, 0x00, 0x00, 0x00, 0x00, 0x00, 0x00, 0x00, 0x00, 0x00, 0x00, 0x00, 0x00,
  0x00, 0x00, 0x00, 0x00, 0x00, 0x00, 0x00, 0x00, 0x00, 0x00, 0x00, 0x00, 0x00, 0x00, 0x00, 0x00,
  0x00, 0x00, 0x00, 0x00, 0x00, 0x00, 0x00, 0x00, 0x01, 0x00, 0xff, 0x00, 0x01, 0x00, 0x00, 0x00,
  0x12, 0x2a, 0xaa, 0x55, 0xef, 0x2e, 0xa3, 0x54, 0xff, 0x31, 0xaa, 0x58, 0xf8, 0x2e, 0xa2, 0x53,
  0xff, 0x34, 0xb4, 0x5d, 0x9a, 0x2e, 0xa2, 0x54, 0x00, 0x00, 0x00, 0x00, 0x04, 0x3f, 0xbf, 0x3f,
  0x00, 0x00, 0x00, 0x00, 0x00, 0x00, 0x00, 0x00, 0x00, 0x00, 0x00, 0x00, 0x00, 0x00, 0x00, 0x00,
  0x00, 0x00, 0x00, 0x00, 0x00, 0x00, 0x00, 0x00, 0x00, 0x00, 0x00, 0x00, 0x00, 0x00, 0x00, 0x00,
  0x00, 0x00, 0x00, 0x00, 0x00, 0x00, 0x00, 0x00, 0x00, 0x00, 0x00, 0x00, 0x00, 0x00, 0x00, 0x00,
  0x03, 0x00, 0x55, 0xaa, 0x00, 0x00, 0x00, 0x00, 0xad, 0x0e, 0x5e, 0x99, 0xfe, 0x0f, 0x63, 0xa3,
  0xfa, 0x0e, 0x5e, 0x9b, 0x34, 0x0e, 0x5d, 0x9c, 0x00, 0x00, 0x00, 0x00, 0x00, 0x00, 0x00, 0x00,
  0x2c, 0x0b, 0x5c, 0x9c, 0xf9, 0x0e, 0x5e, 0x9a, 0xfd, 0x0f, 0x63, 0xa3, 0xbe, 0x0d, 0x5d, 0x99,
  0x00, 0x00, 0x00, 0x00, 0x02, 0x00, 0x7f, 0x7f, 0x02, 0x00, 0x7f, 0x7f, 0x02, 0x00, 0x7f, 0x7f,
  0x00, 0x00, 0x00, 0x00, 0x00, 0x00, 0x00, 0x00, 0x06, 0x00, 0x7f, 0xaa, 0x00, 0x00, 0x00, 0x00,
  0x00, 0x00, 0x00, 0x00, 0x00, 0x00, 0x00, 0x00, 0x00, 0x00, 0x00, 0x00, 0x00, 0x00, 0x00, 0x00,
  0x00, 0x00, 0x00, 0x00, 0x00, 0x00, 0x00, 0x00, 0x00, 0x00, 0x00, 0x00, 0x04, 0x00, 0x7f, 0x7f,
  0x00, 0x00, 0x00, 0x00, 0x7d, 0x0e, 0x5d, 0x9b, 0xff, 0x0f, 0x65, 0xa5, 0xfb, 0x0e, 0x5d, 0x99,
  0xff, 0x0e, 0x5e, 0x9a, 0xfb, 0x0e, 0x5e, 0x9a, 0xff, 0x0f, 0x64, 0xa5, 0x9c, 0x0e, 0x5d, 0x99,
  0x00, 0x00, 0x00, 0x00, 0x04, 0x00, 0x3f, 0x7f, 0x00, 0x00, 0x00, 0x00, 0x00, 0x00, 0x00, 0x00,
  0x00, 0x00, 0x00, 0x00, 0x00, 0x00, 0x00, 0x00, 0x00, 0x00, 0x00, 0x00, 0x00, 0x00, 0x00, 0x00,
  0x00, 0x00, 0x00, 0x00, 0x00, 0x00, 0x00, 0x00, 0x00, 0x00, 0x00, 0x00, 0x00, 0x00, 0x00, 0x00,
  0x00, 0x00, 0x00, 0x00, 0x01, 0x00, 0x00, 0x00, 0x00, 0x00, 0x00, 0x00, 0x01, 0x00, 0xff, 0xff,
  0xd7, 0x0e, 0x5d, 0x9a, 0xff, 0x0f, 0x62, 0xa0, 0xfd, 0x0e, 0x5d, 0x9a, 0xfd, 0x0e, 0x5d, 0x9a,
  0xff, 0x0f, 0x62, 0xa0, 0xd0, 0x0d, 0x5d, 0x9a, 0x00, 0x00, 0x00, 0x00, 0x00, 0x00, 0x00, 0x00,
  0x00, 0x00, 0x00, 0x00, 0x00, 0x00, 0x00, 0x00, 0x00, 0x00, 0x00, 0x00, 0x00, 0x00, 0x00, 0x00,
  0x00, 0x00, 0x00, 0x00, 0x00, 0x00, 0x00, 0x00, 0x00, 0x00, 0x00, 0x00, 0x00, 0x00, 0x00, 0x00,
  0x00, 0x00, 0x00, 0x00, 0x00, 0x00, 0x00, 0x00, 0x00, 0x00, 0x00, 0x00, 0x00, 0x00, 0x00, 0x00,
  0x00, 0x00, 0x00, 0x00, 0x00, 0x00, 0x00, 0x00, 0x00, 0x00, 0x00, 0x00, 0x00, 0x00, 0x00, 0x00,
  0x00, 0x00, 0x00, 0x00, 0x00, 0x00, 0x00, 0x00, 0x00, 0x00, 0x00, 0x00, 0x00, 0x00, 0x00, 0x00,
  0x00, 0x00, 0x00, 0x00, 0x00, 0x00, 0x00, 0x00, 0x00, 0x00, 0x00, 0x00, 0x00, 0x00, 0x00, 0x00,
  0x00, 0x00, 0x00, 0x00, 0x00, 0x00, 0x00, 0x00, 0x00, 0x00, 0x00, 0x00, 0x00, 0x00, 0x00, 0x00,
  0x00, 0x00, 0x00, 0x00, 0x00, 0x00, 0x00, 0x00, 0x00, 0x00, 0x00, 0x00, 0x04, 0x00, 0x7f, 0xbf,
  0x00, 0x00, 0x00, 0x00, 0x7d, 0x0e, 0x5d, 0x99, 0xff, 0x0f, 0x65, 0xa5, 0xfb, 0x0e, 0x5d, 0x99,
  0xfe, 0x0e, 0x5e, 0x99, 0xff, 0x0e, 0x60, 0x9d, 0xed, 0x0d, 0x5d, 0x98, 0x0f, 0x11, 0x66, 0x99,
  0x00, 0x00, 0x00, 0x00, 0x01, 0x00, 0x00, 0xff, 0x00, 0x00, 0x00, 0x00, 0x00, 0x00, 0x00, 0x00,
  0x00, 0x00, 0x00, 0x00, 0x00, 0x00, 0x00, 0x00, 0x00, 0x00, 0x00, 0x00, 0x00, 0x00, 0x00, 0x00,
  0x00, 0x00, 0x00, 0x00, 0x00, 0x00, 0x00, 0x00, 0x00, 0x00, 0x00, 0x00, 0x00, 0x00, 0x00, 0x00,
  0x00, 0x00, 0x00, 0x00, 0x00, 0x00, 0x00, 0x00, 0x03, 0x00, 0x55, 0xaa, 0x00, 0x00, 0x00, 0x00,
  0xad, 0x0e, 0x5e, 0x9a, 0xff, 0x0f, 0x64, 0xa3, 0xfb, 0x0e, 0x5e, 0x9a, 0xfc, 0x0e, 0x5e, 0x99,
  0xff, 0x0f, 0x63, 0xa2, 0xbb, 0x0d, 0x5e, 0x9a, 0x00, 0x00, 0x00, 0x00, 0x02, 0x00, 0x7f, 0x7f,
  0x04, 0x00, 0x7f, 0xbf, 0x00, 0x00, 0x00, 0x00, 0x87, 0x0d, 0x5e, 0x9a, 0xff, 0x0f, 0x65, 0xa5,
  0xfb, 0x0e, 0x5d, 0x99, 0xfd, 0x0e, 0x5d, 0x9a, 0xff, 0x0f, 0x62, 0xa0, 0xd2, 0x0e, 0x5d, 0x9a,
  0x02, 0x00, 0x7f, 0x7f, 0x01, 0x00, 0x00, 0x00, 0x00, 0x00, 0x00, 0x00, 0x00, 0x00, 0x00, 0x00,
  0x00, 0x00, 0x00, 0x00, 0x00, 0x00, 0x00, 0x00, 0x00, 0x00, 0x00, 0x00, 0x00, 0x00, 0x00, 0x00,
  0x00, 0x00, 0x00, 0x00, 0x00, 0x00, 0x00, 0x00, 0x00, 0x00, 0x00, 0x00, 0x00, 0x00, 0x00, 0x00,
  0x00, 0x00, 0x00, 0x00, 0x00, 0x00, 0x00, 0x00, 0x00, 0x00, 0x00, 0x00, 0x00, 0x00, 0x00, 0x00,
  0x00, 0x00, 0x00, 0x00, 0x00, 0x00, 0x00, 0x00, 0x00, 0x00, 0x00, 0x00, 0x00, 0x00, 0x00, 0x00,
  0x00, 0x00, 0x00, 0x00, 0x00, 0x00, 0x00, 0x00, 0x00, 0x00, 0x00, 0x00, 0x03, 0x55, 0xaa, 0x55,
  0x00, 0x00, 0x00, 0x00, 0xa9, 0x2e, 0xa2, 0x54, 0xfe, 0x32, 0xad, 0x59, 0xfb, 0x2e, 0xa3, 0x54,
  0xfd, 0x2f, 0xa3, 0x54, 0xfe, 0x30, 0xa7, 0x56, 0xe4, 0x2e, 0xa4, 0x55, 0x0c, 0x2a, 0xaa, 0x55,
  0x02, 0x00, 0x7f, 0x7f, 0x02, 0x00, 0x7f, 0x7f, 0x00, 0x00, 0x00, 0x00, 0x00, 0x00, 0x00, 0x00,
  0x00, 0x00, 0x00, 0x00, 0x00, 0x00, 0x00, 0x00, 0x00, 0x00, 0x00, 0x00, 0x00, 0x00, 0x00, 0x00,
  0x00, 0x00, 0x00, 0x00, 0x04, 0x3f, 0xbf, 0x3f, 0x00, 0x00, 0x00, 0x00, 0x9e, 0x2e, 0xa3, 0x53,
  0xff, 0x32, 0xae, 0x5a, 0xfb, 0x2e, 0xa2, 0x54, 0xfb, 0x2e, 0xa2, 0x54, 0xff, 0x32, 0xaf, 0x5a,
  0x89, 0x2e, 0xa3, 0x53, 0x00, 0x00, 0x00, 0x00, 0x04, 0x3f, 0xbf, 0x3f, 0x00, 0x00, 0x00, 0x00,
  0x00, 0x00, 0x00, 0x00, 0x00, 0x00, 0x00, 0x00, 0x00, 0x00, 0x00, 0x00, 0x00, 0x00, 0x00, 0x00,
  0x00, 0x00, 0x00, 0x00, 0x00, 0x00, 0x00, 0x00, 0x00, 0x00, 0x00, 0x00, 0x00, 0x00, 0x00, 0x00,
  0x00, 0x00, 0x00, 0x00, 0x00, 0x00, 0x00, 0x00, 0x00, 0x00, 0x00, 0x00, 0x00, 0x00, 0x00, 0x00,
  0x00, 0x00, 0x00, 0x00, 0x00, 0x00, 0x00, 0x00, 0x00, 0x00, 0x00, 0x00, 0x00, 0x00, 0x00, 0x00,
  0x00, 0x00, 0x00, 0x00, 0x00, 0x00, 0x00, 0x00, 0x04, 0x3f, 0xbf, 0x3f, 0x00, 0x00, 0x00, 0x00,
  0x6d, 0x2e, 0xa3, 0x54, 0xff, 0x34, 0xb4, 0x5d, 0xfa, 0x2e, 0xa3, 0x54, 0xfa, 0x2e, 0xa2, 0x53,
  0xff, 0x32, 0xac, 0x59, 0xdf, 0x2e, 0xa3, 0x54, 0x09, 0x38, 0xaa, 0x55, 0x01, 0x00, 0xff, 0x00,
  0x01, 0x00, 0x00, 0x00, 0x00, 0x00, 0x00, 0x00, 0x00, 0x00, 0x00, 0x00, 0x00, 0x00, 0x00, 0x00,
  0x00, 0x00, 0x00, 0x00, 0x00, 0x00, 0x00, 0x00, 0x00, 0x00, 0x00, 0x00, 0x00, 0x00, 0x00, 0x00,
  0x00, 0x00, 0x00, 0x00, 0x00, 0x00, 0x00, 0x00, 0x00, 0x00, 0x00, 0x00, 0x00, 0x00, 0x00, 0x00,
  0x00, 0x00, 0x00, 0x00, 0x00, 0x00, 0x00, 0x00, 0x00, 0x00, 0x00, 0x00, 0x00, 0x00, 0x00, 0x00,
  0x00, 0x00, 0x00, 0x00, 0x00, 0x00, 0x00, 0x00, 0x00, 0x00, 0x00, 0x00, 0x00, 0x00, 0x00, 0x00,
  0x00, 0x00, 0x00, 0x00, 0x00, 0x00, 0x00, 0x00, 0x04, 0x3f, 0x7f, 0x3f, 0x00, 0x00, 0x00, 0x00,
  0x51, 0x2f, 0xa3, 0x55, 0xff, 0x32, 0xac, 0x59, 0xfb, 0x2e, 0xa2, 0x53, 0xfc, 0x2e, 0xa2, 0x53,
  0xfd, 0x31, 0xab, 0x57, 0xc1, 0x2f, 0xa2, 0x53, 0x00, 0x00, 0x00, 0x00, 0x02, 0x00, 0x7f, 0x7f,
  0x00, 0x00, 0x00, 0x00, 0x00, 0x00, 0x00, 0x00, 0x00, 0x00, 0x00, 0x00, 0x00, 0x00, 0x00, 0x00,
  0x00, 0x00, 0x00, 0x00, 0x00, 0x00, 0x00, 0x00, 0x00, 0x00, 0x00, 0x00, 0x00, 0x00, 0x00, 0x00,
  0x00, 0x00, 0x00, 0x00, 0x00, 0x00, 0x00, 0x00, 0x00, 0x00, 0x00, 0x00, 0x00, 0x00, 0x00, 0x00,
  0x03, 0x00, 0x55, 0xaa, 0x01, 0x00, 0x00, 0x00, 0x36, 0x0e, 0x5e, 0x9b, 0xff, 0x0f, 0x62, 0xa0,
  0xff, 0x10, 0x69, 0xad, 0x52, 0x0f, 0x5d, 0x98, 0x00, 0x00, 0x00, 0x00, 0x00, 0x00, 0x00, 0x00,
  0x42, 0x0f, 0x5c, 0x9a, 0xff, 0x0f, 0x67, 0xa9, 0xff, 0x0f, 0x64, 0xa4, 0x44, 0x0f, 0x5d, 0x99,
  0x00, 0x00, 0x00, 0x00, 0x05, 0x00, 0x66, 0x99, 0x00, 0x00, 0x00, 0x00, 0x00, 0x00, 0x00, 0x00,
  0x38, 0x0d, 0x5f, 0x9f, 0xa0, 0x0e, 0x61, 0x9d, 0xdc, 0x0d, 0x61, 0x9f, 0x9e, 0x0e, 0x5d, 0x99,
  0x00, 0x00, 0x00, 0x00, 0x00, 0x00, 0x00, 0x00, 0x00, 0x00, 0x00, 0x00, 0x00, 0x00, 0x00, 0x00,
  0x00, 0x00, 0x00, 0x00, 0x00, 0x00, 0x00, 0x00, 0x00, 0x00, 0x00, 0x00, 0x02, 0x00, 0x7f, 0x7f,
  0x00, 0x00, 0x00, 0x00, 0xc4, 0x0e, 0x5d, 0x9a, 0xff, 0x0f, 0x63, 0xa1, 0xfc, 0x0e, 0x5e, 0x99,
  0xff, 0x0e, 0x5e, 0x9a, 0xfd, 0x0e, 0x5e, 0x9a, 0xfe, 0x0e, 0x61, 0x9e, 0x36, 0x0e, 0x5e, 0x9b,
  0x01, 0x00, 0x00, 0xff, 0x03, 0x00, 0x55, 0xaa, 0x00, 0x00, 0x00, 0x00, 0x00, 0x00, 0x00, 0x00,
  0x00, 0x00, 0x00, 0x00, 0x00, 0x00, 0x00, 0x00, 0x00, 0x00, 0x00, 0x00, 0x00, 0x00, 0x00, 0x00,
  0x00, 0x00, 0x00, 0x00, 0x00, 0x00, 0x00, 0x00, 0x00, 0x00, 0x00, 0x00, 0x00, 0x00, 0x00, 0x00,
  0x00, 0x00, 0x00, 0x00, 0x00, 0x00, 0x00, 0x00, 0x00, 0x00, 0x00, 0x00, 0x00, 0x00, 0x00, 0x00,
  0xd0, 0x0d, 0x5d, 0x99, 0xff, 0x0f, 0x62, 0xa0, 0xfd, 0x0e, 0x5d, 0x9a, 0xfd, 0x0e, 0x5d, 0x9a,
  0xff, 0x0f, 0x62, 0xa0, 0xd1, 0x0e, 0x5d, 0x99, 0x00, 0x00, 0x00, 0x00, 0x00, 0x00, 0x00, 0x00,
  0x00, 0x00, 0x00, 0x00, 0x00, 0x00, 0x00, 0x00, 0x00, 0x00, 0x00, 0x00, 0x00, 0x00, 0x00, 0x00,
  0x00, 0x00, 0x00, 0x00, 0x00, 0x00, 0x00, 0x00, 0x00, 0x00, 0x00, 0x00, 0x00, 0x00, 0x00, 0x00,
  0x00, 0x00, 0x00, 0x00, 0x00, 0x00, 0x00, 0x00, 0x00, 0x00, 0x00, 0x00, 0x00, 0x00, 0x00, 0x00,
  0x00, 0x00, 0x00, 0x00, 0x00, 0x00, 0x00, 0x00, 0x00, 0x00, 0x00, 0x00, 0x00, 0x00, 0x00, 0x00,
  0x00, 0x00, 0x00, 0x00, 0x00, 0x00, 0x00, 0x00, 0x00, 0x00, 0x00, 0x00, 0x00, 0x00, 0x00, 0x00,
  0x00, 0x00, 0x00, 0x00, 0x00, 0x00, 0x00, 0x00, 0x00, 0x00, 0x00, 0x00, 0x00, 0x00, 0x00, 0x00,
  0x00, 0x00, 0x00, 0x00, 0x00, 0x00, 0x00, 0x00, 0x00, 0x00, 0x00, 0x00, 0x00, 0x00, 0x00, 0x00,
  0x00, 0x00, 0x00, 0x00, 0x00, 0x00, 0x00, 0x00, 0x00, 0x00, 0x00, 0x00, 0x03, 0x00, 0x55, 0xaa,
  0x00, 0x00, 0x00, 0x00, 0xac, 0x0d, 0x5d, 0x9a, 0xff, 0x0f, 0x64, 0xa4, 0xfb, 0x0e, 0x5e, 0x9a,
  0xfc, 0x0e, 0x5e, 0x99, 0xff, 0x0f, 0x62, 0xa1, 0xc6, 0x0e, 0x5e, 0x9a, 0x00, 0x00, 0x00, 0x00,
  0x01, 0x00, 0x00, 0xff, 0x00, 0x00, 0x00, 0x00, 0x00, 0x00, 0x00, 0x00, 0x00, 0x00, 0x00, 0x00,
  0x00, 0x00, 0x00, 0x00, 0x00, 0x00, 0x00, 0x00, 0x00, 0x00, 0x00, 0x00, 0x00, 0x00, 0x00, 0x00,
  0x00, 0x00, 0x00, 0x00, 0x00, 0x00, 0x00, 0x00, 0x00, 0x00, 0x00, 0x00, 0x00, 0x00, 0x00, 0x00,
  0x00, 0x00, 0x00, 0x00, 0x00, 0x00, 0x00, 0x00, 0x00, 0x00, 0x00, 0x00, 0x04, 0x00, 0x3f, 0x7f,
  0xda, 0x0e, 0x5d, 0x9a, 0xff, 0x0e, 0x61, 0x9f, 0xfd, 0x0e, 0x5d, 0x9a, 0xfb, 0x0e, 0x5d, 0x99,
  0xff, 0x0f, 0x65, 0xa5, 0x81, 0x0d, 0x5e, 0x9a, 0x00, 0x00, 0x00, 0x00, 0x04, 0x00, 0x7f, 0xbf,
  0x02, 0x00, 0x7f, 0x7f, 0x00, 0x00, 0x00, 0x00, 0xba, 0x0d, 0x5e, 0x99, 0xff, 0x0f, 0x63, 0xa2,
  0xfc, 0x0e, 0x5e, 0x99, 0xfb, 0x0e, 0x5e, 0x9a, 0xff, 0x0f, 0x64, 0xa4, 0x9f, 0x0e, 0x5e, 0x99,
  0x00, 0x00, 0x00, 0x00, 0x04, 0x00, 0x3f, 0x7f, 0x00, 0x00, 0x00, 0x00, 0x00, 0x00, 0x00, 0x00,
  0x00, 0x00, 0x00, 0x00, 0x00, 0x00, 0x00, 0x00, 0x00, 0x00, 0x00, 0x00, 0x00, 0x00, 0x00, 0x00,
  0x00, 0x00, 0x00, 0x00, 0x00, 0x00, 0x00, 0x00, 0x00, 0x00, 0x00, 0x00, 0x00, 0x00, 0x00, 0x00,
  0x00, 0x00, 0x00, 0x00, 0x00, 0x00, 0x00, 0x00, 0x00, 0x00, 0x00, 0x00, 0x00, 0x00, 0x00, 0x00,
  0x00, 0x00, 0x00, 0x00, 0x00, 0x00, 0x00, 0x00, 0x00, 0x00, 0x00, 0x00, 0x00, 0x00, 0x00, 0x00,
  0x00, 0x00, 0x00, 0x00, 0x00, 0x00, 0x00, 0x00, 0x01, 0x00, 0xff, 0x00, 0x00, 0x00, 0x00, 0x00,
  0x0f, 0x33, 0xaa, 0x55, 0xec, 0x2e, 0xa2, 0x53, 0xff, 0x30, 0xa6, 0x56, 0xfe, 0x2f, 0xa2, 0x54,
  0xfb, 0x2e, 0xa2, 0x54, 0xff, 0x32, 0xaf, 0x5a, 0x73, 0x2e, 0xa1, 0x54, 0x00, 0x00, 0x00, 0x00,
  0x04, 0x3f, 0xbf, 0x3f, 0x00, 0x00, 0x00, 0x00, 0x00, 0x00, 0x00, 0x00, 0x00, 0x00, 0x00, 0x00,
  0x00, 0x00, 0x00, 0x00, 0x00, 0x00, 0x00, 0x00, 0x00, 0x00, 0x00, 0x00, 0x00, 0x00, 0x00, 0x00,
  0x00, 0x00, 0x00, 0x00, 0x04, 0x3f, 0xbf, 0x3f, 0x01, 0x00, 0xff, 0x00, 0x6e, 0x2e, 0xa2, 0x53,
  0xff, 0x32, 0xaf, 0x5a, 0xfb, 0x2e, 0xa2, 0x54, 0xfb, 0x2e, 0xa3, 0x54, 0xff, 0x32, 0xae, 0x5a,
  0xa2, 0x2f, 0xa3, 0x55, 0x00, 0x00, 0x00, 0x00, 0x04, 0x3f, 0x7f, 0x3f, 0x00, 0x00, 0x00, 0x00,
  0x00, 0x00, 0x00, 0x00, 0x00, 0x00, 0x00, 0x00, 0x00, 0x00, 0x00, 0x00, 0x02, 0x00, 0x7f, 0x7f,
  0x04, 0x3f, 0xbf, 0x3f, 0x04, 0x3f, 0x7f, 0x3f, 0x03, 0x00, 0xaa, 0x55, 0x03, 0x00, 0xaa, 0x55,
  0x03, 0x55, 0xaa, 0x55, 0x04, 0x3f, 0xbf, 0x3f, 0x03, 0x00, 0xaa, 0x55, 0x01, 0x00, 0x00, 0x00,
  0x00, 0x00, 0x00, 0x00, 0x00, 0x00, 0x00, 0x00, 0x00, 0x00, 0x00, 0x00, 0x00, 0x00, 0x00, 0x00,
  0x00, 0x00, 0x00, 0x00, 0x00, 0x00, 0x00, 0x00, 0x04, 0x3f, 0x7f, 0x3f, 0x00, 0x00, 0x00, 0x00,
  0xa9, 0x2e, 0xa2, 0x54, 0xfa, 0x31, 0xaf, 0x59, 0xfa, 0x2e, 0xa4, 0x54, 0xfe, 0x2f, 0xa3, 0x54,
  0xfd, 0x2e, 0xa3, 0x53, 0xfe, 0x2f, 0xa2, 0x53, 0x25, 0x30, 0xa5, 0x52, 0x00, 0x00, 0x00, 0x00,
  0x02, 0x00, 0x7f, 0x7f, 0x00, 0x00, 0x00, 0x00, 0x00, 0x00, 0x00, 0x00, 0x00, 0x00, 0x00, 0x00,
  0x00, 0x00, 0x00, 0x00, 0x00, 0x00, 0x00, 0x00, 0x00, 0x00, 0x00, 0x00, 0x00, 0x00, 0x00, 0x00,
  0x01, 0x00, 0x00, 0x00, 0x02, 0x00, 0x7f, 0x7f, 0x03, 0x55, 0xaa, 0x55, 0x03, 0x55, 0xaa, 0x55,
  0x02, 0x00, 0x7f, 0x7f, 0x00, 0x00, 0x00, 0x00, 0x00, 0x00, 0x00, 0x00, 0x00, 0x00, 0x00, 0x00,
  0x00, 0x00, 0x00, 0x00, 0x00, 0x00, 0x00, 0x00, 0x00, 0x00, 0x00, 0x00, 0x00, 0x00, 0x00, 0x00,
  0x00, 0x00, 0x00, 0x00, 0x00, 0x00, 0x00, 0x00, 0x04, 0x3f, 0xbf, 0x3f, 0x00, 0x00, 0x00, 0x00,
  0x74, 0x30, 0xa4, 0x53, 0xfe, 0x32, 0xae, 0x5a, 0xfb, 0x2e, 0xa2, 0x54, 0xfc, 0x2e, 0xa2, 0x53,
  0xff, 0x31, 0xac, 0x58, 0xbd, 0x2f, 0xa3, 0x53, 0x00, 0x00, 0x00, 0x00, 0x02, 0x00, 0x7f, 0x7f,
  0x00, 0x00, 0x00, 0x00, 0x00, 0x00, 0x00, 0x00, 0x00, 0x00, 0x00, 0x00, 0x00, 0x00, 0x00, 0x00,
  0x00, 0x00, 0x00, 0x00, 0x00, 0x00, 0x00, 0x00, 0x00, 0x00, 0x00, 0x00, 0x00, 0x00, 0x00, 0x00,
  0x00, 0x00, 0x00, 0x00, 0x00, 0x00, 0x00, 0x00, 0x00, 0x00, 0x00, 0x00, 0x00, 0x00, 0x00, 0x00,
  0x00, 0x00, 0x00, 0x00, 0x02, 0x00, 0x7f, 0x7f, 0x00, 0x00, 0x00, 0x00, 0x63, 0x0c, 0x5c, 0x97,
  0x98, 0x0d, 0x5f, 0x9d, 0x0d, 0x13, 0x62, 0x9c, 0x02, 0x00, 0x7f, 0x7f, 0x03, 0x00, 0x55, 0xaa,
  0x09, 0x00, 0x55, 0x8d, 0x96, 0x0d, 0x5f, 0x9a, 0x7b, 0x0e, 0x5d, 0x99, 0x00, 0x00, 0x00, 0x00,
  0x03, 0x00, 0x55, 0xaa, 0x00, 0x00, 0x00, 0x00, 0x27, 0x0d, 0x5b, 0x96, 0xae, 0x0e, 0x60, 0x9e,
  0xfe, 0x0e, 0x5f, 0x9d, 0xff, 0x0f, 0x63, 0xa2, 0xff, 0x10, 0x68, 0xaa, 0xda, 0x0e, 0x5d, 0x99,
  0x00, 0x00, 0x00, 0x00, 0x00, 0x00, 0x00, 0x00, 0x00, 0x00, 0x00, 0x00, 0x00, 0x00, 0x00, 0x00,
  0x00, 0x00, 0x00, 0x00, 0x00, 0x00, 0x00, 0x00, 0x01, 0x00, 0xff, 0xff, 0x00, 0x00, 0x00, 0x00,
  0x16, 0x0b, 0x5c, 0x96, 0xf3, 0x0d, 0x5d, 0x9a, 0xff, 0x0e, 0x5f, 0x9c, 0xfe, 0x0e, 0x5e, 0x9a,
  0xfd, 0x0e, 0x5d, 0x9a, 0xff, 0x0f, 0x61, 0xa0, 0xd7, 0x0e, 0x5d, 0x99, 0x03, 0x00, 0x55, 0xaa,
  0x01, 0x00, 0x00, 0x00, 0x00, 0x00, 0x00, 0x00, 0x00, 0x00, 0x00, 0x00, 0x00, 0x00, 0x00, 0x00,
  0x00, 0x00, 0x00, 0x00, 0x00, 0x00, 0x00, 0x00, 0x00, 0x00, 0x00, 0x00, 0x00, 0x00, 0x00, 0x00,
  0x00, 0x00, 0x00, 0x00, 0x00, 0x00, 0x00, 0x00, 0x00, 0x00, 0x00, 0x00, 0x00, 0x00, 0x00, 0x00,
  0x00, 0x00, 0x00, 0x00, 0x01, 0x00, 0x00, 0x00, 0x00, 0x00, 0x00, 0x00, 0x05, 0x00, 0x66, 0x99,
  0xde, 0x0d, 0x5e, 0x99, 0xff, 0x0e, 0x61, 0x9f, 0xfd, 0x0e, 0x5d, 0x9a, 0xfc, 0x0e, 0x5e, 0x99,
  0xff, 0x0f, 0x63, 0xa1, 0xc4, 0x0e, 0x5d, 0x9a, 0x00, 0x00, 0x00, 0x00, 0x02, 0x00, 0x7f, 0x7f,
  0x00, 0x00, 0x00, 0x00, 0x00, 0x00, 0x00, 0x00, 0x00, 0x00, 0x00, 0x00, 0x00, 0x00, 0x00, 0x00,
  0x00, 0x00, 0x00, 0x00, 0x00, 0x00, 0x00, 0x00, 0x00, 0x00, 0x00, 0x00, 0x00, 0x00, 0x00, 0x00,
  0x00, 0x00, 0x00, 0x00, 0x00, 0x00, 0x00, 0x00, 0x00, 0x00, 0x00, 0x00, 0x00, 0x00, 0x00, 0x00,
  0x00, 0x00, 0x00, 0x00, 0x00, 0x00, 0x00, 0x00, 0x00, 0x00, 0x00, 0x00, 0x00, 0x00, 0x00, 0x00,
  0x00, 0x00, 0x00, 0x00, 0x00, 0x00, 0x00, 0x00, 0x00, 0x00, 0x00, 0x00, 0x00, 0x00, 0x00, 0x00,
  0x00, 0x00, 0x00, 0x00, 0x00, 0x00, 0x00, 0x00, 0x00, 0x00, 0x00, 0x00, 0x00, 0x00, 0x00, 0x00,
  0x00, 0x00, 0x00, 0x00, 0x00, 0x00, 0x00, 0x00, 0x00, 0x00, 0x00, 0x00, 0x00, 0x00, 0x00, 0x00,
  0x00, 0x00, 0x00, 0x00, 0x00, 0x00, 0x00, 0x00, 0x00, 0x00, 0x00, 0x00, 0x00, 0x00, 0x00, 0x00,
  0x01, 0x00, 0x00, 0xff, 0xd4, 0x0e, 0x5d, 0x99, 0xff, 0x0f, 0x62, 0xa0, 0xfd, 0x0e, 0x5d, 0x9a,
  0xfb, 0x0e, 0x5e, 0x9a, 0xff, 0x0f, 0x65, 0xa5, 0x95, 0x0d, 0x5e, 0x9a, 0x00, 0x00, 0x00, 0x00,
  0x04, 0x00, 0x7f, 0x7f, 0x00, 0x00, 0x00, 0x00, 0x00, 0x00, 0x00, 0x00, 0x00, 0x00, 0x00, 0x00,
  0x00, 0x00, 0x00, 0x00, 0x00, 0x00, 0x00, 0x00, 0x00, 0x00, 0x00, 0x00, 0x00, 0x00, 0x00, 0x00,
  0x00, 0x00, 0x00, 0x00, 0x00, 0x00, 0x00, 0x00, 0x00, 0x00, 0x00, 0x00, 0x00, 0x00, 0x00, 0x00,
  0x00, 0x00, 0x00, 0x00, 0x02, 0x00, 0x7f, 0x7f, 0x00, 0x00, 0x00, 0x00, 0x21, 0x0f, 0x5c, 0x9a,
  0xfa, 0x0e, 0x5d, 0x9a, 0xff, 0x0e, 0x5f, 0x9b, 0xfe, 0x0e, 0x5e, 0x9a, 0xfd, 0x0e, 0x5d, 0x99,
  0xff, 0x0f, 0x62, 0xa1, 0x48, 0x0e, 0x5f, 0x98, 0x00, 0x00, 0x00, 0x00, 0x04, 0x00, 0x7f, 0x7f,
  0x00, 0x00, 0x00, 0x00, 0x09, 0x00, 0x55, 0x8d, 0xe5, 0x0e, 0x5d, 0x99, 0xff, 0x0e, 0x60, 0x9e,
  0xfd, 0x0e, 0x5d, 0x9a, 0xfb, 0x0e, 0x5d, 0x9a, 0xff, 0x0f, 0x65, 0xa5, 0x67, 0x0e, 0x5e, 0x99,
  0x00, 0x00, 0x00, 0x00, 0x04, 0x00, 0x3f, 0x7f, 0x00, 0x00, 0x00, 0x00, 0x00, 0x00, 0x00, 0x00,
  0x00, 0x00, 0x00, 0x00, 0x00, 0x00, 0x00, 0x00, 0x00, 0x00, 0x00, 0x00, 0x00, 0x00, 0x00, 0x00,
  0x00, 0x00, 0x00, 0x00, 0x00, 0x00, 0x00, 0x00, 0x00, 0x00, 0x00, 0x00, 0x00, 0x00, 0x00, 0x00,
  0x00, 0x00, 0x00, 0x00, 0x00, 0x00, 0x00, 0x00, 0x00, 0x00, 0x00, 0x00, 0x00, 0x00, 0x00, 0x00,
  0x00, 0x00, 0x00, 0x00, 0x00, 0x00, 0x00, 0x00, 0x00, 0x00, 0x00, 0x00, 0x00, 0x00, 0x00, 0x00,
  0x00, 0x00, 0x00, 0x00, 0x00, 0x00, 0x00, 0x00, 0x03, 0x55, 0xaa, 0x55, 0x00, 0x00, 0x00, 0x00,
  0x3f, 0x30, 0xa5, 0x55, 0xff, 0x31, 0xa9, 0x57, 0xfd, 0x2f, 0xa3, 0x53, 0xfe, 0x2f, 0xa2, 0x54,
  0xff, 0x2f, 0xa5, 0x55, 0xf5, 0x2f, 0xa4, 0x54, 0x1a, 0x31, 0xa6, 0x58, 0x01, 0x00, 0x00, 0x00,
  0x02, 0x00, 0x7f, 0x7f, 0x00, 0x00, 0x00, 0x00, 0x00, 0x00, 0x00, 0x00, 0x00, 0x00, 0x00, 0x00,
  0x00, 0x00, 0x00, 0x00, 0x00, 0x00, 0x00, 0x00, 0x00, 0x00, 0x00, 0x00, 0x00, 0x00, 0x00, 0x00,
  0x00, 0x00, 0x00, 0x00, 0x04, 0x3f, 0xbf, 0x3f, 0x00, 0x00, 0x00, 0x00, 0x63, 0x2e, 0xa4, 0x55,
  0xff, 0x32, 0xae, 0x5a, 0xfb, 0x2e, 0xa3, 0x54, 0xfb, 0x2e, 0xa3, 0x54, 0xff, 0x32, 0xad, 0x59,
  0xab, 0x2f, 0xa2, 0x53, 0x00, 0x00, 0x00, 0x00, 0x03, 0x55, 0xaa, 0x55, 0x00, 0x00, 0x00, 0x00,
  0x00, 0x00, 0x00, 0x00, 0x02, 0x00, 0xff, 0x7f, 0x02, 0x00, 0x7f, 0x7f, 0x00, 0x00, 0x00, 0x00,
  0x00, 0x00, 0x00, 0x00, 0x00, 0x00, 0x00, 0x00, 0x00, 0x00, 0x00, 0x00, 0x00, 0x00, 0x00, 0x00,
  0x00, 0x00, 0x00, 0x00, 0x00, 0x00, 0x00, 0x00, 0x00, 0x00, 0x00, 0x00, 0x00, 0x00, 0x00, 0x00,
  0x03, 0x55, 0xaa, 0x55, 0x00, 0x00, 0x00, 0x00, 0x00, 0x00, 0x00, 0x00, 0x00, 0x00, 0x00, 0x00,
  0x00, 0x00, 0x00, 0x00, 0x00, 0x00, 0x00, 0x00, 0x04, 0x3f, 0xbf, 0x3f, 0x00, 0x00, 0x00, 0x00,
  0x7b, 0x2d, 0xa1, 0x52, 0xff, 0x34, 0xb4, 0x5d, 0xf8, 0x2e, 0xa2, 0x54, 0xf9, 0x2f, 0xa2, 0x53,
  0xff, 0x31, 0xa9, 0x57, 0xe9, 0x2f, 0xa3, 0x54, 0x0d, 0x27, 0x9c, 0x4e, 0x01, 0x00, 0x00, 0x00,
  0x01, 0x00, 0xff, 0x00, 0x00, 0x00, 0x00, 0x00, 0x00, 0x00, 0x00, 0x00, 0x00, 0x00, 0x00, 0x00,
  0x00, 0x00, 0x00, 0x00, 0x00, 0x00, 0x00, 0x00, 0x01, 0x00, 0xff, 0x00, 0x04, 0x3f, 0x7f, 0x3f,
  0x00, 0x00, 0x00, 0x00, 0x00, 0x00, 0x00, 0x00, 0x00, 0x00, 0x00, 0x00, 0x00, 0x00, 0x00, 0x00,
  0x00, 0x00, 0x00, 0x00, 0x02, 0x00, 0x7f, 0x7f, 0x03, 0x55, 0xaa, 0x55, 0x00, 0x00, 0x00, 0x00,
  0x00, 0x00, 0x00, 0x00, 0x00, 0x00, 0x00, 0x00, 0x00, 0x00, 0x00, 0x00, 0x00, 0x00, 0x00, 0x00,
  0x03, 0x00, 0xaa, 0x55, 0x04, 0x3f, 0xbf, 0x3f, 0x07, 0x48, 0xb6, 0x48, 0x04, 0x3f, 0xbf, 0x3f,
  0x87, 0x2f, 0xa2, 0x53, 0xff, 0x32, 0xaf, 0x5a, 0xfb, 0x2e, 0xa2, 0x54, 0xfb, 0x2e, 0xa3, 0x54,
  0xff, 0x32, 0xae, 0x5a, 0xa6, 0x2e, 0xa2, 0x54, 0x03, 0x55, 0xaa, 0x55, 0x07, 0x48, 0x91, 0x48,
  0x03, 0x00, 0xaa, 0x55, 0x01, 0x00, 0xff, 0x00, 0x00, 0x00, 0x00, 0x00, 0x00, 0x00, 0x00, 0x00,
  0x00, 0x00, 0x00, 0x00, 0x00, 0x00, 0x00, 0x00, 0x00, 0x00, 0x00, 0x00, 0x00, 0x00, 0x00, 0x00,
  0x00, 0x00, 0x00, 0x00, 0x00, 0x00, 0x00, 0x00, 0x00, 0x00, 0x00, 0x00, 0x00, 0x00, 0x00, 0x00,
  0x00, 0x00, 0x00, 0x00, 0x00, 0x00, 0x00, 0x00, 0x01, 0x00, 0x00, 0xff, 0x00, 0x00, 0x00, 0x00,
  0x00, 0x00, 0x00, 0x00, 0x00, 0x00, 0x00, 0x00, 0x00, 0x00, 0x00, 0x00, 0x00, 0x00, 0x00, 0x00,
  0x00, 0x00, 0x00, 0x00, 0x00, 0x00, 0x00, 0x00, 0x00, 0x00, 0x00, 0x00, 0x03, 0x00, 0x55, 0xaa,
  0x01, 0x00, 0x00, 0x00, 0x3d, 0x0c, 0x60, 0x9a, 0xec, 0x0e, 0x61, 0x9e, 0xff, 0x0f, 0x63, 0xa2,
  0xff, 0x0f, 0x61, 0xa0, 0xff, 0x0f, 0x62, 0xa1, 0xa2, 0x0e, 0x60, 0x9d, 0x0f, 0x11, 0x66, 0x99,
  0x00, 0x00, 0x00, 0x00, 0x00, 0x00, 0x00, 0x00, 0x00, 0x00, 0x00, 0x00, 0x00, 0x00, 0x00, 0x00,
  0x00, 0x00, 0x00, 0x00, 0x00, 0x00, 0x00, 0x00, 0x03, 0x00, 0x55, 0xaa, 0x00, 0x00, 0x00, 0x00,
  0x43, 0x0f, 0x5f, 0x9c, 0xff, 0x0f, 0x62, 0xa1, 0xfd, 0x0e, 0x5d, 0x9a, 0xff, 0x0e, 0x5e, 0x9a,
  0xfb, 0x0e, 0x5d, 0x9a, 0xff, 0x0f, 0x65, 0xa5, 0x95, 0x0d, 0x5e, 0x9a, 0x00, 0x00, 0x00, 0x00,
  0x04, 0x00, 0x7f, 0x7f, 0x00, 0x00, 0x00, 0x00, 0x00, 0x00, 0x00, 0x00, 0x00, 0x00, 0x00, 0x00,
  0x00, 0x00, 0x00, 0x00, 0x00, 0x00, 0x00, 0x00, 0x00, 0x00, 0x00, 0x00, 0x00, 0x00, 0x00, 0x00,
  0x00, 0x00, 0x00, 0x00, 0x00, 0x00, 0x00, 0x00, 0x00, 0x00, 0x00, 0x00, 0x00, 0x00, 0x00, 0x00,
  0x00, 0x00, 0x00, 0x00, 0x02, 0x00, 0x7f, 0x7f, 0x00, 0x00, 0x00, 0x00, 0x1f, 0x10, 0x5a, 0x9c,
  0xf8, 0x0e, 0x5e, 0x9b, 0xff, 0x0e, 0x5f, 0x9b, 0xfe, 0x0e, 0x5e, 0x9a, 0xfb, 0x0e, 0x5e, 0x9a,
  0xff, 0x0f, 0x64, 0xa4, 0xa8, 0x0d, 0x5e, 0x99, 0x00, 0x00, 0x00, 0x00, 0x04, 0x00, 0x3f, 0x7f,
  0x00, 0x00, 0x00, 0x00, 0x00, 0x00, 0x00, 0x00, 0x00, 0x00, 0x00, 0x00, 0x00, 0x00, 0x00, 0x00,
  0x00, 0x00, 0x00, 0x00, 0x01, 0x00, 0x00, 0xff, 0x01, 0x00, 0x00, 0xff, 0x00, 0x00, 0x00, 0x00,
  0x00, 0x00, 0x00, 0x00, 0x00, 0x00, 0x00, 0x00, 0x00, 0x00, 0x00, 0x00, 0x00, 0x00, 0x00, 0x00,
  0x00, 0x00, 0x00, 0x00, 0x00, 0x00, 0x00, 0x00, 0x00, 0x00, 0x00, 0x00, 0x00, 0x00, 0x00, 0x00,
  0x00, 0x00, 0x00, 0x00, 0x00, 0x00, 0x00, 0x00, 0x00, 0x00, 0x00, 0x00, 0x00, 0x00, 0x00, 0x00,
  0x00, 0x00, 0x00, 0x00, 0x00, 0x00, 0x00, 0x00, 0x00, 0x00, 0x00, 0x00, 0x00, 0x00, 0x00, 0x00,
  0x00, 0x00, 0x00, 0x00, 0x01, 0x00, 0x00, 0xff, 0x03, 0x00, 0x55, 0xaa, 0x04, 0x00, 0x3f, 0x7f,
  0x04, 0x00, 0x3f, 0x7f, 0x03, 0x00, 0x55, 0xaa, 0x03, 0x00, 0x55, 0xaa, 0x00, 0x00, 0x00, 0x00,
  0x15, 0x0c, 0x61, 0x9d, 0xf2, 0x0d, 0x5d, 0x99, 0xff, 0x0e, 0x5f, 0x9c, 0xfe, 0x0e, 0x5e, 0x99,
  0xfb, 0x0e, 0x5e, 0x9a, 0xff, 0x0f, 0x64, 0xa4, 0x60, 0x0d, 0x5c, 0x9a, 0x00, 0x00, 0x00, 0x00,
  0x04, 0x00, 0x3f, 0x7f, 0x00, 0x00, 0x00, 0x00, 0x00, 0x00, 0x00, 0x00, 0x00, 0x00, 0x00, 0x00,
  0x00, 0x00, 0x00, 0x00, 0x00, 0x00, 0x00, 0x00, 0x00, 0x00, 0x00, 0x00, 0x00, 0x00, 0x00, 0x00,
  0x01, 0x00, 0x00, 0xff, 0x03, 0x00, 0x55, 0xaa, 0x03, 0x00, 0x55, 0xaa, 0x03, 0x00, 0x55, 0xaa,
  0x02, 0x00, 0x7f, 0x7f, 0x04, 0x00, 0x3f, 0x7f, 0x00, 0x00, 0x00, 0x00, 0x4b, 0x0d, 0x5f, 0x99,
  0xff, 0x0f, 0x63, 0xa2, 0xfc, 0x0e, 0x5e, 0x99, 0xfe, 0x0e, 0x5e, 0x99, 0xff, 0x0e, 0x5f, 0x9c,
  0xf5, 0x0d, 0x5d, 0x9a, 0x19, 0x0a, 0x5b, 0x99, 0x00, 0x00, 0x00, 0x00, 0x04, 0x00, 0x3f, 0x7f,
  0x00, 0x00, 0x00, 0x00, 0x2c, 0x0b, 0x5c, 0x9c, 0xfe, 0x0e, 0x5f, 0x9b, 0xfe, 0x0e, 0x5e, 0x9a,
  0xfe, 0x0e, 0x5e, 0x9a, 0xfe, 0x0e, 0x5e, 0x99, 0xff, 0x0e, 0x60, 0x9d, 0x33, 0x0f, 0x5f, 0x9b,
  0x00, 0x00, 0x00, 0x00, 0x03, 0x00, 0x55, 0xaa, 0x00, 0x00, 0x00, 0x00, 0x00, 0x00, 0x00, 0x00,
  0x00, 0x00, 0x00, 0x00, 0x00, 0x00, 0x00, 0x00, 0x00, 0x00, 0x00, 0x00, 0x02, 0x00, 0x7f, 0x7f,
  0x04, 0x00, 0x3f, 0x7f, 0x04, 0x00, 0x7f, 0xbf, 0x04, 0x00, 0x7f, 0x7f, 0x04, 0x00, 0x7f, 0xbf,
  0x03, 0x00, 0x55, 0xaa, 0x01, 0x00, 0x00, 0x00, 0x00, 0x00, 0x00, 0x00, 0x00, 0x00, 0x00, 0x00,
  0x00, 0x00, 0x00, 0x00, 0x00, 0x00, 0x00, 0x00, 0x00, 0x00, 0x00, 0x00, 0x00, 0x00, 0x00, 0x00,
  0x00, 0x00, 0x00, 0x00, 0x00, 0x00, 0x00, 0x00, 0x04, 0x3f, 0xbf, 0x3f, 0x00, 0x00, 0x00, 0x00,
  0x6f, 0x2d, 0xa3, 0x55, 0xff, 0x32, 0xaf, 0x5a, 0xfb, 0x2e, 0xa2, 0x54, 0xfc, 0x2e, 0xa2, 0x53,
  0xff, 0x31, 0xab, 0x58, 0xc1, 0x2f, 0xa2, 0x54, 0x00, 0x00, 0x00, 0x00, 0x02, 0x00, 0x7f, 0x7f,
  0x00, 0x00, 0x00, 0x00, 0x00, 0x00, 0x00, 0x00, 0x00, 0x00, 0x00, 0x00, 0x00, 0x00, 0x00, 0x00,
  0x00, 0x00, 0x00, 0x00, 0x00, 0x00, 0x00, 0x00, 0x00, 0x00, 0x00, 0x00, 0x00, 0x00, 0x00, 0x00,
  0x00, 0x00, 0x00, 0x00, 0x04, 0x3f, 0xbf, 0x3f, 0x00, 0x00, 0x00, 0x00, 0x74, 0x2e, 0xa2, 0x53,
  0xff, 0x32, 0xaf, 0x5a, 0xfb, 0x2e, 0xa2, 0x54, 0xfb, 0x2e, 0xa3, 0x54, 0xff, 0x32, 0xae, 0x5a,
  0xa4, 0x2e, 0xa3, 0x53, 0x00, 0x00, 0x00, 0x00, 0x04, 0x3f, 0x7f, 0x3f, 0x00, 0x00, 0x00, 0x00,
  0x03, 0x55, 0xaa, 0x55, 0x00, 0x00, 0x00, 0x00, 0x00, 0x00, 0x00, 0x00, 0x28, 0x33, 0xa5, 0x59,
  0x69, 0x30, 0xa7, 0x55, 0x9a, 0x30, 0xa5, 0x56, 0xb2, 0x2f, 0xa4, 0x54, 0xb5, 0x2f, 0xa3, 0x54,
  0xa3, 0x30, 0xa5, 0x56, 0x78, 0x30, 0xa7, 0x57, 0x39, 0x31, 0xa5, 0x59, 0x00, 0x00, 0x00, 0x00,
  0x00, 0x00, 0x00, 0x00, 0x02, 0x00, 0x7f, 0x7f, 0x01, 0x00, 0xff, 0x00, 0x00, 0x00, 0x00, 0x00,
  0x00, 0x00, 0x00, 0x00, 0x00, 0x00, 0x00, 0x00, 0x01, 0x00, 0xff, 0x00, 0x01, 0x00, 0xff, 0x00,
  0x10, 0x2f, 0x9f, 0x4f, 0xc8, 0x2f, 0xa4, 0x54, 0xff, 0x33, 0xb0, 0x5b, 0xff, 0x32, 0xae, 0x5a,
  0xfa, 0x30, 0xaa, 0x57, 0x5b, 0x2f, 0xa2, 0x54, 0x00, 0x00, 0x00, 0x00, 0x03, 0x55, 0xaa, 0x55,
  0x00, 0x00, 0x00, 0x00, 0x01, 0x00, 0xff, 0x00, 0x04, 0x3f, 0x7f, 0x3f, 0x03, 0x55, 0xaa, 0x55,
  0x03, 0x55, 0xaa, 0x55, 0x02, 0x00, 0xff, 0x7f, 0x00, 0x00, 0x00, 0x00, 0x00, 0x00, 0x00, 0x00,
  0x02, 0x00, 0x7f, 0x7f, 0x29, 0x31, 0xa7, 0x57, 0x46, 0x2f, 0xa7, 0x57, 0x3d, 0x32, 0xa7, 0x57,
  0x1b, 0x2f, 0xaa, 0x55, 0x00, 0x00, 0x00, 0x00, 0x00, 0x00, 0x00, 0x00, 0x02, 0x00, 0xff, 0x7f,
  0x00, 0x00, 0x00, 0x00, 0x00, 0x00, 0x00, 0x00, 0x00, 0x00, 0x00, 0x00, 0x02, 0x00, 0x7f, 0x7f,
  0x00, 0x00, 0x00, 0x00, 0x00, 0x00, 0x00, 0x00, 0x00, 0x00, 0x00, 0x00, 0x00, 0x00, 0x00, 0x00,
  0x91, 0x2f, 0xa3, 0x54, 0xff, 0x32, 0xaf, 0x5a, 0xfb, 0x2e, 0xa2, 0x54, 0xfb, 0x2e, 0xa2, 0x54,
  0xff, 0x32, 0xaf, 0x5a, 0x71, 0x2f, 0xa4, 0x53, 0x00, 0x00, 0x00, 0x00, 0x00, 0x00, 0x00, 0x00,
  0x00, 0x00, 0x00, 0x00, 0x00, 0x00, 0x00, 0x00, 0x03, 0x55, 0xaa, 0x55, 0x00, 0x00, 0x00, 0x00,
  0x00, 0x00, 0x00, 0x00, 0x00, 0x00, 0x00, 0x00, 0x00, 0x00, 0x00, 0x00, 0x00, 0x00, 0x00, 0x00,
  0x00, 0x00, 0x00, 0x00, 0x00, 0x00, 0x00, 0x00, 0x00, 0x00, 0x00, 0x00, 0x00, 0x00, 0x00, 0x00,
  0x00, 0x00, 0x00, 0x00, 0x00, 0x00, 0x00, 0x00, 0x01, 0x00, 0xff, 0xff, 0x00, 0x00, 0x00, 0x00,
  0x00, 0x00, 0x00, 0x00, 0x14, 0x0c, 0x66, 0xa5, 0x28, 0x0c, 0x66, 0xa5, 0x20, 0x0f, 0x5f, 0x9f,
  0x03, 0x00, 0x55, 0xaa, 0x00, 0x00, 0x00, 0x00, 0x00, 0x00, 0x00, 0x00, 0x07, 0x00, 0x6d, 0x91,
  0x00, 0x00, 0x00, 0x00, 0xaf, 0x0e, 0x5e, 0x9a, 0xff, 0x10, 0x6d, 0xb3, 0xff, 0x0e, 0x60, 0x9d,
  0xc6, 0x0e, 0x60, 0x9e, 0x4c, 0x0d, 0x5d, 0x9d, 0x00, 0x00, 0x00, 0x00, 0x00, 0x00, 0x00, 0x00,
  0x00, 0x00, 0x00, 0x00, 0x00, 0x00, 0x00, 0x00, 0x00, 0x00, 0x00, 0x00, 0x00, 0x00, 0x00, 0x00,
  0x00, 0x00, 0x00, 0x00, 0x00, 0x00, 0x00, 0x00, 0x04, 0x00, 0x7f, 0xbf, 0x00, 0x00, 0x00, 0x00,
  0x72, 0x0d, 0x5d, 0x9a, 0xff, 0x0f, 0x65, 0xa5, 0xfb, 0x0e, 0x5d, 0x99, 0xff, 0x0e, 0x5e, 0x9a,
  0xfb, 0x0e, 0x5e, 0x9a, 0xff, 0x0f, 0x64, 0xa4, 0x5b, 0x0e, 0x5f, 0x9a, 0x00, 0x00, 0x00, 0x00,
  0x04, 0x00, 0x3f, 0x7f, 0x00, 0x00, 0x00, 0x00, 0x00, 0x00, 0x00, 0x00, 0x00, 0x00, 0x00, 0x00,
  0x00, 0x00, 0x00, 0x00, 0x00, 0x00, 0x00, 0x00, 0x00, 0x00, 0x00, 0x00, 0x00, 0x00, 0x00, 0x00,
  0x00, 0x00, 0x00, 0x00, 0x00, 0x00, 0x00, 0x00, 0x00, 0x00, 0x00, 0x00, 0x00, 0x00, 0x00, 0x00,
  0x00, 0x00, 0x00, 0x00, 0x04, 0x00, 0x3f, 0x7f, 0x01, 0x00, 0x00, 0x00, 0x5c, 0x0d, 0x5e, 0x9b,
  0xff, 0x0f, 0x64, 0xa4, 0xfc, 0x0e, 0x5e, 0x99, 0xff, 0x0e, 0x5e, 0x9a, 0xfb, 0x0e, 0x5d, 0x99,
  0xff, 0x0f, 0x65, 0xa5, 0x79, 0x0e, 0x5e, 0x99, 0x00, 0x00, 0x00, 0x00, 0x04, 0x00, 0x7f, 0xbf,
  0x00, 0x00, 0x00, 0x00, 0x00, 0x00, 0x00, 0x00, 0x02, 0x00, 0x7f, 0x7f, 0x04, 0x00, 0x3f, 0x7f,
  0x00, 0x00, 0x00, 0x00, 0x00, 0x00, 0x00, 0x00, 0x00, 0x00, 0x00, 0x00, 0x00, 0x00, 0x00, 0x00,
  0x04, 0x00, 0x3f, 0x7f, 0x01, 0x00, 0x00, 0xff, 0x00, 0x00, 0x00, 0x00, 0x02, 0x00, 0x7f, 0x7f,
  0x04, 0x00, 0x7f, 0xbf, 0x03, 0x00, 0x55, 0xaa, 0x00, 0x00, 0x00, 0x00, 0x00, 0x00, 0x00, 0x00,
  0x00, 0x00, 0x00, 0x00, 0x00, 0x00, 0x00, 0x00, 0x00, 0x00, 0x00, 0x00, 0x00, 0x00, 0x00, 0x00,
  0x00, 0x00, 0x00, 0x00, 0x00, 0x00, 0x00, 0x00, 0x00, 0x00, 0x00, 0x00, 0x01, 0x00, 0x00, 0xff,
  0x03, 0x00, 0x55, 0xaa, 0x00, 0x00, 0x00, 0x00, 0x00, 0x00, 0x00, 0x00, 0x00, 0x00, 0x00, 0x00,
  0x00, 0x00, 0x00, 0x00, 0x00, 0x00, 0x00, 0x00, 0x00, 0x00, 0x00, 0x00, 0x03, 0x00, 0x55, 0xaa,
  0x37, 0x0d, 0x5c, 0x99, 0xff, 0x0e, 0x60, 0x9d, 0xfe, 0x0e, 0x5e, 0x99, 0xfe, 0x0e, 0x5e, 0x9a,
  0xfe, 0x0e, 0x5e, 0x9a, 0xfe, 0x0e, 0x5f, 0x9c, 0x2f, 0x10, 0x5c, 0x9d, 0x00, 0x00, 0x00, 0x00,
  0x02, 0x00, 0x7f, 0x7f, 0x00, 0x00, 0x00, 0x00, 0x00, 0x00, 0x00, 0x00, 0x00, 0x00, 0x00, 0x00,
  0x00, 0x00, 0x00, 0x00, 0x00, 0x00, 0x00, 0x00, 0x02, 0x00, 0x7f, 0x7f, 0x03, 0x00, 0x55, 0xaa,
  0x00, 0x00, 0x00, 0x00, 0x00, 0x00, 0x00, 0x00, 0x00, 0x00, 0x00, 0x00, 0x00, 0x00, 0x00, 0x00,
  0x00, 0x00, 0x00, 0x00, 0x03, 0x00, 0x55, 0xaa, 0x04, 0x00, 0x3f, 0x7f, 0x7b, 0x0e, 0x5d, 0x99,
  0xff, 0x0f, 0x65, 0xa5, 0xfb, 0x0e, 0x5d, 0x9a, 0xfd, 0x0e, 0x5d, 0x9a, 0xff, 0x0f, 0x62, 0xa0,
  0xcf, 0x0d, 0x5d, 0x99, 0x01, 0x00, 0x00, 0x00, 0x01, 0x00, 0x00, 0x00, 0x04, 0x00, 0x7f, 0x7f,
  0x00, 0x00, 0x00, 0x00, 0x59, 0x0e, 0x5e, 0x9a, 0xff, 0x0f, 0x64, 0xa4, 0xfc, 0x0e, 0x5e, 0x99,
  0xfe, 0x0e, 0x5d, 0x99, 0xff, 0x0e, 0x60, 0x9d, 0xe8, 0x0e, 0x5d, 0x99, 0x0c, 0x15, 0x55, 0x94,
  0x00, 0x00, 0x00, 0x00, 0x01, 0x00, 0x00, 0xff, 0x00, 0x00, 0x00, 0x00, 0x00, 0x00, 0x00, 0x00,
  0x00, 0x00, 0x00, 0x00, 0x02, 0x00, 0x7f, 0x7f, 0x03, 0x00, 0x55, 0xaa, 0x00, 0x00, 0x00, 0x00,
  0x00, 0x00, 0x00, 0x00, 0x00, 0x00, 0x00, 0x00, 0x00, 0x00, 0x00, 0x00, 0x00, 0x00, 0x00, 0x00,
  0x00, 0x00, 0x00, 0x00, 0x00, 0x00, 0x00, 0x00, 0x02, 0x00, 0x7f, 0x7f, 0x00, 0x00, 0x00, 0x00,
  0x00, 0x00, 0x00, 0x00, 0x00, 0x00, 0x00, 0x00, 0x00, 0x00, 0x00, 0x00, 0x00, 0x00, 0x00, 0x00,
  0x00, 0x00, 0x00, 0x00, 0x00, 0x00, 0x00, 0x00, 0x04, 0x3f, 0xbf, 0x3f, 0x00, 0x00, 0x00, 0x00,
  0x93, 0x2e, 0xa3, 0x55, 0xff, 0x32, 0xae, 0x5a, 0xfb, 0x2e, 0xa2, 0x54, 0xfb, 0x2e, 0xa2, 0x54,
  0xff, 0x32, 0xaf, 0x5a, 0x8d, 0x2f, 0xa2, 0x53, 0x01, 0x00, 0x00, 0x00, 0x04, 0x3f, 0xbf, 0x3f,
  0x00, 0x00, 0x00, 0x00, 0x00, 0x00, 0x00, 0x00, 0x00, 0x00, 0x00, 0x00, 0x00, 0x00, 0x00, 0x00,
  0x00, 0x00, 0x00, 0x00, 0x00, 0x00, 0x00, 0x00, 0x00, 0x00, 0x00, 0x00, 0x00, 0x00, 0x00, 0x00,
  0x00, 0x00, 0x00, 0x00, 0x04, 0x3f, 0x7f, 0x3f, 0x00, 0x00, 0x00, 0x00, 0x9e, 0x2e, 0xa3, 0x53,
  0xff, 0x32, 0xae, 0x5a, 0xfb, 0x2e, 0xa2, 0x54, 0xfb, 0x2e, 0xa2, 0x54, 0xff, 0x32, 0xaf, 0x5a,
  0x8c, 0x2f, 0xa2, 0x53, 0x00, 0x00, 0x00, 0x00, 0x05, 0x33, 0x99, 0x33, 0x02, 0x00, 0x7f, 0x7f,
  0x00, 0x00, 0x00, 0x00, 0x39, 0x31, 0xa5, 0x55, 0xb2, 0x30, 0xa7, 0x55, 0xfa, 0x2f, 0xa6, 0x55,
  0xff, 0x32, 0xae, 0x5a, 0xff, 0x32, 0xad, 0x59, 0xff, 0x33, 0xb2, 0x5c, 0xff, 0x34, 0xb3, 0x5c,
  0xff, 0x32, 0xad, 0x59, 0xff, 0x32, 0xaf, 0x5a, 0xff, 0x30, 0xa8, 0x57, 0xca, 0x2f, 0xa7, 0x55,
  0x57, 0x2e, 0xa4, 0x55, 0x00, 0x00, 0x00, 0x00, 0x00, 0x00, 0x00, 0x00, 0x02, 0x00, 0x7f, 0x7f,
  0x00, 0x00, 0x00, 0x00, 0x00, 0x00, 0x00, 0x00, 0x00, 0x00, 0x00, 0x00, 0x01, 0x00, 0xff, 0x00,
  0x00, 0x00, 0x00, 0x00, 0x09, 0x38, 0x8d, 0x55, 0x5c, 0x31, 0xa6, 0x55, 0x72, 0x31, 0xaa, 0x57,
  0x2f, 0x2b, 0x9d, 0x51, 0x00, 0x00, 0x00, 0x00, 0x01, 0x00, 0xff, 0x00, 0x00, 0x00, 0x00, 0x00,
  0x00, 0x00, 0x00, 0x00, 0x00, 0x00, 0x00, 0x00, 0x00, 0x00, 0x00, 0x00, 0x00, 0x00, 0x00, 0x00,
  0x00, 0x00, 0x00, 0x00, 0x00, 0x00, 0x00, 0x00, 0x0e, 0x24, 0x91, 0x48, 0x7c, 0x2f, 0xa6, 0x56,
  0xd5, 0x2f, 0xa6, 0x56, 0xfd, 0x2f, 0xa4, 0x54, 0xff, 0x31, 0xab, 0x58, 0xff, 0x31, 0xa9, 0x57,
  0xf3, 0x30, 0xa5, 0x55, 0xba, 0x2f, 0xa7, 0x56, 0x46, 0x2f, 0xa0, 0x53, 0x00, 0x00, 0x00, 0x00,
  0x03, 0x00, 0xaa, 0x55, 0x00, 0x00, 0x00, 0x00, 0x01, 0x00, 0xff, 0x00, 0x00, 0x00, 0x00, 0x00,
  0x38, 0x2d, 0x9f, 0x51, 0x91, 0x31, 0xa8, 0x57, 0xa6, 0x2f, 0xa7, 0x56, 0x95, 0x2e, 0xa2, 0x53,
  0xd6, 0x2e, 0xa3, 0x54, 0xff, 0x30, 0xa8, 0x57, 0xfd, 0x2f, 0xa3, 0x54, 0xfd, 0x2e, 0xa3, 0x53,
  0xff, 0x31, 0xaa, 0x58, 0x85, 0x2f, 0xa2, 0x54, 0x48, 0x2e, 0xa2, 0x55, 0x48, 0x31, 0xa6, 0x55,
  0x34, 0x31, 0xab, 0x58, 0x11, 0x2d, 0xa5, 0x5a, 0x00, 0x00, 0x00, 0x00, 0x00, 0x00, 0x00, 0x00,
  0x00, 0x00, 0x00, 0x00, 0x00, 0x00, 0x00, 0x00, 0x00, 0x00, 0x00, 0x00, 0x00, 0x00, 0x00, 0x00,
  0x00, 0x00, 0x00, 0x00, 0x00, 0x00, 0x00, 0x00, 0x00, 0x00, 0x00, 0x00, 0x00, 0x00, 0x00, 0x00,
  0x01, 0x00, 0x00, 0x00, 0x01, 0x00, 0x00, 0x00, 0x00, 0x00, 0x00, 0x00, 0x54, 0x0f, 0x61, 0x9d,
  0xb7, 0x0d, 0x60, 0x9e, 0xe9, 0x0e, 0x5f, 0x9c, 0xfa, 0x0e, 0x5e, 0x9b, 0xf4, 0x0e, 0x5f, 0x9b,
  0xd3, 0x0e, 0x60, 0x9e, 0x78, 0x0e, 0x5f, 0x9d, 0x0c, 0x15, 0x55, 0x94, 0x00, 0x00, 0x00, 0x00,
  0x02, 0x00, 0x7f, 0x7f, 0x31, 0x0f, 0x5d, 0x9c, 0x90, 0x0f, 0x64, 0xa4, 0x4f, 0x0c, 0x5d, 0x9a,
  0x00, 0x00, 0x00, 0x00, 0x00, 0x00, 0x00, 0x00, 0x02, 0x00, 0x7f, 0x7f, 0x01, 0x00, 0x00, 0xff,
  0x00, 0x00, 0x00, 0x00, 0x00, 0x00, 0x00, 0x00, 0x00, 0x00, 0x00, 0x00, 0x00, 0x00, 0x00, 0x00,
  0x00, 0x00, 0x00, 0x00, 0x00, 0x00, 0x00, 0x00, 0x04, 0x00, 0x3f, 0x7f, 0x00, 0x00, 0x00, 0x00,
  0x9d, 0x0e, 0x5e, 0x9a, 0xff, 0x0f, 0x64, 0xa4, 0xfb, 0x0e, 0x5e, 0x9a, 0xff, 0x0e, 0x5e, 0x9a,
  0xfe, 0x0e, 0x5e, 0x9a, 0xff, 0x0e, 0x5f, 0x9c, 0x31, 0x0f, 0x5d, 0x96, 0x00, 0x00, 0x00, 0x00,
  0x02, 0x00, 0x7f, 0x7f, 0x00, 0x00, 0x00, 0x00, 0x00, 0x00, 0x00, 0x00, 0x00, 0x00, 0x00, 0x00,
  0x00, 0x00, 0x00, 0x00, 0x00, 0x00, 0x00, 0x00, 0x00, 0x00, 0x00, 0x00, 0x00, 0x00, 0x00, 0x00,
  0x00, 0x00, 0x00, 0x00, 0x00, 0x00, 0x00, 0x00, 0x00, 0x00, 0x00, 0x00, 0x00, 0x00, 0x00, 0x00,
  0x00, 0x00, 0x00, 0x00, 0x03, 0x00, 0x55, 0xaa, 0x00, 0x00, 0x00, 0x00, 0xc0, 0x0e, 0x5c, 0x98,
  0xff, 0x0f, 0x63, 0xa2, 0xfc, 0x0e, 0x5e, 0x99, 0xff, 0x0e, 0x5e, 0x9a, 0xfd, 0x0e, 0x5d, 0x9a,
  0xff, 0x0f, 0x61, 0xa0, 0x3c, 0x0c, 0x5d, 0x99, 0x00, 0x00, 0x00, 0x00, 0x03, 0x00, 0x55, 0xaa,
  0x02, 0x00, 0x7f, 0x7f, 0x02, 0x00, 0x7f, 0xff, 0x00, 0x00, 0x00, 0x00, 0x00, 0x00, 0x00, 0x00,
  0x00, 0x00, 0x00, 0x00, 0x0e, 0x12, 0x5b, 0xa3, 0x11, 0x0f, 0x69, 0xa5, 0x00, 0x00, 0x00, 0x00,
  0x00, 0x00, 0x00, 0x00, 0x00, 0x00, 0x00, 0x00, 0x03, 0x00, 0x55, 0xaa, 0x00, 0x00, 0x00, 0x00,
  0x00, 0x00, 0x00, 0x00, 0x00, 0x00, 0x00, 0x00, 0x00, 0x00, 0x00, 0x00, 0x00, 0x00, 0x00, 0x00,
  0x00, 0x00, 0x00, 0x00, 0x00, 0x00, 0x00, 0x00, 0x00, 0x00, 0x00, 0x00, 0x00, 0x00, 0x00, 0x00,
  0x00, 0x00, 0x00, 0x00, 0x00, 0x00, 0x00, 0x00, 0x03, 0x00, 0x55, 0xaa, 0x00, 0x00, 0x00, 0x00,
  0x00, 0x00, 0x00, 0x00, 0x0a, 0x19, 0x4c, 0x99, 0x38, 0x0d, 0x5f, 0x9f, 0x59, 0x0e, 0x5e, 0x9d,
  0x5c, 0x0d, 0x61, 0x9b, 0x40, 0x0f, 0x5f, 0x9f, 0x15, 0x0c, 0x61, 0x9d, 0x00, 0x00, 0x00, 0x00,
  0x54, 0x0f, 0x5e, 0x9a, 0xff, 0x0f, 0x64, 0xa4, 0xfb, 0x0e, 0x5e, 0x9a, 0xfe, 0x0e, 0x5d, 0x99,
  0xff, 0x0e, 0x60, 0x9e, 0xe6, 0x0e, 0x5e, 0x9a, 0x0a, 0x19, 0x66, 0x99, 0x00, 0x00, 0x00, 0x00,
  0x01, 0x00, 0x00, 0xff, 0x00, 0x00, 0x00, 0x00, 0x00, 0x00, 0x00, 0x00, 0x00, 0x00, 0x00, 0x00,
  0x00, 0x00, 0x00, 0x00, 0x03, 0x00, 0x55, 0xaa, 0x00, 0x00, 0x00, 0x00, 0x00, 0x00, 0x00, 0x00,
  0x0c, 0x15, 0x6a, 0xaa, 0x35, 0x0e, 0x60, 0x9e, 0x4e, 0x0d, 0x5e, 0x9c, 0x4b, 0x0d, 0x5f, 0x9c,
  0x2d, 0x11, 0x60, 0x9e, 0x08, 0x00, 0x5f, 0x7f, 0x00, 0x00, 0x00, 0x00, 0xa8, 0x0d, 0x5e, 0x9a,
  0xff, 0x0f, 0x64, 0xa4, 0xfb, 0x0e, 0x5e, 0x9a, 0xfb, 0x0e, 0x5e, 0x9a, 0xff, 0x0f, 0x64, 0xa4,
  0xa2, 0x0e, 0x5e, 0x9a, 0x00, 0x00, 0x00, 0x00, 0x04, 0x00, 0x3f, 0x7f, 0x04, 0x00, 0x7f, 0xbf,
  0x00, 0x00, 0x00, 0x00, 0x8b, 0x0e, 0x5d, 0x9a, 0xff, 0x0f, 0x65, 0xa5, 0xfb, 0x0e, 0x5d, 0x9a,
  0xfc, 0x0e, 0x5e, 0x99, 0xff, 0x0f, 0x63, 0xa2, 0xbd, 0x0d, 0x5e, 0x99, 0x00, 0x00, 0x00, 0x00,
  0x02, 0x00, 0x7f, 0x7f, 0x00, 0x00, 0x00, 0x00, 0x00, 0x00, 0x00, 0x00, 0x00, 0x00, 0x00, 0x00,
  0x03, 0x00, 0x55, 0xaa, 0x00, 0x00, 0x00, 0x00, 0x00, 0x00, 0x00, 0x00, 0x1b, 0x09, 0x5e, 0xa0,
  0x56, 0x0e, 0x61, 0x9d, 0x7e, 0x0e, 0x5f, 0x9b, 0x88, 0x0f, 0x5f, 0x9d, 0x77, 0x0f, 0x60, 0x9e,
  0x44, 0x0f, 0x61, 0x9d, 0x02, 0x00, 0x00, 0x7f, 0x00, 0x00, 0x00, 0x00, 0x02, 0x00, 0x7f, 0x7f,
  0x00, 0x00, 0x00, 0x00, 0x00, 0x00, 0x00, 0x00, 0x00, 0x00, 0x00, 0x00, 0x00, 0x00, 0x00, 0x00,
  0x00, 0x00, 0x00, 0x00, 0x00, 0x00, 0x00, 0x00, 0x03, 0x55, 0xaa, 0x55, 0x00, 0x00, 0x00, 0x00,
  0xac, 0x2f, 0xa3, 0x54, 0xff, 0x32, 0xad, 0x59, 0xfb, 0x2e, 0xa3, 0x54, 0xfb, 0x2e, 0xa2, 0x54,
  0xff, 0x32, 0xae, 0x5a, 0x66, 0x2f, 0xa2, 0x55, 0x00, 0x00, 0x00, 0x00, 0x04, 0x3f, 0xbf, 0x3f,
  0x00, 0x00, 0x00, 0x00, 0x00, 0x00, 0x00, 0x00, 0x00, 0x00, 0x00, 0x00, 0x00, 0x00, 0x00, 0x00,
  0x00, 0x00, 0x00, 0x00, 0x00, 0x00, 0x00, 0x00, 0x00, 0x00, 0x00, 0x00, 0x00, 0x00, 0x00, 0x00,
  0x01, 0x00, 0x00, 0x00, 0x01, 0x00, 0xff, 0x00, 0x05, 0x33, 0x99, 0x66, 0xde, 0x2f, 0xa1, 0x53,
  0xff, 0x31, 0xa8, 0x57, 0xfd, 0x2f, 0xa3, 0x53, 0xfb, 0x2e, 0xa2, 0x54, 0xff, 0x32, 0xae, 0x59,
  0x61, 0x2f, 0xa2, 0x54, 0x00, 0x00, 0x00, 0x00, 0x05, 0x33, 0x99, 0x66, 0x00, 0x00, 0x00, 0x00,
  0x83, 0x2e, 0xa3, 0x53, 0xfe, 0x30, 0xa8, 0x56, 0xff, 0x32, 0xac, 0x59, 0xff, 0x2f, 0xa3, 0x54,
  0xfb, 0x2e, 0xa2, 0x53, 0xfd, 0x2f, 0xa5, 0x55, 0xd6, 0x2f, 0xa3, 0x54, 0xce, 0x2f, 0xa2, 0x54,
  0xfe, 0x2f, 0xa4, 0x55, 0xfb, 0x2e, 0xa2, 0x53, 0xfe, 0x2f, 0xa2, 0x53, 0xff, 0x31, 0xaa, 0x57,
  0xff, 0x32, 0xae, 0x5a, 0xac, 0x2f, 0xa7, 0x55, 0x11, 0x2d, 0x96, 0x4b, 0x00, 0x00, 0x00, 0x00,
  0x02, 0x00, 0x7f, 0x7f, 0x00, 0x00, 0x00, 0x00, 0x00, 0x00, 0x00, 0x00, 0x00, 0x00, 0x00, 0x00,
  0x02, 0x00, 0x7f, 0x7f, 0x00, 0x00, 0x00, 0x00, 0x00, 0x00, 0x00, 0x00, 0x00, 0x00, 0x00, 0x00,
  0x00, 0x00, 0x00, 0x00, 0x03, 0x55, 0xaa, 0x55, 0x00, 0x00, 0x00, 0x00, 0x01, 0x00, 0xff, 0x00,
  0x01, 0x00, 0x00, 0x00, 0x1b, 0x2f, 0xaa, 0x55, 0x95, 0x2f, 0xa7, 0x55, 0xa8, 0x30, 0xaa, 0x58,
  0x50, 0x2f, 0xa2, 0x52, 0x39, 0x31, 0xa5, 0x55, 0xd8, 0x30, 0xa7, 0x56, 0xff, 0x33, 0xb0, 0x5b,
  0xff, 0x31, 0xa8, 0x57, 0xff, 0x2f, 0xa3, 0x54, 0xfd, 0x2f, 0xa2, 0x53, 0xfd, 0x2f, 0xa3, 0x53,
  0xff, 0x2f, 0xa4, 0x55, 0xff, 0x31, 0xac, 0x59, 0xff, 0x32, 0xac, 0x59, 0x76, 0x2f, 0xa2, 0x54,
  0x00, 0x00, 0x00, 0x00, 0x05, 0x33, 0x99, 0x66, 0x00, 0x00, 0x00, 0x00, 0x4f, 0x2d, 0xa1, 0x53,
  0xfd, 0x30, 0xaa, 0x57, 0xff, 0x32, 0xaf, 0x5a, 0xff, 0x32, 0xad, 0x59, 0xff, 0x32, 0xae, 0x5a,
  0xff, 0x30, 0xa7, 0x56, 0xff, 0x2f, 0xa2, 0x54, 0xff, 0x2f, 0xa3, 0x54, 0xff, 0x2f, 0xa3, 0x54,
  0xff, 0x2f, 0xa2, 0x54, 0xff, 0x30, 0xa8, 0x56, 0xff, 0x31, 0xab, 0x58, 0xff, 0x31, 0xaa, 0x58,
  0xff, 0x30, 0xa7, 0x56, 0xea, 0x31, 0xa8, 0x57, 0x84, 0x2e, 0xa2, 0x53, 0x02, 0x00, 0x7f, 0x7f,
  0x02, 0x00, 0x7f, 0x00, 0x00, 0x00, 0x00, 0x00, 0x00, 0x00, 0x00, 0x00, 0x00, 0x00, 0x00, 0x00,
  0x00, 0x00, 0x00, 0x00, 0x00, 0x00, 0x00, 0x00, 0x00, 0x00, 0x00, 0x00, 0x01, 0x00, 0x00, 0x00,
  0x03, 0x00, 0x55, 0xaa, 0x03, 0x00, 0x55, 0xaa, 0xa2, 0x0e, 0x5e, 0x9a, 0xff, 0x0f, 0x64, 0xa4,
  0xff, 0x0f, 0x64, 0xa4, 0xff, 0x0f, 0x66, 0xa6, 0xff, 0x0f, 0x64, 0xa4, 0xff, 0x0f, 0x65, 0xa6,
  0xff, 0x0f, 0x65, 0xa5, 0xff, 0x0f, 0x64, 0xa4, 0xd7, 0x0e, 0x60, 0x9d, 0x57, 0x0e, 0x60, 0x9e,
  0x00, 0x00, 0x00, 0x00, 0x00, 0x00, 0x00, 0x00, 0x00, 0x00, 0x00, 0x00, 0x00, 0x00, 0x00, 0x00,
  0x00, 0x00, 0x00, 0x00, 0x03, 0x00, 0x55, 0xaa, 0x00, 0x00, 0x00, 0x00, 0x00, 0x00, 0x00, 0x00,
  0x00, 0x00, 0x00, 0x00, 0x00, 0x00, 0x00, 0x00, 0x00, 0x00, 0x00, 0x00, 0x00, 0x00, 0x00, 0x00,
  0x00, 0x00, 0x00, 0x00, 0x00, 0x00, 0x00, 0x00, 0x02, 0x00, 0x7f, 0x7f, 0x00, 0x00, 0x00, 0x00,
  0xc0, 0x0d, 0x5e, 0x9a, 0xff, 0x0f, 0x63, 0xa2, 0xfc, 0x0e, 0x5e, 0x99, 0xfe, 0x0e, 0x5e, 0x99,
  0xff, 0x0e, 0x5f, 0x9c, 0xf1, 0x0d, 0x5d, 0x99, 0x14, 0x0c, 0x59, 0x99, 0x00, 0x00, 0x00, 0x00,
  0x01, 0x00, 0x00, 0xff, 0x00, 0x00, 0x00, 0x00, 0x00, 0x00, 0x00, 0x00, 0x00, 0x00, 0x00, 0x00,
  0x00, 0x00, 0x00, 0x00, 0x00, 0x00, 0x00, 0x00, 0x00, 0x00, 0x00, 0x00, 0x00, 0x00, 0x00, 0x00,
  0x00, 0x00, 0x00, 0x00, 0x00, 0x00, 0x00, 0x00, 0x00, 0x00, 0x00, 0x00, 0x00, 0x00, 0x00, 0x00,
  0x04, 0x00, 0x3f, 0x7f, 0x00, 0x00, 0x00, 0x00, 0x47, 0x0e, 0x5d, 0x96, 0xff, 0x0f, 0x62, 0xa1,
  0xfd, 0x0e, 0x5d, 0x9a, 0xff, 0x0e, 0x5e, 0x9a, 0xfd, 0x0e, 0x5d, 0x9a, 0xff, 0x0e, 0x61, 0x9e,
  0xe1, 0x0d, 0x5e, 0x99, 0x08, 0x00, 0x5f, 0x9f, 0x00, 0x00, 0x00, 0x00, 0x04, 0x00, 0x3f, 0x7f,
  0x00, 0x00, 0x00, 0x00, 0x00, 0x00, 0x00, 0x00, 0x31, 0x0f, 0x5d, 0x9c, 0x8b, 0x0e, 0x61, 0x9f,
  0xd0, 0x0e, 0x5f, 0x9c, 0xe8, 0x0e, 0x5e, 0x9a, 0xeb, 0x0e, 0x5f, 0x9c, 0xcc, 0x0f, 0x60, 0x9d,
  0x6a, 0x0e, 0x60, 0x9e, 0x0d, 0x13, 0x62, 0x9c, 0x00, 0x00, 0x00, 0x00, 0x1d, 0x11, 0x60, 0x95,
  0x6e, 0x0d, 0x63, 0xa4, 0x4e, 0x0d, 0x5e, 0x9c, 0x00, 0x00, 0x00, 0x00, 0x01, 0x00, 0x00, 0x00,
  0x01, 0x00, 0x00, 0x00, 0x00, 0x00, 0x00, 0x00, 0x00, 0x00, 0x00, 0x00, 0x00, 0x00, 0x00, 0x00,
  0x00, 0x00, 0x00, 0x00, 0x03, 0x00, 0x55, 0xaa, 0x00, 0x00, 0x00, 0x00, 0x11, 0x0f, 0x5a, 0x96,
  0x82, 0x0d, 0x60, 0x9e, 0xdf, 0x0e, 0x60, 0x9d, 0xff, 0x0e, 0x61, 0x9f, 0xff, 0x0f, 0x64, 0xa4,
  0xff, 0x0f, 0x64, 0xa4, 0xff, 0x0f, 0x62, 0xa0, 0xeb, 0x0e, 0x60, 0x9e, 0x8f, 0x0e, 0x5e, 0x9b,
  0x9d, 0x0e, 0x5e, 0x9a, 0xff, 0x0f, 0x63, 0xa3, 0xfc, 0x0e, 0x5e, 0x99, 0xfc, 0x0e, 0x5e, 0x99,
  0xff, 0x0f, 0x63, 0xa2, 0xbb, 0x0d, 0x5e, 0x9a, 0x00, 0x00, 0x00, 0x00, 0x02, 0x00, 0x7f, 0x7f,
  0x00, 0x00, 0x00, 0x00, 0x00, 0x00, 0x00, 0x00, 0x00, 0x00, 0x00, 0x00, 0x00, 0x00, 0x00, 0x00,
  0x03, 0x00, 0x55, 0xaa, 0x00, 0x00, 0x00, 0x00, 0x21, 0x0f, 0x5c, 0x9a, 0x93, 0x0d, 0x61, 0x9d,
  0xe3, 0x0e, 0x60, 0x9d, 0xff, 0x0e, 0x60, 0x9e, 0xff, 0x0f, 0x63, 0xa2, 0xff, 0x0f, 0x63, 0xa2,
  0xff, 0x0e, 0x5f, 0x9c, 0xda, 0x0e, 0x5f, 0x9c, 0x81, 0x0d, 0x5e, 0x9a, 0xd8, 0x0e, 0x5e, 0x9a,
  0xff, 0x0f, 0x61, 0x9f, 0xfd, 0x0e, 0x5d, 0x9a, 0xfb, 0x0e, 0x5d, 0x9a, 0xff, 0x0f, 0x65, 0xa5,
  0x76, 0x0c, 0x5c, 0x99, 0x00, 0x00, 0x00, 0x00, 0x04, 0x00, 0x7f, 0xbf, 0x02, 0x00, 0x7f, 0x7f,
  0x00, 0x00, 0x00, 0x00, 0xba, 0x0d, 0x5d, 0x99, 0xff, 0x0f, 0x63, 0xa3, 0xfc, 0x0e, 0x5e, 0x99,
  0xfb, 0x0e, 0x5d, 0x9a, 0xff, 0x0f, 0x65, 0xa5, 0x8b, 0x0e, 0x5d, 0x9a, 0x00, 0x00, 0x00, 0x00,
  0x04, 0x00, 0x7f, 0xbf, 0x00, 0x00, 0x00, 0x00, 0x00, 0x00, 0x00, 0x00, 0x03, 0x00, 0x55, 0xaa,
  0x00, 0x00, 0x00, 0x00, 0x21, 0x0f, 0x5c, 0x92, 0x9e, 0x0e, 0x60, 0x9e, 0xf1, 0x0e, 0x60, 0x9d,
  0xff, 0x0f, 0x64, 0xa3, 0xff, 0x0f, 0x65, 0xa5, 0xff, 0x0f, 0x65, 0xa5, 0xff, 0x0f, 0x65, 0xa5,
  0xff, 0x0f, 0x63, 0xa2, 0xce, 0x0e, 0x60, 0x9e, 0x3b, 0x0c, 0x5a, 0x97, 0x00, 0x00, 0x00, 0x00,
  0x02, 0x00, 0x7f, 0x7f, 0x00, 0x00, 0x00, 0x00, 0x00, 0x00, 0x00, 0x00, 0x00, 0x00, 0x00, 0x00,
  0x00, 0x00, 0x00, 0x00, 0x00, 0x00, 0x00, 0x00, 0x02, 0x00, 0xff, 0x7f, 0x00, 0x00, 0x00, 0x00,
  0xb9, 0x2e, 0xa2, 0x54, 0xff, 0x32, 0xac, 0x59, 0xfc, 0x2e, 0xa2, 0x53, 0xfc, 0x2e, 0xa2, 0x53,
  0xff, 0x31, 0xac, 0x58, 0x4d, 0x2e, 0xa2, 0x52, 0x00, 0x00, 0x00, 0x00, 0x03, 0x55, 0xaa, 0x55,
  0x00, 0x00, 0x00, 0x00, 0x00, 0x00, 0x00, 0x00, 0x00, 0x00, 0x00, 0x00, 0x00, 0x00, 0x00, 0x00,
  0x00, 0x00, 0x00, 0x00, 0x00, 0x00, 0x00, 0x00, 0x00, 0x00, 0x00, 0x00, 0x00, 0x00, 0x00, 0x00,
  0x04, 0x3f, 0x7f, 0x3f, 0x00, 0x00, 0x00, 0x00, 0x4f, 0x30, 0xa4, 0x53, 0xff, 0x32, 0xac, 0x59,
  0xfc, 0x2e, 0xa2, 0x53, 0xfe, 0x2f, 0xa3, 0x54, 0xfe, 0x2f, 0xa3, 0x54, 0xfd, 0x2f, 0xa5, 0x54,
  0x2a, 0x30, 0xa3, 0x55, 0x01, 0x00, 0xff, 0x00, 0x00, 0x00, 0x00, 0x00, 0xa1, 0x2f, 0xa4, 0x53,
  0xff, 0x33, 0xb1, 0x5b, 0xfd, 0x2f, 0xa3, 0x54, 0xfb, 0x2e, 0xa2, 0x54, 0xfd, 0x2f, 0xa3, 0x53,
  0xfe, 0x30, 0xa6, 0x56, 0xe7, 0x2f, 0xa4, 0x55, 0x00, 0x00, 0x00, 0x00, 0x00, 0x00, 0x00, 0x00,
  0xbb, 0x2f, 0xa3, 0x54, 0xff, 0x32, 0xac, 0x58, 0xfc, 0x2e, 0xa2, 0x53, 0xfc, 0x2e, 0xa2, 0x53,
  0xfb, 0x2e, 0xa2, 0x54, 0xff, 0x32, 0xb0, 0x5b, 0xcf, 0x30, 0xa6, 0x56, 0x15, 0x30, 0x9d, 0x55,
  0x00, 0x00, 0x00, 0x00, 0x02, 0x00, 0x7f, 0x00, 0x00, 0x00, 0x00, 0x00, 0x01, 0x00, 0xff, 0x00,
  0x00, 0x00, 0x00, 0x00, 0x21, 0x2e, 0xa2, 0x55, 0x8a, 0x30, 0xa6, 0x56, 0x90, 0x31, 0xaa, 0x56,
  0x35, 0x30, 0x9e, 0x51, 0x00, 0x00, 0x00, 0x00, 0x01, 0x00, 0xff, 0x00, 0x02, 0x00, 0x7f, 0x7f,
  0x00, 0x00, 0x00, 0x00, 0xb9, 0x2e, 0xa2, 0x54, 0xff, 0x35, 0xb7, 0x5e, 0xff, 0x32, 0xad, 0x59,
  0xff, 0x31, 0xa8, 0x57, 0xff, 0x2f, 0xa3, 0x54, 0xff, 0x31, 0xa9, 0x57, 0xfb, 0x2e, 0xa2, 0x53,
  0xfd, 0x2f, 0xa3, 0x53, 0xfc, 0x2f, 0xa2, 0x53, 0xfb, 0x2e, 0xa3, 0x54, 0xfd, 0x2f, 0xa3, 0x53,
  0xfe, 0x2f, 0xa3, 0x54, 0xfb, 0x2e, 0xa2, 0x54, 0xfc, 0x2f, 0xa3, 0x55, 0xff, 0x32, 0xae, 0x59,
  0x48, 0x2e, 0xa2, 0x55, 0x00, 0x00, 0x00, 0x00, 0x00, 0x00, 0x00, 0x00, 0xcf, 0x2e, 0xa3, 0x53,
  0xfd, 0x31, 0xab, 0x58, 0xf8, 0x2f, 0xa2, 0x53, 0xfb, 0x2e, 0xa3, 0x54, 0xfb, 0x2e, 0xa2, 0x54,
  0xfe, 0x2f, 0xa2, 0x54, 0xff, 0x2f, 0xa3, 0x54, 0xff, 0x2f, 0xa3, 0x54, 0xff, 0x2f, 0xa3, 0x54,
  0xff, 0x2f, 0xa3, 0x54, 0xfe, 0x2f, 0xa2, 0x54, 0xfc, 0x2f, 0xa2, 0x53, 0xfd, 0x2f, 0xa2, 0x53,
  0xfe, 0x2f, 0xa2, 0x54, 0xff, 0x30, 0xa6, 0x55, 0xff, 0x33, 0xb0, 0x5b, 0x43, 0x2d, 0xa3, 0x53,
  0x00, 0x00, 0x00, 0x00, 0x03, 0x55, 0xaa, 0x55, 0x00, 0x00, 0x00, 0x00, 0x00, 0x00, 0x00, 0x00,
  0x00, 0x00, 0x00, 0x00, 0x00, 0x00, 0x00, 0x00, 0x00, 0x00, 0x00, 0x00, 0x03, 0x00, 0x55, 0xaa,
  0x00, 0x00, 0x00, 0x00, 0x87, 0x0d, 0x5e, 0x99, 0xff, 0x0f, 0x66, 0xa7, 0xff, 0x0e, 0x60, 0x9d,
  0xf0, 0x0e, 0x5f, 0x9d, 0x87, 0x0f, 0x5e, 0x9a, 0x63, 0x0c, 0x5f, 0x9a, 0x89, 0x0d, 0x5e, 0x9a,
  0xce, 0x0e, 0x5f, 0x9a, 0xff, 0x0e, 0x61, 0x9e, 0xff, 0x0f, 0x65, 0xa5, 0xff, 0x0f, 0x62, 0xa1,
  0xb6, 0x0e, 0x60, 0x9e, 0x2e, 0x10, 0x5e, 0x9b, 0x00, 0x00, 0x00, 0x00, 0x05, 0x00, 0x66, 0x99,
  0x01, 0x00, 0x00, 0xff, 0x00, 0x00, 0x00, 0x00, 0x00, 0x00, 0x00, 0x00, 0x00, 0x00, 0x00, 0x00,
  0x00, 0x00, 0x00, 0x00, 0x01, 0x00, 0x00, 0xff, 0x04, 0x00, 0x3f, 0x7f, 0x03, 0x00, 0x55, 0xaa,
  0x01, 0x00, 0x00, 0xff, 0x01, 0x00, 0x00, 0x00, 0x00, 0x00, 0x00, 0x00, 0x03, 0x00, 0x55, 0xaa,
  0xda, 0x0e, 0x5d, 0x9a, 0xff, 0x0e, 0x61, 0x9f, 0xfd, 0x0e, 0x5d, 0x9a, 0xfd, 0x0e, 0x5d, 0x9a,
  0xff, 0x0e, 0x61, 0x9f, 0xdb, 0x0d, 0x5e, 0x99, 0x03, 0x00, 0x55, 0xaa, 0x00, 0x00, 0x00, 0x00,
  0x01, 0x00, 0x00, 0x00, 0x00, 0x00, 0x00, 0x00, 0x00, 0x00, 0x00, 0x00, 0x00, 0x00, 0x00, 0x00,
  0x00, 0x00, 0x00, 0x00, 0x00, 0x00, 0x00, 0x00, 0x00, 0x00, 0x00, 0x00, 0x00, 0x00, 0x00, 0x00,
  0x00, 0x00, 0x00, 0x00, 0x00, 0x00, 0x00, 0x00, 0x00, 0x00, 0x00, 0x00, 0x02, 0x00, 0x7f, 0x7f,
  0x01, 0x00, 0x00, 0xff, 0x0e, 0x12, 0x5b, 0x91, 0xde, 0x0d, 0x5f, 0x9c, 0xfe, 0x0e, 0x61, 0x9f,
  0xfd, 0x0e, 0x5d, 0x9a, 0xff, 0x0e, 0x5e, 0x9a, 0xfb, 0x0e, 0x5d, 0x99, 0xff, 0x0f, 0x65, 0xa5,
  0x89, 0x0e, 0x5d, 0x9a, 0x00, 0x00, 0x00, 0x00, 0x07, 0x00, 0x6d, 0x91, 0x00, 0x00, 0x00, 0x00,
  0x1f, 0x10, 0x5a, 0x94, 0xa6, 0x0d, 0x60, 0x9e, 0xfd, 0x0e, 0x60, 0x9e, 0xff, 0x0f, 0x65, 0xa5,
  0xff, 0x0f, 0x62, 0xa0, 0xff, 0x0e, 0x60, 0x9d, 0xff, 0x0e, 0x60, 0x9c, 0xff, 0x0f, 0x62, 0xa0,
  0xff, 0x0f, 0x65, 0xa5, 0xdd, 0x0d, 0x5e, 0x9a, 0xa7, 0x0d, 0x5d, 0x9a, 0xec, 0x0e, 0x5e, 0x9a,
  0xff, 0x0f, 0x66, 0xa7, 0xff, 0x0f, 0x66, 0xa7, 0x98, 0x0d, 0x5d, 0x98, 0x01, 0x00, 0x00, 0x00,
  0x02, 0x00, 0x7f, 0x7f, 0x00, 0x00, 0x00, 0x00, 0x00, 0x00, 0x00, 0x00, 0x00, 0x00, 0x00, 0x00,
  0x04, 0x00, 0x3f, 0x7f, 0x00, 0x00, 0x00, 0x00, 0x41, 0x0f, 0x5e, 0x99, 0xdd, 0x0f, 0x60, 0x9f,
  0xff, 0x0f, 0x65, 0xa6, 0xff, 0x0e, 0x60, 0x9e, 0xfe, 0x0e, 0x5d, 0x99, 0xfc, 0x0e, 0x5e, 0x99,
  0xfb, 0x0e, 0x5e, 0x9a, 0xfd, 0x0e, 0x5d, 0x9a, 0xff, 0x0e, 0x60, 0x9d, 0xff, 0x0f, 0x64, 0xa4,
  0xff, 0x0e, 0x60, 0x9e, 0xff, 0x0e, 0x5e, 0x99, 0xff, 0x0e, 0x5e, 0x9a, 0xfb, 0x0e, 0x5d, 0x9a,
  0xff, 0x0f, 0x65, 0xa5, 0x88, 0x0f, 0x5d, 0x99, 0x00, 0x00, 0x00, 0x00, 0x04, 0x00, 0x7f, 0xbf,
  0x00, 0x00, 0x00, 0x00, 0x00, 0x00, 0x00, 0x00, 0x00, 0x00, 0x00, 0x00, 0x03, 0x00, 0x55, 0xaa,
  0x00, 0x00, 0x00, 0x00, 0x64, 0x0f, 0x5e, 0x9b, 0xef, 0x0e, 0x61, 0x9e, 0xff, 0x0f, 0x65, 0xa5,
  0xff, 0x0e, 0x60, 0x9d, 0xfe, 0x0e, 0x5e, 0x99, 0xfc, 0x0e, 0x5e, 0x99, 0xfc, 0x0e, 0x5e, 0x99,
  0xff, 0x0e, 0x5e, 0x9a, 0xff, 0x0e, 0x61, 0x9f, 0xff, 0x0f, 0x64, 0xa4, 0xff, 0x0e, 0x5f, 0x9c,
  0xff, 0x0e, 0x5e, 0x9a, 0xff, 0x0e, 0x5e, 0x9a, 0xfc, 0x0e, 0x5e, 0x99, 0xff, 0x0f, 0x63, 0xa2,
  0x4f, 0x0c, 0x5d, 0x9a, 0x00, 0x00, 0x00, 0x00, 0x04, 0x00, 0x7f, 0xbf, 0x00, 0x00, 0x00, 0x00,
  0x07, 0x00, 0x6d, 0x91, 0xe1, 0x0d, 0x5e, 0x9a, 0xff, 0x0e, 0x61, 0x9e, 0xfd, 0x0e, 0x5d, 0x9a,
  0xfc, 0x0e, 0x5e, 0x99, 0xff, 0x0f, 0x64, 0xa4, 0x58, 0x0e, 0x5f, 0x99, 0x00, 0x00, 0x00, 0x00,
  0x04, 0x00, 0x3f, 0x7f, 0x00, 0x00, 0x00, 0x00, 0x04, 0x00, 0x3f, 0x7f, 0x00, 0x00, 0x00, 0x00,
  0x54, 0x0f, 0x5e, 0x9a, 0xee, 0x0f, 0x61, 0x9e, 0xff, 0x0f, 0x65, 0xa5, 0xff, 0x0e, 0x5f, 0x9b,
  0xfc, 0x0e, 0x5e, 0x99, 0xfb, 0x0e, 0x5d, 0x99, 0xfb, 0x0e, 0x5d, 0x9a, 0xfb, 0x0e, 0x5d, 0x99,
  0xfc, 0x0e, 0x5e, 0x99, 0xff, 0x0f, 0x63, 0xa1, 0xf8, 0x0e, 0x61, 0x9f, 0x3d, 0x0c, 0x5b, 0x9a,
  0x00, 0x00, 0x00, 0x00, 0x03, 0x00, 0x55, 0x55, 0x00, 0x00, 0x00, 0x00, 0x00, 0x00, 0x00, 0x00,
  0x00, 0x00, 0x00, 0x00, 0x00, 0x00, 0x00, 0x00, 0x02, 0x00, 0x7f, 0x7f, 0x00, 0x00, 0x00, 0x00,
  0xbf, 0x2e, 0xa2, 0x54, 0xff, 0x31, 0xac, 0x58, 0xfc, 0x2e, 0xa2, 0x53, 0xfd, 0x2f, 0xa3, 0x53,
  0xff, 0x31, 0xaa, 0x57, 0x41, 0x2f, 0xa4, 0x52, 0x00, 0x00, 0x00, 0x00, 0x03, 0x55, 0xaa, 0x55,
  0x00, 0x00, 0x00, 0x00, 0x00, 0x00, 0x00, 0x00, 0x00, 0x00, 0x00, 0x00, 0x00, 0x00, 0x00, 0x00,
  0x00, 0x00, 0x00, 0x00, 0x00, 0x00, 0x00, 0x00, 0x00, 0x00, 0x00, 0x00, 0x01, 0x00, 0xff, 0x00,
  0x03, 0x55, 0xaa, 0x55, 0x04, 0x3f, 0xbf, 0x3f, 0xd3, 0x2f, 0xa4, 0x54, 0xfe, 0x31, 0xa9, 0x57,
  0xfc, 0x2f, 0xa2, 0x53, 0xfc, 0x2f, 0xa2, 0x53, 0xfe, 0x31, 0xaa, 0x58, 0xce, 0x2f, 0xa2, 0x54,
  0x03, 0x55, 0xaa, 0x55, 0x00, 0x00, 0x00, 0x00, 0x8c, 0x2f, 0xa2, 0x53, 0xff, 0x33, 0xb2, 0x5c,
  0xf9, 0x2f, 0xa2, 0x53, 0xfc, 0x2f, 0xa2, 0x53, 0xfe, 0x2f, 0xa3, 0x54, 0xfd, 0x2f, 0xa3, 0x53,
  0xfe, 0x2f, 0xa4, 0x54, 0xf7, 0x30, 0xa6, 0x55, 0x7d, 0x2e, 0xa3, 0x53, 0x54, 0x30, 0xa3, 0x55,
  0xe1, 0x2f, 0xa4, 0x53, 0xff, 0x30, 0xa7, 0x56, 0xfd, 0x2f, 0xa3, 0x53, 0xfd, 0x2f, 0xa3, 0x53,
  0xfc, 0x2f, 0xa2, 0x53, 0xf9, 0x2f, 0xa1, 0x53, 0xff, 0x32, 0xaf, 0x5a, 0xc4, 0x2e, 0xa3, 0x54,
  0x05, 0x33, 0x99, 0x66, 0x03, 0x55, 0xaa, 0x55, 0x03, 0x00, 0xaa, 0x55, 0x01, 0x00, 0x00, 0x00,
  0x23, 0x33, 0xa0, 0x57, 0xea, 0x2f, 0xa6, 0x56, 0xff, 0x33, 0xb1, 0x5b, 0xff, 0x33, 0xaf, 0x5a,
  0xf9, 0x30, 0xa7, 0x56, 0x31, 0x2e, 0xa1, 0x53, 0x01, 0x00, 0x00, 0x00, 0x00, 0x00, 0x00, 0x00,
  0x0d, 0x27, 0x9c, 0x4e, 0xec, 0x2e, 0xa3, 0x54, 0xfb, 0x2f, 0xa6, 0x55, 0xfa, 0x2e, 0xa3, 0x53,
  0xfd, 0x2f, 0xa3, 0x53, 0xff, 0x2f, 0xa3, 0x54, 0xfd, 0x2f, 0xa3, 0x53, 0xff, 0x2f, 0xa3, 0x54,
  0xfd, 0x2e, 0xa2, 0x53, 0xff, 0x31, 0xa9, 0x57, 0xff, 0x32, 0xae, 0x5a, 0xff, 0x30, 0xa8, 0x56,
  0xfe, 0x2f, 0xa1, 0x53, 0xff, 0x2f, 0xa3, 0x54, 0xfc, 0x2e, 0xa1, 0x53, 0xfe, 0x31, 0xab, 0x58,
  0xcb, 0x2e, 0xa3, 0x54, 0x03, 0x55, 0xaa, 0x55, 0x00, 0x00, 0x00, 0x00, 0xab, 0x2f, 0xa4, 0x55,
  0xff, 0x34, 0xb3, 0x5c, 0xfb, 0x2e, 0xa2, 0x53, 0xfb, 0x2e, 0xa2, 0x54, 0xfc, 0x2e, 0xa2, 0x53,
  0xff, 0x2f, 0xa3, 0x54, 0xff, 0x2f, 0xa3, 0x54, 0xff, 0x2f, 0xa3, 0x54, 0xff, 0x2f, 0xa3, 0x54,
  0xfe, 0x2f, 0xa2, 0x54, 0xfc, 0x2e, 0xa2, 0x53, 0xfd, 0x2f, 0xa3, 0x53, 0xfd, 0x2f, 0xa3, 0x53,
  0xfd, 0x2f, 0xa3, 0x53, 0xf6, 0x2e, 0xa2, 0x53, 0xfd, 0x32, 0xaf, 0x5a, 0x68, 0x2e, 0xa1, 0x53,
  0x00, 0x00, 0x00, 0x00, 0x04, 0x3f, 0xbf, 0x3f, 0x00, 0x00, 0x00, 0x00, 0x00, 0x00, 0x00, 0x00,
  0x00, 0x00, 0x00, 0x00, 0x00, 0x00, 0x00, 0x00, 0x03, 0x00, 0x55, 0x55, 0x00, 0x00, 0x00, 0x00,
  0x2d, 0x11, 0x60, 0x99, 0xfb, 0x0e, 0x5f, 0x9c, 0xff, 0x0f, 0x61, 0xa0, 0xd9, 0x0e, 0x60, 0x9d,
  0x2c, 0x0b, 0x5c, 0x96, 0x00, 0x00, 0x00, 0x00, 0x00, 0x00, 0x00, 0x00, 0x00, 0x00, 0x00, 0x00,
  0x01, 0x00, 0xff, 0xff, 0x4e, 0x0d, 0x5e, 0x9c, 0xca, 0x0d, 0x5f, 0x9d, 0xff, 0x0f, 0x63, 0xa3,
  0xff, 0x0f, 0x64, 0xa3, 0xf4, 0x0e, 0x60, 0x9d, 0x70, 0x0d, 0x5f, 0x9a, 0x00, 0x00, 0x00, 0x00,
  0x01, 0x00, 0x00, 0xff, 0x01, 0x00, 0x00, 0x00, 0x00, 0x00, 0x00, 0x00, 0x00, 0x00, 0x00, 0x00,
  0x02, 0x00, 0x7f, 0x7f, 0x00, 0x00, 0x00, 0x00, 0x00, 0x00, 0x00, 0x00, 0x00, 0x00, 0x00, 0x00,
  0x00, 0x00, 0x00, 0x00, 0x05, 0x00, 0x66, 0x99, 0x02, 0x00, 0x7f, 0x7f, 0x12, 0x0e, 0x63, 0x9b,
  0xee, 0x0d, 0x5e, 0x9a, 0xff, 0x0e, 0x60, 0x9d, 0xfe, 0x0e, 0x5e, 0x99, 0xfc, 0x0e, 0x5e, 0x99,
  0xff, 0x0f, 0x62, 0xa1, 0xc8, 0x0e, 0x5e, 0x9a, 0x00, 0x00, 0x00, 0x00, 0x01, 0x00, 0x00, 0xff,
  0x00, 0x00, 0x00, 0x00, 0x00, 0x00, 0x00, 0x00, 0x00, 0x00, 0x00, 0x00, 0x00, 0x00, 0x00, 0x00,
  0x00, 0x00, 0x00, 0x00, 0x00, 0x00, 0x00, 0x00, 0x00, 0x00, 0x00, 0x00, 0x00, 0x00, 0x00, 0x00,
  0x00, 0x00, 0x00, 0x00, 0x00, 0x00, 0x00, 0x00, 0x03, 0x00, 0x55, 0xaa, 0x01, 0x00, 0x00, 0xff,
  0x00, 0x00, 0x00, 0x00, 0xb3, 0x0e, 0x5f, 0x9b, 0xff, 0x0f, 0x64, 0xa3, 0xfc, 0x0e, 0x5e, 0x99,
  0xff, 0x0e, 0x5e, 0x9a, 0xfe, 0x0e, 0x5e, 0x9a, 0xfd, 0x0e, 0x5e, 0x9c, 0xf7, 0x0e, 0x60, 0x9c,
  0x20, 0x0f, 0x5f, 0x9f, 0x02, 0x00, 0x7f, 0x7f, 0x00, 0x00, 0x00, 0x00, 0x49, 0x0d, 0x5a, 0x96,
  0xea, 0x0e, 0x60, 0x9f, 0xff, 0x0f, 0x65, 0xa5, 0xfe, 0x0e, 0x5e, 0x99, 0xfb, 0x0e, 0x5d, 0x99,
  0xfd, 0x0e, 0x5d, 0x9a, 0xfe, 0x0e, 0x5d, 0x99, 0xfe, 0x0e, 0x5e, 0x99, 0xfd, 0x0e, 0x5d, 0x9a,
  0xfc, 0x0e, 0x5e, 0x99, 0xff, 0x0e, 0x61, 0x9e, 0xff, 0x0f, 0x64, 0xa4, 0xff, 0x0e, 0x60, 0x9d,
  0xfa, 0x0e, 0x5d, 0x9a, 0xfd, 0x0e, 0x5e, 0x9b, 0xff, 0x0e, 0x60, 0x9d, 0x24, 0x0e, 0x5c, 0x9b,
  0x00, 0x00, 0x00, 0x00, 0x02, 0x00, 0x7f, 0x7f, 0x00, 0x00, 0x00, 0x00, 0x03, 0x00, 0x55, 0xaa,
  0x00, 0x00, 0x00, 0x00, 0x54, 0x0f, 0x5e, 0x97, 0xfc, 0x0e, 0x61, 0x9f, 0xff, 0x0f, 0x61, 0x9f,
  0xfa, 0x0e, 0x5d, 0x9a, 0xfd, 0x0e, 0x5d, 0x9a, 0xff, 0x0e, 0x5e, 0x9a, 0xfd, 0x0e, 0x5d, 0x9a,
  0xfd, 0x0e, 0x5d, 0x9a, 0xfe, 0x0e, 0x5e, 0x99, 0xfe, 0x0e, 0x5e, 0x99, 0xfb, 0x0e, 0x5e, 0x9a,
  0xfe, 0x0e, 0x5d, 0x99, 0xff, 0x0e, 0x5e, 0x9a, 0xff, 0x0e, 0x5e, 0x9a, 0xfc, 0x0e, 0x5e, 0x99,
  0xff, 0x0f, 0x64, 0xa3, 0x55, 0x0f, 0x5d, 0x99, 0x00, 0x00, 0x00, 0x00, 0x04, 0x00, 0x3f, 0x7f,
  0x00, 0x00, 0x00, 0x00, 0x00, 0x00, 0x00, 0x00, 0x04, 0x00, 0x3f, 0x7f, 0x00, 0x00, 0x00, 0x00,
  0x85, 0x0d, 0x5d, 0x99, 0xff, 0x0f, 0x65, 0xa5, 0xff, 0x0e, 0x5f, 0x9c, 0xfb, 0x0e, 0x5d, 0x99,
  0xfe, 0x0e, 0x5e, 0x99, 0xfe, 0x0e, 0x5e, 0x9a, 0xfd, 0x0e, 0x5d, 0x9a, 0xfd, 0x0e, 0x5d, 0x9a,
  0xfe, 0x0e, 0x5e, 0x9a, 0xfd, 0x0e, 0x5d, 0x9a, 0xfb, 0x0e, 0x5e, 0x9a, 0xfe, 0x0e, 0x5e, 0x9a,
  0xff, 0x0e, 0x5e, 0x9a, 0xff, 0x0e, 0x5e, 0x9a, 0xff, 0x0e, 0x5e, 0x9a, 0xfd, 0x0e, 0x5e, 0x9c,
  0x2b, 0x0b, 0x5e, 0x9a, 0x00, 0x00, 0x00, 0x00, 0x04, 0x00, 0x7f, 0x7f, 0x00, 0x00, 0x00, 0x00,
  0x25, 0x0d, 0x59, 0x97, 0xfc, 0x0e, 0x5e, 0x9a, 0xff, 0x0e, 0x5e, 0x9b, 0xfe, 0x0e, 0x5e, 0x99,
  0xfe, 0x0e, 0x5e, 0x9a, 0xfe, 0x0e, 0x5f, 0x9b, 0x2d, 0x0b, 0x60, 0x99, 0x00, 0x00, 0x00, 0x00,
  0x02, 0x00, 0x7f, 0x7f, 0x03, 0x00, 0x55, 0xaa, 0x00, 0x00, 0x00, 0x00, 0x61, 0x0d, 0x5c, 0x98,
  0xff, 0x0f, 0x63, 0xa2, 0xff, 0x0e, 0x60, 0x9d, 0xfb, 0x0e, 0x5d, 0x99, 0xfe, 0x0e, 0x5e, 0x9a,
  0xfd, 0x0e, 0x5d, 0x9a, 0xfb, 0x0e, 0x5d, 0x9a, 0xfb, 0x0e, 0x5d, 0x9a, 0xfd, 0x0e, 0x5d, 0x9a,
  0xff, 0x0e, 0x5e, 0x9a, 0xfa, 0x0e, 0x5d, 0x9a, 0xff, 0x0f, 0x62, 0xa1, 0xde, 0x0d, 0x5e, 0x99,
  0x0b, 0x17, 0x5c, 0xa2, 0x01, 0x00, 0x00, 0xff, 0x01, 0x00, 0x00, 0x00, 0x00, 0x00, 0x00, 0x00,
  0x00, 0x00, 0x00, 0x00, 0x00, 0x00, 0x00, 0x00, 0x02, 0x00, 0x7f, 0x7f, 0x00, 0x00, 0x00, 0x00,
  0xbd, 0x2f, 0xa3, 0x53, 0xff, 0x32, 0xac, 0x58, 0xfc, 0x2e, 0xa2, 0x53, 0xfd, 0x2f, 0xa3, 0x53,
  0xff, 0x31, 0xa9, 0x57, 0x3f, 0x30, 0xa1, 0x55, 0x00, 0x00, 0x00, 0x00, 0x03, 0x55, 0xaa, 0x55,
  0x00, 0x00, 0x00, 0x00, 0x00, 0x00, 0x00, 0x00, 0x00, 0x00, 0x00, 0x00, 0x00, 0x00, 0x00, 0x00,
  0x00, 0x00, 0x00, 0x00, 0x00, 0x00, 0x00, 0x00, 0x01, 0x00, 0xff, 0x00, 0x04, 0x3f, 0xbf, 0x3f,
  0x00, 0x00, 0x00, 0x00, 0x91, 0x2f, 0xa1, 0x54, 0xff, 0x32, 0xae, 0x5a, 0xfc, 0x2e, 0xa1, 0x53,
  0xff, 0x2f, 0xa3, 0x54, 0xfb, 0x2e, 0xa2, 0x54, 0xff, 0x32, 0xaf, 0x5a, 0x6e, 0x2e, 0xa4, 0x55,
  0x00, 0x00, 0x00, 0x00, 0x45, 0x30, 0xa2, 0x55, 0xff, 0x31, 0xab, 0x58, 0xfa, 0x2e, 0xa4, 0x54,
  0xff, 0x2f, 0xa3, 0x54, 0xff, 0x31, 0xa9, 0x57, 0xff, 0x30, 0xa6, 0x56, 0xff, 0x30, 0xa8, 0x57,
  0xff, 0x2f, 0xa2, 0x53, 0xff, 0x2f, 0xa4, 0x55, 0xff, 0x32, 0xad, 0x59, 0xff, 0x32, 0xac, 0x59,
  0xff, 0x30, 0xa7, 0x56, 0xff, 0x2f, 0xa2, 0x53, 0xff, 0x30, 0xa5, 0x55, 0xff, 0x31, 0xa8, 0x57,
  0xff, 0x31, 0xab, 0x58, 0xff, 0x30, 0xa7, 0x56, 0xfa, 0x2d, 0xa1, 0x53, 0xff, 0x33, 0xb1, 0x5b,
  0x80, 0x2d, 0xa1, 0x53, 0x00, 0x00, 0x00, 0x00, 0x08, 0x1f, 0x9f, 0x5f, 0x00, 0x00, 0x00, 0x00,
  0x6c, 0x2f, 0xa2, 0x52, 0xff, 0x33, 0xb1, 0x5b, 0xf7, 0x2e, 0xa2, 0x53, 0xf7, 0x2e, 0xa2, 0x53,
  0xff, 0x32, 0xaf, 0x5b, 0x68, 0x2e, 0xa4, 0x53, 0x00, 0x00, 0x00, 0x00, 0x00, 0x00, 0x00, 0x00,
  0x28, 0x2c, 0x9f, 0x52, 0xfc, 0x2f, 0xa3, 0x55, 0xff, 0x2f, 0xa3, 0x54, 0xff, 0x2f, 0xa3, 0x54,
  0xff, 0x2f, 0xa3, 0x54, 0xff, 0x2f, 0xa3, 0x54, 0xff, 0x2f, 0xa2, 0x54, 0xff, 0x2f, 0xa4, 0x54,
  0xff, 0x32, 0xac, 0x59, 0xd3, 0x2f, 0xa3, 0x54, 0xa2, 0x2f, 0xa2, 0x53, 0xdb, 0x2e, 0xa3, 0x53,
  0xff, 0x31, 0xaa, 0x58, 0xfe, 0x2f, 0xa2, 0x53, 0xff, 0x2f, 0xa3, 0x54, 0xfe, 0x2f, 0xa2, 0x54,
  0xfe, 0x30, 0xa5, 0x55, 0x2d, 0x2d, 0xa4, 0x55, 0x00, 0x00, 0x00, 0x00, 0x1a, 0x31, 0xa6, 0x58,
  0xbe, 0x30, 0xa6, 0x55, 0xff, 0x31, 0xab, 0x58, 0xff, 0x32, 0xae, 0x5a, 0xff, 0x31, 0xac, 0x58,
  0xff, 0x2f, 0xa3, 0x54, 0xff, 0x2f, 0xa3, 0x54, 0xff, 0x2f, 0xa3, 0x54, 0xff, 0x2f, 0xa3, 0x54,
  0xff, 0x30, 0xa5, 0x55, 0xff, 0x31, 0xab, 0x58, 0xff, 0x31, 0xa9, 0x57, 0xff, 0x31, 0xa9, 0x57,
  0xff, 0x31, 0xa9, 0x57, 0xff, 0x32, 0xaf, 0x5a, 0xfb, 0x2f, 0xa6, 0x55, 0x2a, 0x30, 0xa3, 0x55,
  0x00, 0x00, 0x00, 0x00, 0x02, 0x00, 0x7f, 0x7f, 0x00, 0x00, 0x00, 0x00, 0x00, 0x00, 0x00, 0x00,
  0x00, 0x00, 0x00, 0x00, 0x00, 0x00, 0x00, 0x00, 0x03, 0x00, 0x55, 0xaa, 0x00, 0x00, 0x00, 0x00,
  0xbf, 0x0d, 0x5d, 0x99, 0xff, 0x0f, 0x65, 0xa5, 0xe7, 0x0e, 0x60, 0x9c, 0x20, 0x0f, 0x57, 0x97,
  0x00, 0x00, 0x00, 0x00, 0x05, 0x00, 0x66, 0x99, 0x04, 0x00, 0x3f, 0x7f, 0x04, 0x00, 0x3f, 0x7f,
  0x00, 0x00, 0x00, 0x00, 0x00, 0x00, 0x00, 0x00, 0x04, 0x00, 0x3f, 0x7f, 0x7b, 0x0e, 0x5f, 0x9d,
  0xf7, 0x0e, 0x61, 0x9d, 0xff, 0x0f, 0x62, 0xa0, 0xff, 0x0f, 0x64, 0xa3, 0x9e, 0x0e, 0x5f, 0x9a,
  0x02, 0x00, 0x7f, 0x7f, 0x02, 0x00, 0x7f, 0x7f, 0x01, 0x00, 0x00, 0x00, 0x00, 0x00, 0x00, 0x00,
  0x00, 0x00, 0x00, 0x00, 0x12, 0x0e, 0x55, 0x8d, 0x53, 0x0f, 0x62, 0x9f, 0x4a, 0x0d, 0x60, 0x9e,
  0x13, 0x0d, 0x5d, 0x93, 0x00, 0x00, 0x00, 0x00, 0x00, 0x00, 0x00, 0x00, 0x27, 0x0d, 0x5b, 0x96,
  0xfc, 0x0e, 0x5e, 0x99, 0xff, 0x0e, 0x5e, 0x9b, 0xfe, 0x0e, 0x5e, 0x9a, 0xfc, 0x0e, 0x5e, 0x99,
  0xff, 0x0f, 0x63, 0xa3, 0xb8, 0x0d, 0x5e, 0x99, 0x00, 0x00, 0x00, 0x00, 0x03, 0x00, 0x55, 0xaa,
  0x00, 0x00, 0x00, 0x00, 0x00, 0x00, 0x00, 0x00, 0x00, 0x00, 0x00, 0x00, 0x00, 0x00, 0x00, 0x00,
  0x00, 0x00, 0x00, 0x00, 0x00, 0x00, 0x00, 0x00, 0x00, 0x00, 0x00, 0x00, 0x00, 0x00, 0x00, 0x00,
  0x02, 0x00, 0x7f, 0x7f, 0x04, 0x00, 0x7f, 0xbf, 0x00, 0x00, 0x00, 0x00, 0x05, 0x00, 0x33, 0x66,
  0xa6, 0x0d, 0x5f, 0x9c, 0xff, 0x0f, 0x64, 0xa4, 0xfc, 0x0e, 0x5e, 0x98, 0xff, 0x0e, 0x5e, 0x9a,
  0xff, 0x0e, 0x5e, 0x9a, 0xfb, 0x0e, 0x5d, 0x99, 0xff, 0x0f, 0x65, 0xa6, 0x8f, 0x0e, 0x5c, 0x99,
  0x00, 0x00, 0x00, 0x00, 0x00, 0x00, 0x00, 0x00, 0x4f, 0x0c, 0x5d, 0x97, 0xfd, 0x0e, 0x61, 0x9f,
  0xff, 0x0e, 0x60, 0x9e, 0xfb, 0x0e, 0x5d, 0x99, 0xff, 0x0e, 0x5e, 0x9a, 0xfe, 0x0e, 0x5e, 0x9a,
  0xfb, 0x0e, 0x5e, 0x9a, 0xfc, 0x0e, 0x5e, 0x99, 0xfb, 0x0e, 0x5e, 0x9a, 0xfc, 0x0e, 0x5e, 0x99,
  0xff, 0x0e, 0x5e, 0x9a, 0xfd, 0x0e, 0x5d, 0x9a, 0xfb, 0x0e, 0x5e, 0x9a, 0xfe, 0x0e, 0x5e, 0x99,
  0xff, 0x0e, 0x5e, 0x9a, 0xff, 0x0e, 0x5e, 0x9a, 0xfe, 0x0e, 0x5e, 0x9b, 0x2f, 0x10, 0x5c, 0x97,
  0x00, 0x00, 0x00, 0x00, 0x02, 0x00, 0x7f, 0x7f, 0x03, 0x00, 0x55, 0xaa, 0x00, 0x00, 0x00, 0x00,
  0x41, 0x0f, 0x5e, 0x99, 0xfc, 0x0e, 0x61, 0x9f, 0xfe, 0x0e, 0x5f, 0x9c, 0xfc, 0x0e, 0x5e, 0x99,
  0xff, 0x0e, 0x5e, 0x9a, 0xfe, 0x0e, 0x5e, 0x99, 0xfc, 0x0e, 0x5e, 0x99, 0xff, 0x0e, 0x61, 0x9e,
  0xff, 0x0f, 0x62, 0xa0, 0xff, 0x0e, 0x5f, 0x9b, 0xfd, 0x0e, 0x5d, 0x99, 0xff, 0x0e, 0x5e, 0x9a,
  0xff, 0x0e, 0x5e, 0x9a, 0xff, 0x0e, 0x5e, 0x9a, 0xff, 0x0e, 0x5e, 0x9a, 0xff, 0x0e, 0x5e, 0x9a,
  0xfd, 0x0e, 0x5e, 0x9b, 0x28, 0x0c, 0x5f, 0x99, 0x00, 0x00, 0x00, 0x00, 0x02, 0x00, 0x7f, 0x7f,
  0x00, 0x00, 0x00, 0x00, 0x03, 0x00, 0x55, 0xaa, 0x00, 0x00, 0x00, 0x00, 0x77, 0x0f, 0x5c, 0x98,
  0xff, 0x0f, 0x66, 0xa7, 0xfb, 0x0e, 0x5e, 0x9a, 0xfe, 0x0e, 0x5d, 0x99, 0xff, 0x0e, 0x5e, 0x9a,
  0xfd, 0x0e, 0x5d, 0x9a, 0xfe, 0x0e, 0x5e, 0x99, 0xff, 0x0f, 0x62, 0xa0, 0xff, 0x0e, 0x61, 0x9f,
  0xfe, 0x0e, 0x5d, 0x99, 0xfe, 0x0e, 0x5d, 0x99, 0xff, 0x0e, 0x5e, 0x9a, 0xff, 0x0e, 0x5e, 0x9a,
  0xff, 0x0e, 0x5e, 0x9a, 0xfd, 0x0e, 0x5d, 0x9a, 0xff, 0x0e, 0x60, 0x9e, 0xe6, 0x0e, 0x5d, 0x99,
  0x0a, 0x00, 0x66, 0x99, 0x00, 0x00, 0x00, 0x00, 0x04, 0x00, 0x7f, 0xbf, 0x00, 0x00, 0x00, 0x00,
  0x4c, 0x0d, 0x5d, 0x9a, 0xff, 0x0f, 0x63, 0xa2, 0xfc, 0x0e, 0x5e, 0x99, 0xfe, 0x0e, 0x5d, 0x99,
  0xff, 0x0e, 0x60, 0x9d, 0xe9, 0x0e, 0x5e, 0x99, 0x0c, 0x15, 0x55, 0x94, 0x00, 0x00, 0x00, 0x00,
  0x04, 0x00, 0x3f, 0x7f, 0x00, 0x00, 0x00, 0x00, 0x41, 0x0f, 0x5e, 0x99, 0xff, 0x0f, 0x61, 0xa0,
  0xfc, 0x0e, 0x5f, 0x9c, 0xfd, 0x0e, 0x5d, 0x99, 0xff, 0x0e, 0x5e, 0x9a, 0xfc, 0x0e, 0x5e, 0x99,
  0xff, 0x0e, 0x60, 0x9e, 0xff, 0x0f, 0x65, 0xa5, 0xff, 0x0f, 0x65, 0xa5, 0xff, 0x0e, 0x61, 0x9e,
  0xff, 0x0e, 0x5e, 0x99, 0xff, 0x0e, 0x5e, 0x9a, 0xfb, 0x0e, 0x5d, 0x99, 0xff, 0x0f, 0x65, 0xa5,
  0x5e, 0x0d, 0x5e, 0x9a, 0x00, 0x00, 0x00, 0x00, 0x04, 0x00, 0x3f, 0x7f, 0x00, 0x00, 0x00, 0x00,
  0x00, 0x00, 0x00, 0x00, 0x00, 0x00, 0x00, 0x00, 0x03, 0x00, 0xaa, 0x55, 0x00, 0x00, 0x00, 0x00,
  0xb6, 0x2f, 0xa3, 0x54, 0xff, 0x32, 0xac, 0x59, 0xfc, 0x2e, 0xa2, 0x53, 0xfd, 0x2f, 0xa2, 0x53,
  0xff, 0x31, 0xaa, 0x58, 0x45, 0x30, 0xa2, 0x51, 0x00, 0x00, 0x00, 0x00, 0x03, 0x55, 0xaa, 0x55,
  0x00, 0x00, 0x00, 0x00, 0x00, 0x00, 0x00, 0x00, 0x00, 0x00, 0x00, 0x00, 0x00, 0x00, 0x00, 0x00,
  0x00, 0x00, 0x00, 0x00, 0x03, 0x55, 0xaa, 0x55, 0x01, 0x00, 0xff, 0x00, 0x00, 0x00, 0x00, 0x00,
  0x7a, 0x2d, 0xa5, 0x53, 0xff, 0x32, 0xad, 0x59, 0xfb, 0x2e, 0xa3, 0x54, 0xff, 0x2f, 0xa3, 0x54,
  0xfd, 0x2f, 0xa3, 0x53, 0xfe, 0x30, 0xa7, 0x56, 0xe4, 0x2e, 0xa3, 0x53, 0x0e, 0x36, 0xa3, 0x5b,
  0x03, 0x00, 0xaa, 0x55, 0xcc, 0x2e, 0xa2, 0x53, 0xff, 0x31, 0xab, 0x58, 0xfa, 0x2e, 0xa3, 0x53,
  0xff, 0x31, 0xaa, 0x57, 0x8e, 0x2e, 0xa3, 0x54, 0x39, 0x2c, 0xa1, 0x55, 0xcf, 0x2e, 0xa3, 0x55,
  0xff, 0x31, 0xa9, 0x57, 0xfd, 0x2e, 0xa2, 0x53, 0xfc, 0x2e, 0xa2, 0x53, 0xfc, 0x2e, 0xa2, 0x53,
  0xfd, 0x2f, 0xa3, 0x53, 0xfe, 0x2f, 0xa4, 0x55, 0xf4, 0x30, 0xa6, 0x55, 0x51, 0x2f, 0xa3, 0x55,
  0x56, 0x2f, 0xa3, 0x55, 0xe7, 0x2f, 0xa5, 0x55, 0xfd, 0x30, 0xa6, 0x55, 0xfc, 0x2f, 0xa4, 0x55,
  0xf5, 0x2f, 0xa5, 0x55, 0x1c, 0x2d, 0xa3, 0x51, 0x01, 0x00, 0xff, 0x00, 0x00, 0x00, 0x00, 0x00,
  0x89, 0x2e, 0xa3, 0x53, 0xfe, 0x32, 0xae, 0x5a, 0xfb, 0x2e, 0xa2, 0x54, 0xfb, 0x2e, 0xa2, 0x54,
  0xfe, 0x32, 0xae, 0x5a, 0x6f, 0x2d, 0xa3, 0x52, 0x00, 0x00, 0x00, 0x00, 0x00, 0x00, 0x00, 0x00,
  0x42, 0x2e, 0xa2, 0x55, 0xff, 0x31, 0xaa, 0x57, 0xfd, 0x2f, 0xa3, 0x53, 0xff, 0x2f, 0xa3, 0x54,
  0xff, 0x2f, 0xa3, 0x54, 0xfe, 0x2f, 0xa2, 0x54, 0xfd, 0x2f, 0xa5, 0x55, 0xfd, 0x30, 0xa7, 0x56,
  0x6e, 0x30, 0xa6, 0x55, 0x03, 0x55, 0xaa, 0x55, 0x00, 0x00, 0x00, 0x00, 0x0f, 0x33, 0xaa, 0x55,
  0xce, 0x30, 0xa4, 0x55, 0xfe, 0x31, 0xa9, 0x57, 0xfd, 0x2f, 0xa2, 0x53, 0xfb, 0x2e, 0xa3, 0x54,
  0xff, 0x32, 0xae, 0x5a, 0x61, 0x2f, 0xa2, 0x54, 0x00, 0x00, 0x00, 0x00, 0x00, 0x00, 0x00, 0x00,
  0x00, 0x00, 0x00, 0x00, 0x3e, 0x31, 0xa8, 0x56, 0x62, 0x31, 0xa9, 0x55, 0x94, 0x2e, 0xa3, 0x54,
  0xff, 0x30, 0xa7, 0x56, 0xfe, 0x2f, 0xa2, 0x53, 0xfe, 0x2f, 0xa2, 0x54, 0xff, 0x30, 0xa5, 0x55,
  0xee, 0x2f, 0xa2, 0x53, 0xc3, 0x2f, 0xa3, 0x53, 0xd3, 0x2f, 0xa3, 0x54, 0xd7, 0x2f, 0xa3, 0x54,
  0xcd, 0x2f, 0xa5, 0x55, 0xa5, 0x31, 0xa8, 0x56, 0x3d, 0x2d, 0x9e, 0x53, 0x00, 0x00, 0x00, 0x00,
  0x01, 0x00, 0xff, 0x00, 0x00, 0x00, 0x00, 0x00, 0x00, 0x00, 0x00, 0x00, 0x00, 0x00, 0x00, 0x00,
  0x00, 0x00, 0x00, 0x00, 0x03, 0x00, 0x55, 0xaa, 0x00, 0x00, 0x00, 0x00, 0x63, 0x0c, 0x5c, 0x9a,
  0xff, 0x0f, 0x64, 0xa3, 0xff, 0x0e, 0x61, 0x9f, 0x4c, 0x0d, 0x5d, 0x96, 0x00, 0x00, 0x00, 0x00,
  0x05, 0x00, 0x66, 0x99, 0x00, 0x00, 0x00, 0x00, 0x00, 0x00, 0x00, 0x00, 0x00, 0x00, 0x00, 0x00,
  0x00, 0x00, 0x00, 0x00, 0x03, 0x00, 0x55, 0xaa, 0x01, 0x00, 0x00, 0x00, 0x00, 0x00, 0x00, 0x00,
  0x3b, 0x0c, 0x5f, 0x97, 0xda, 0x0e, 0x61, 0x9d, 0xff, 0x0f, 0x62, 0xa1, 0xff, 0x0f, 0x65, 0xa6,
  0x9f, 0x0e, 0x5d, 0x98, 0x00, 0x00, 0x00, 0x00, 0x03, 0x00, 0x55, 0x55, 0x00, 0x00, 0x00, 0x00,
  0x37, 0x0d, 0x5c, 0x99, 0xe1, 0x0e, 0x60, 0x9e, 0xff, 0x0f, 0x65, 0xa5, 0xff, 0x0f, 0x63, 0xa2,
  0xe9, 0x0e, 0x60, 0x9d, 0x90, 0x0e, 0x61, 0x9f, 0x1d, 0x11, 0x60, 0x9e, 0x2a, 0x0c, 0x61, 0x9d,
  0xff, 0x0e, 0x61, 0x9f, 0xfe, 0x0e, 0x5e, 0x99, 0xff, 0x0e, 0x5e, 0x9a, 0xfb, 0x0e, 0x5e, 0x9a,
  0xff, 0x0f, 0x64, 0xa4, 0xac, 0x0d, 0x5d, 0x9a, 0x01, 0x00, 0x00, 0x00, 0x03, 0x00, 0x55, 0xaa,
  0x00, 0x00, 0x00, 0x00, 0x00, 0x00, 0x00, 0x00, 0x00, 0x00, 0x00, 0x00, 0x00, 0x00, 0x00, 0x00,
  0x01, 0x00, 0x00, 0xff, 0x02, 0x00, 0x7f, 0x7f, 0x04, 0x00, 0x3f, 0x7f, 0x02, 0x00, 0x7f, 0xff,
  0x00, 0x00, 0x00, 0x00, 0x00, 0x00, 0x00, 0x00, 0x2b, 0x0b, 0x5e, 0x9a, 0xc3, 0x0e, 0x60, 0x9e,
  0xff, 0x0f, 0x64, 0xa4, 0xfb, 0x0e, 0x5e, 0x9a, 0xff, 0x0e, 0x5e, 0x9a, 0xff, 0x0e, 0x5e, 0x9a,
  0xfd, 0x0e, 0x5d, 0x99, 0xfe, 0x0e, 0x61, 0x9f, 0xe3, 0x0e, 0x5f, 0x9b, 0x11, 0x0f, 0x5a, 0x96,
  0x00, 0x00, 0x00, 0x00, 0x31, 0x0f, 0x5d, 0x96, 0xf7, 0x0e, 0x61, 0x9e, 0xfe, 0x0e, 0x5f, 0x9c,
  0xfc, 0x0e, 0x5e, 0x99, 0xff, 0x0e, 0x5e, 0x9a, 0xfe, 0x0e, 0x5d, 0x99, 0xff, 0x0e, 0x5e, 0x9a,
  0xff, 0x0f, 0x64, 0xa3, 0xff, 0x0f, 0x63, 0xa2, 0xff, 0x0f, 0x64, 0xa4, 0xff, 0x0f, 0x62, 0xa1,
  0xfd, 0x0e, 0x5d, 0x9a, 0xff, 0x0e, 0x5e, 0x9a, 0xff, 0x0e, 0x5e, 0x9a, 0xff, 0x0e, 0x5e, 0x9a,
  0xfe, 0x0e, 0x5e, 0x99, 0xff, 0x0e, 0x5f, 0x9c, 0xf1, 0x0d, 0x5e, 0x99, 0x14, 0x0c, 0x66, 0x99,
  0x00, 0x00, 0x00, 0x00, 0x03, 0x00, 0x55, 0xaa, 0x02, 0x00, 0x7f, 0x7f, 0x15, 0x0c, 0x61, 0x9d,
  0xe7, 0x0e, 0x60, 0x9c, 0xff, 0x0e, 0x61, 0x9e, 0xfc, 0x0e, 0x5e, 0x99, 0xff, 0x0e, 0x5e, 0x9a,
  0xfe, 0x0e, 0x5d, 0x99, 0xff, 0x0e, 0x5f, 0x9b, 0xff, 0x0f, 0x64, 0xa3, 0xdf, 0x0d, 0x5d, 0x9a,
  0xd2, 0x0e, 0x5e, 0x9a, 0xf5, 0x0e, 0x5e, 0x9b, 0xff, 0x0f, 0x62, 0xa1, 0xfe, 0x0e, 0x5d, 0x99,
  0xff, 0x0e, 0x5e, 0x9a, 0xff, 0x0e, 0x5e, 0x9a, 0xfd, 0x0e, 0x5d, 0x9a, 0xff, 0x0e, 0x61, 0x9e,
  0xe3, 0x0d, 0x5e, 0x99, 0x08, 0x00, 0x5f, 0x9f, 0x00, 0x00, 0x00, 0x00, 0x01, 0x00, 0x00, 0x00,
  0x03, 0x00, 0x55, 0xaa, 0x00, 0x00, 0x00, 0x00, 0x42, 0x0f, 0x5c, 0x9a, 0xff, 0x0f, 0x62, 0xa1,
  0xfb, 0x0e, 0x5e, 0x9b, 0xfe, 0x0e, 0x5e, 0x99, 0xff, 0x0e, 0x5e, 0x9a, 0xfd, 0x0e, 0x5d, 0x99,
  0xff, 0x0e, 0x61, 0x9f, 0xff, 0x0e, 0x61, 0x9e, 0xd4, 0x0e, 0x5d, 0x99, 0xdd, 0x0d, 0x5d, 0x99,
  0xff, 0x0e, 0x61, 0x9f, 0xff, 0x0e, 0x60, 0x9d, 0xff, 0x0e, 0x5d, 0x99, 0xff, 0x0e, 0x5e, 0x9a,
  0xff, 0x0e, 0x5e, 0x9a, 0xfc, 0x0e, 0x5e, 0x99, 0xff, 0x0f, 0x63, 0xa2, 0xbd, 0x0e, 0x5e, 0x99,
  0x00, 0x00, 0x00, 0x00, 0x02, 0x00, 0x7f, 0x7f, 0x04, 0x00, 0x7f, 0xbf, 0x00, 0x00, 0x00, 0x00,
  0x78, 0x0e, 0x5d, 0x9b, 0xff, 0x0f, 0x65, 0xa5, 0xfb, 0x0e, 0x5d, 0x99, 0xfc, 0x0e, 0x5e, 0x99,
  0xff, 0x0f, 0x62, 0xa1, 0xc6, 0x0e, 0x5e, 0x9a, 0x00, 0x00, 0x00, 0x00, 0x03, 0x00, 0x55, 0xaa,
  0x02, 0x00, 0x7f, 0x7f, 0x0f, 0x11, 0x66, 0x99, 0xe2, 0x0e, 0x5e, 0x9b, 0xff, 0x0e, 0x61, 0x9f,
  0xfd, 0x0e, 0x5d, 0x99, 0xff, 0x0e, 0x5e, 0x9a, 0xfc, 0x0e, 0x5e, 0x99, 0xff, 0x0f, 0x64, 0xa3,
  0xe4, 0x0e, 0x5f, 0x9b, 0x89, 0x0e, 0x5d, 0x98, 0x8c, 0x0e, 0x5e, 0x99, 0xdf, 0x0d, 0x5e, 0x9b,
  0xff, 0x0e, 0x60, 0x9e, 0xfe, 0x0e, 0x5d, 0x99, 0xfb, 0x0e, 0x5e, 0x9a, 0xfe, 0x0f, 0x64, 0xa4,
  0xa6, 0x0d, 0x5d, 0x99, 0x00, 0x00, 0x00, 0x00, 0x04, 0x00, 0x3f, 0x7f, 0x01, 0x00, 0xff, 0x00,
  0x02, 0x00, 0xff, 0x7f, 0x02, 0x00, 0x7f, 0x7f, 0x04, 0x3f, 0xbf, 0x3f, 0x00, 0x00, 0x00, 0x00,
  0xaa, 0x2e, 0xa3, 0x54, 0xff, 0x32, 0xad, 0x59, 0xfb, 0x2e, 0xa3, 0x54, 0xfc, 0x2e, 0xa2, 0x53,
  0xff, 0x32, 0xac, 0x59, 0x53, 0x2e, 0xa2, 0x52, 0x00, 0x00, 0x00, 0x00, 0x04, 0x3f, 0x7f, 0x3f,
  0x00, 0x00, 0x00, 0x00, 0x00, 0x00, 0x00, 0x00, 0x01, 0x00, 0x00, 0x00, 0x03, 0x00, 0xaa, 0x55,
  0x03, 0x55, 0xaa, 0x55, 0x00, 0x00, 0x00, 0x00, 0x06, 0x2a, 0x7f, 0x55, 0x93, 0x30, 0xa6, 0x55,
  0xff, 0x32, 0xad, 0x59, 0xfc, 0x2f, 0xa3, 0x55, 0xff, 0x2f, 0xa3, 0x54, 0xff, 0x2f, 0xa3, 0x54,
  0xfa, 0x2e, 0xa3, 0x54, 0xff, 0x32, 0xaf, 0x5a, 0x5e, 0x2e, 0xa2, 0x54, 0x00, 0x00, 0x00, 0x00,
  0x40, 0x2f, 0xa3, 0x53, 0xff, 0x31, 0xaa, 0x57, 0xfc, 0x2e, 0xa2, 0x53, 0xff, 0x30, 0xa6, 0x56,
  0xe9, 0x2f, 0xa3, 0x54, 0x00, 0x00, 0x00, 0x00, 0x00, 0x00, 0x00, 0x00, 0x92, 0x2f, 0xa2, 0x53,
  0xff, 0x32, 0xaf, 0x5a, 0xfb, 0x2e, 0xa2, 0x54, 0xfe, 0x2f, 0xa3, 0x54, 0xfe, 0x2f, 0xa2, 0x54,
  0xfc, 0x2f, 0xa2, 0x53, 0xff, 0x31, 0xaa, 0x58, 0xce, 0x2f, 0xa3, 0x54, 0x00, 0x00, 0x00, 0x00,
  0x00, 0x00, 0x00, 0x00, 0x96, 0x2f, 0xa3, 0x53, 0xff, 0x32, 0xaf, 0x5a, 0xf7, 0x2e, 0xa2, 0x53,
  0xff, 0x32, 0xaf, 0x5a, 0x7c, 0x2f, 0xa2, 0x54, 0x00, 0x00, 0x00, 0x00, 0x00, 0x00, 0x00, 0x00,
  0xa1, 0x2f, 0xa3, 0x53, 0xff, 0x32, 0xae, 0x5a, 0xfb, 0x2e, 0xa3, 0x54, 0xfb, 0x2e, 0xa2, 0x54,
  0xff, 0x32, 0xaf, 0x5a, 0x71, 0x2f, 0xa2, 0x53, 0x00, 0x00, 0x00, 0x00, 0x00, 0x00, 0x00, 0x00,
  0x5c, 0x2f, 0xa3, 0x53, 0xff, 0x32, 0xad, 0x59, 0xfb, 0x2e, 0xa3, 0x54, 0xff, 0x2f, 0xa3, 0x54,
  0xff, 0x2f, 0xa3, 0x54, 0xfd, 0x2f, 0xa2, 0x53, 0xff, 0x31, 0xab, 0x58, 0x61, 0x2f, 0xa2, 0x54,
  0x00, 0x00, 0x00, 0x00, 0x02, 0x00, 0x7f, 0x00, 0x08, 0x3f, 0x9f, 0x3f, 0x00, 0x00, 0x00, 0x00,
  0x66, 0x2f, 0xa2, 0x52, 0xff, 0x32, 0xaf, 0x5a, 0xfb, 0x2e, 0xa2, 0x54, 0xfb, 0x2e, 0xa2, 0x54,
  0xff, 0x32, 0xaf, 0x5a, 0x83, 0x2e, 0xa3, 0x53, 0x00, 0x00, 0x00, 0x00, 0x05, 0x33, 0xcc, 0x33,
  0x00, 0x00, 0x00, 0x00, 0x00, 0x00, 0x00, 0x00, 0x00, 0x00, 0x00, 0x00, 0x3f, 0x30, 0xa1, 0x55,
  0xff, 0x32, 0xac, 0x59, 0xfc, 0x2e, 0xa2, 0x53, 0xfb, 0x2e, 0xa3, 0x54, 0xff, 0x32, 0xad, 0x59,
  0xaf, 0x2e, 0xa3, 0x54, 0x00, 0x00, 0x00, 0x00, 0x01, 0x00, 0xff, 0x00, 0x01, 0x00, 0xff, 0x00,
  0x00, 0x00, 0x00, 0x00, 0x00, 0x00, 0x00, 0x00, 0x00, 0x00, 0x00, 0x00, 0x01, 0x00, 0xff, 0x00,
  0x00, 0x00, 0x00, 0x00, 0x00, 0x00, 0x00, 0x00, 0x00, 0x00, 0x00, 0x00, 0x00, 0x00, 0x00, 0x00,
  0x02, 0x00, 0x7f, 0x7f, 0x02, 0x00, 0x7f, 0x7f, 0x18, 0x0a, 0x5f, 0x9f, 0xeb, 0x0e, 0x5e, 0x9b,
  0xff, 0x0f, 0x66, 0xa7, 0xa8, 0x0d, 0x5e, 0x99, 0x00, 0x00, 0x00, 0x00, 0x04, 0x00, 0x7f, 0xbf,
  0x00, 0x00, 0x00, 0x00, 0x00, 0x00, 0x00, 0x00, 0x00, 0x00, 0x00, 0x00, 0x00, 0x00, 0x00, 0x00,
  0x00, 0x00, 0x00, 0x00, 0x00, 0x00, 0x00, 0x00, 0x00, 0x00, 0x00, 0x00, 0x04, 0x00, 0x7f, 0xbf,
  0x00, 0x00, 0x00, 0x00, 0x13, 0x0d, 0x5d, 0x93, 0xb3, 0x0e, 0x5f, 0x9c, 0xff, 0x0e, 0x61, 0x9f,
  0xff, 0x0f, 0x64, 0xa5, 0x5c, 0x0d, 0x5e, 0x9b, 0x00, 0x00, 0x00, 0x00, 0x04, 0x00, 0x3f, 0x7f,
  0xd7, 0x0e, 0x5d, 0x9a, 0xff, 0x0f, 0x63, 0xa3, 0xfa, 0x0e, 0x5d, 0x9a, 0xfc, 0x0e, 0x5e, 0x99,
  0xff, 0x0e, 0x60, 0x9d, 0xff, 0x0f, 0x65, 0xa6, 0xef, 0x0d, 0x5d, 0x9a, 0xbe, 0x0d, 0x5d, 0x9a,
  0xfe, 0x0e, 0x5f, 0x9b, 0xff, 0x0e, 0x5e, 0x9a, 0xff, 0x0e, 0x5e, 0x9a, 0xfb, 0x0e, 0x5e, 0x9a,
  0xff, 0x0f, 0x64, 0xa4, 0xa2, 0x0e, 0x5c, 0x9a, 0x00, 0x00, 0x00, 0x00, 0x05, 0x00, 0x33, 0x99,
  0x02, 0x00, 0x7f, 0x7f, 0x03, 0x00, 0x55, 0xaa, 0x02, 0x00, 0x7f, 0x7f, 0x01, 0x00, 0x00, 0xff,
  0x00, 0x00, 0x00, 0x00, 0x00, 0x00, 0x00, 0x00, 0x00, 0x00, 0x00, 0x00, 0x00, 0x00, 0x00, 0x00,
  0x23, 0x0e, 0x5e, 0xa0, 0x8a, 0x0e, 0x60, 0x9d, 0xf5, 0x0e, 0x5f, 0x9e, 0xff, 0x0f, 0x63, 0xa2,
  0xfc, 0x0e, 0x5d, 0x99, 0xff, 0x0e, 0x5e, 0x9a, 0xff, 0x0e, 0x5e, 0x9a, 0xfe, 0x0e, 0x5d, 0x99,
  0xfb, 0x0e, 0x5f, 0x9c, 0xff, 0x0f, 0x62, 0xa0, 0x44, 0x0f, 0x5d, 0x99, 0x00, 0x00, 0x00, 0x00,
  0x09, 0x00, 0x71, 0xaa, 0xd5, 0x0e, 0x5e, 0x9a, 0xff, 0x0f, 0x62, 0xa1, 0xfc, 0x0e, 0x5e, 0x99,
  0xff, 0x0e, 0x5e, 0x9a, 0xfd, 0x0e, 0x5d, 0x99, 0xff, 0x0e, 0x60, 0x9d, 0xff, 0x0e, 0x60, 0x9d,
  0x9e, 0x0e, 0x5d, 0x9a, 0x50, 0x0c, 0x5c, 0x99, 0x66, 0x0f, 0x5f, 0x9b, 0xc5, 0x0e, 0x5e, 0x9b,
  0xff, 0x0f, 0x62, 0xa1, 0xfe, 0x0e, 0x5d, 0x99, 0xff, 0x0e, 0x5e, 0x9a, 0xff, 0x0e, 0x5e, 0x9a,
  0xfd, 0x0e, 0x5d, 0x9a, 0xff, 0x0f, 0x62, 0xa1, 0xce, 0x0d, 0x5e, 0x99, 0x00, 0x00, 0x00, 0x00,
  0x01, 0x00, 0x00, 0xff, 0x03, 0x00, 0x55, 0xaa, 0x00, 0x00, 0x00, 0x00, 0xa1, 0x0e, 0x5d, 0x99,
  0xff, 0x0f, 0x65, 0xa5, 0xfb, 0x0e, 0x5d, 0x99, 0xff, 0x0e, 0x5e, 0x9a, 0xfe, 0x0e, 0x5d, 0x99,
  0xff, 0x0e, 0x60, 0x9c, 0xf9, 0x0e, 0x61, 0x9e, 0x71, 0x0d, 0x5e, 0x9b, 0x0a, 0x19, 0x66, 0x99,
  0x02, 0x00, 0x7f, 0x7f, 0x20, 0x0f, 0x5f, 0x97, 0xaf, 0x0e, 0x5e, 0x9b, 0xff, 0x0f, 0x62, 0xa1,
  0xfd, 0x0e, 0x5d, 0x99, 0xff, 0x0e, 0x5e, 0x9a, 0xfc, 0x0e, 0x5e, 0x99, 0xff, 0x0f, 0x63, 0xa2,
  0xbd, 0x0d, 0x5e, 0x99, 0x00, 0x00, 0x00, 0x00, 0x02, 0x00, 0x7f, 0x7f, 0x01, 0x00, 0x00, 0xff,
  0x02, 0x00, 0x7f, 0x7f, 0x0a, 0x00, 0x66, 0x99, 0xdc, 0x0d, 0x5d, 0x9a, 0xff, 0x0f, 0x61, 0xa0,
  0xfc, 0x0e, 0x5e, 0x99, 0xff, 0x0e, 0x5e, 0x9a, 0xfc, 0x0e, 0x5e, 0x99, 0xff, 0x0f, 0x62, 0xa1,
  0xdd, 0x0f, 0x60, 0x9e, 0x49, 0x0d, 0x5e, 0x9d, 0x01, 0x00, 0x00, 0x00, 0x06, 0x00, 0x55, 0xaa,
  0x48, 0x0e, 0x5f, 0x9b, 0xe9, 0x0e, 0x60, 0x9d, 0xfe, 0x0e, 0x5f, 0x9d, 0xfe, 0x0e, 0x5e, 0x99,
  0xff, 0x0e, 0x5e, 0x9a, 0xfb, 0x0e, 0x5d, 0x99, 0xff, 0x0f, 0x65, 0xa5, 0x8c, 0x0e, 0x5e, 0x99,
  0x00, 0x00, 0x00, 0x00, 0x04, 0x00, 0x7f, 0xbf, 0x04, 0x00, 0x3f, 0x7f, 0x00, 0x00, 0x00, 0x00,
  0xa4, 0x0d, 0x5e, 0x99, 0xff, 0x0f, 0x64, 0xa4, 0xfb, 0x0e, 0x5e, 0x9a, 0xfb, 0x0e, 0x5e, 0x9a,
  0xff, 0x0f, 0x64, 0xa4, 0x9f, 0x0e, 0x5e, 0x99, 0x00, 0x00, 0x00, 0x00, 0x07, 0x00, 0x6d, 0xb6,
  0x00, 0x00, 0x00, 0x00, 0x87, 0x0f, 0x5e, 0x99, 0xff, 0x0f, 0x65, 0xa6, 0xfb, 0x0e, 0x5d, 0x99,
  0xff, 0x0e, 0x5e, 0x9a, 0xfd, 0x0e, 0x5d, 0x99, 0xff, 0x0f, 0x63, 0xa3, 0xad, 0x0e, 0x5f, 0x9d,
  0x14, 0x0c, 0x66, 0x99, 0x00, 0x00, 0x00, 0x00, 0x00, 0x00, 0x00, 0x00, 0x29, 0x0c, 0x5d, 0x95,
  0xfb, 0x0e, 0x5f, 0x9c, 0xfe, 0x0e, 0x5e, 0x9a, 0xfc, 0x0e, 0x5e, 0x99, 0xff, 0x0f, 0x63, 0xa2,
  0xc2, 0x0e, 0x5e, 0x99, 0x00, 0x00, 0x00, 0x00, 0x04, 0x00, 0x7f, 0x7f, 0x00, 0x00, 0x00, 0x00,
  0x00, 0x00, 0x00, 0x00, 0x00, 0x00, 0x00, 0x00, 0x01, 0x00, 0xff, 0x00, 0x03, 0x55, 0xaa, 0x55,
  0x9c, 0x2f, 0xa1, 0x53, 0xff, 0x32, 0xae, 0x5a, 0xfb, 0x2e, 0xa2, 0x54, 0xfb, 0x2e, 0xa2, 0x54,
  0xff, 0x32, 0xae, 0x5a, 0x6b, 0x2f, 0xa2, 0x53, 0x03, 0x55, 0xaa, 0x55, 0x07, 0x48, 0xb6, 0x48,
  0x04, 0x3f, 0xbf, 0x3f, 0x03, 0x55, 0xaa, 0x55, 0x00, 0x00, 0x00, 0x00, 0x00, 0x00, 0x00, 0x00,
  0x00, 0x00, 0x00, 0x00, 0x41, 0x2f, 0xa4, 0x56, 0xcc, 0x2f, 0xa7, 0x56, 0xff, 0x32, 0xae, 0x5a,
  0xfc, 0x2e, 0xa2, 0x53, 0xff, 0x2f, 0xa3, 0x54, 0xff, 0x2f, 0xa3, 0x54, 0xfa, 0x2e, 0xa2, 0x53,
  0xff, 0x33, 0xb0, 0x5b, 0xa9, 0x2e, 0xa1, 0x52, 0x00, 0x00, 0x00, 0x00, 0x01, 0x00, 0xff, 0x00,
  0x8d, 0x2f, 0xa2, 0x53, 0xfe, 0x32, 0xaf, 0x5a, 0xfa, 0x2e, 0xa3, 0x54, 0xfe, 0x2f, 0xa3, 0x54,
  0xfa, 0x2f, 0xa7, 0x56, 0x6a, 0x30, 0xa3, 0x54, 0x5d, 0x2e, 0xa1, 0x55, 0xf3, 0x30, 0xa6, 0x56,
  0xfe, 0x2f, 0xa4, 0x55, 0xfe, 0x2f, 0xa2, 0x53, 0xff, 0x2f, 0xa3, 0x54, 0xff, 0x2f, 0xa4, 0x55,
  0xfd, 0x2f, 0xa3, 0x53, 0xfe, 0x2f, 0xa3, 0x54, 0xfa, 0x2f, 0xa7, 0x55, 0x81, 0x2f, 0xa2, 0x53,
  0x45, 0x30, 0xa2, 0x55, 0xe3, 0x2f, 0xa2, 0x54, 0xff, 0x30, 0xa7, 0x56, 0xfb, 0x2e, 0xa2, 0x54,
  0xfe, 0x31, 0xaa, 0x58, 0xc9, 0x2e, 0xa2, 0x53, 0x01, 0x00, 0x00, 0x00, 0x00, 0x00, 0x00, 0x00,
  0xb4, 0x2e, 0xa2, 0x53, 0xff, 0x32, 0xad, 0x59, 0xfc, 0x2e, 0xa2, 0x53, 0xfb, 0x2e, 0xa2, 0x54,
  0xff, 0x32, 0xaf, 0x5a, 0x70, 0x2d, 0xa1, 0x54, 0x00, 0x00, 0x00, 0x00, 0x00, 0x00, 0x00, 0x00,
  0x75, 0x2f, 0xa3, 0x52, 0xff, 0x32, 0xaf, 0x5a, 0xfb, 0x2e, 0xa2, 0x54, 0xff, 0x2f, 0xa3, 0x54,
  0xfc, 0x2e, 0xa2, 0x53, 0xff, 0x32, 0xad, 0x59, 0xb2, 0x2f, 0xa1, 0x53, 0x00, 0x00, 0x00, 0x00,
  0x05, 0x33, 0xcc, 0x66, 0x01, 0x00, 0x00, 0x00, 0x03, 0x55, 0xaa, 0x55, 0x01, 0x00, 0xff, 0x00,
  0x51, 0x2f, 0xa3, 0x51, 0xff, 0x32, 0xac, 0x59, 0xfc, 0x2e, 0xa2, 0x53, 0xfb, 0x2e, 0xa2, 0x54,
  0xff, 0x32, 0xae, 0x5a, 0x93, 0x2e, 0xa3, 0x53, 0x00, 0x00, 0x00, 0x00, 0x04, 0x3f, 0xbf, 0x3f,
  0x00, 0x00, 0x00, 0x00, 0x07, 0x48, 0x91, 0x48, 0x04, 0x3f, 0xbf, 0x3f, 0x60, 0x2f, 0xa2, 0x52,
  0xff, 0x32, 0xad, 0x59, 0xfb, 0x2e, 0xa3, 0x54, 0xfb, 0x2e, 0xa3, 0x54, 0xff, 0x32, 0xae, 0x5a,
  0x9f, 0x2e, 0xa3, 0x55, 0x02, 0x00, 0x7f, 0x7f, 0x04, 0x3f, 0x7f, 0x3f, 0x00, 0x00, 0x00, 0x00,
  0x00, 0x00, 0x00, 0x00, 0x03, 0x55, 0xaa, 0x55, 0x03, 0x00, 0xaa, 0x55, 0x00, 0x00, 0x00, 0x00,
  0x00, 0x00, 0x00, 0x00, 0x00, 0x00, 0x00, 0x00, 0x00, 0x00, 0x00, 0x00, 0x00, 0x00, 0x00, 0x00,
  0x03, 0x00, 0x55, 0xaa, 0x00, 0x00, 0x00, 0x00, 0xa3, 0x0e, 0x5d, 0x99, 0xff, 0x0f, 0x65, 0xa5,
  0xf4, 0x0e, 0x5f, 0x9b, 0x21, 0x0f, 0x5c, 0x9a, 0x01, 0x00, 0x00, 0xff, 0x02, 0x00, 0x7f, 0x7f,
  0x00, 0x00, 0x00, 0x00, 0x00, 0x00, 0x00, 0x00, 0x00, 0x00, 0x00, 0x00, 0x00, 0x00, 0x00, 0x00,
  0x00, 0x00, 0x00, 0x00, 0x00, 0x00, 0x00, 0x00, 0x00, 0x00, 0x00, 0x00, 0x00, 0x00, 0x00, 0x00,
  0x03, 0x00, 0x55, 0xaa, 0x00, 0x00, 0x00, 0x00, 0x00, 0x00, 0x00, 0x00, 0xb9, 0x0d, 0x5f, 0x9a,
  0xfd, 0x0f, 0x66, 0xa8, 0xd4, 0x0e, 0x5d, 0x99, 0x04, 0x00, 0x7f, 0xbf, 0x01, 0x00, 0xff, 0xff,
  0xff, 0x0e, 0x5f, 0x9b, 0xfc, 0x0e, 0x5e, 0x99, 0xff, 0x0e, 0x5e, 0x9a, 0xff, 0x0e, 0x5e, 0x9a,
  0xfe, 0x0e, 0x5e, 0x99, 0xfb, 0x0e, 0x5d, 0x99, 0xff, 0x0e, 0x5f, 0x9c, 0xff, 0x0f, 0x62, 0xa1,
  0xff, 0x0e, 0x5e, 0x9a, 0xff, 0x0e, 0x5e, 0x9a, 0xff, 0x0e, 0x5e, 0x9a, 0xfb, 0x0e, 0x5e, 0x9a,
  0xff, 0x0f, 0x64, 0xa3, 0xa3, 0x0e, 0x5d, 0x9a, 0x03, 0x00, 0x55, 0xaa, 0x00, 0x00, 0x00, 0x00,
  0x00, 0x00, 0x00, 0x00, 0x00, 0x00, 0x00, 0x00, 0x00, 0x00, 0x00, 0x00, 0x00, 0x00, 0x00, 0x00,
  0x0a, 0x00, 0x4c, 0x99, 0x2c, 0x0b, 0x5c, 0x9c, 0x66, 0x0f, 0x5f, 0x9d, 0xb2, 0x0e, 0x5f, 0x9c,
  0xf5, 0x0e, 0x5f, 0x9c, 0xff, 0x0f, 0x64, 0xa5, 0xff, 0x0e, 0x5f, 0x9b, 0xfd, 0x0e, 0x5d, 0x99,
  0xff, 0x0e, 0x5e, 0x9a, 0xff, 0x0e, 0x5e, 0x9a, 0xfe, 0x0e, 0x5d, 0x99, 0xfb, 0x0e, 0x5e, 0x9b,
  0xff, 0x0f, 0x65, 0xa6, 0x6e, 0x0d, 0x5c, 0x99, 0x00, 0x00, 0x00, 0x00, 0x00, 0x00, 0x00, 0x00,
  0x81, 0x0d, 0x5c, 0x9a, 0xff, 0x0f, 0x66, 0xa6, 0xfb, 0x0e, 0x5d, 0x99, 0xff, 0x0e, 0x5e, 0x9a,
  0xfd, 0x0e, 0x5d, 0x99, 0xff, 0x0e, 0x61, 0x9e, 0xea, 0x0e, 0x60, 0x9e, 0x43, 0x0f, 0x5f, 0x9c,
  0x00, 0x00, 0x00, 0x00, 0x00, 0x00, 0x00, 0x00, 0x00, 0x00, 0x00, 0x00, 0x01, 0x00, 0xff, 0xff,
  0xbc, 0x0d, 0x5e, 0x9b, 0xff, 0x0f, 0x62, 0xa1, 0xfc, 0x0e, 0x5e, 0x99, 0xff, 0x0e, 0x5e, 0x9a,
  0xfb, 0x0e, 0x5e, 0x9a, 0xff, 0x0f, 0x65, 0xa5, 0x99, 0x0d, 0x5d, 0x99, 0x00, 0x00, 0x00, 0x00,
  0x07, 0x00, 0x48, 0x91, 0x00, 0x00, 0x00, 0x00, 0x32, 0x0f, 0x60, 0x99, 0xfe, 0x0e, 0x60, 0x9e,
  0xfc, 0x0e, 0x5e, 0x9a, 0xff, 0x0e, 0x5e, 0x9a, 0xfe, 0x0e, 0x5e, 0x99, 0xfd, 0x0e, 0x5f, 0x9d,
  0xf6, 0x0e, 0x61, 0x9f, 0x46, 0x0e, 0x5e, 0x99, 0x00, 0x00, 0x00, 0x00, 0x00, 0x00, 0x00, 0x00,
  0x02, 0x00, 0x7f, 0x7f, 0x00, 0x00, 0x00, 0x00, 0x11, 0x0f, 0x5a, 0x96, 0xf0, 0x0d, 0x5f, 0x9c,
  0xfe, 0x0e, 0x5f, 0x9c, 0xfe, 0x0e, 0x5e, 0x99, 0xfb, 0x0e, 0x5d, 0x9a, 0xff, 0x0f, 0x65, 0xa5,
  0x92, 0x0d, 0x5e, 0x99, 0x00, 0x00, 0x00, 0x00, 0x04, 0x00, 0x7f, 0x7f, 0x04, 0x00, 0x3f, 0x7f,
  0x00, 0x00, 0x00, 0x00, 0x73, 0x0d, 0x5f, 0x99, 0xff, 0x0f, 0x65, 0xa6, 0xfb, 0x0e, 0x5d, 0x99,
  0xff, 0x0e, 0x5e, 0x9a, 0xfd, 0x0e, 0x5d, 0x99, 0xff, 0x0f, 0x62, 0xa1, 0xd2, 0x0e, 0x5f, 0x9d,
  0x18, 0x0a, 0x5f, 0x94, 0x00, 0x00, 0x00, 0x00, 0x01, 0x00, 0x00, 0xff, 0x02, 0x00, 0x7f, 0x7f,
  0x00, 0x00, 0x00, 0x00, 0x68, 0x0e, 0x5d, 0x98, 0xff, 0x0f, 0x64, 0xa4, 0xfb, 0x0e, 0x5e, 0x9a,
  0xff, 0x0e, 0x5e, 0x9a, 0xfc, 0x0e, 0x5e, 0x99, 0xff, 0x0f, 0x64, 0xa4, 0x5a, 0x0e, 0x5d, 0x99,
  0x00, 0x00, 0x00, 0x00, 0x04, 0x00, 0x7f, 0x7f, 0x01, 0x00, 0x00, 0xff, 0x00, 0x00, 0x00, 0x00,
  0xcb, 0x0d, 0x5e, 0x9a, 0xff, 0x0f, 0x62, 0xa1, 0xfc, 0x0e, 0x5e, 0x99, 0xfb, 0x0e, 0x5d, 0x99,
  0xff, 0x0f, 0x65, 0xa5, 0x77, 0x0f, 0x5e, 0x9a, 0x00, 0x00, 0x00, 0x00, 0x01, 0x00, 0xff, 0xff,
  0x16, 0x0b, 0x5c, 0xa2, 0xf1, 0x0d, 0x5e, 0x9a, 0xfe, 0x0e, 0x5f, 0x9c, 0xfe, 0x0e, 0x5e, 0x99,
  0xfc, 0x0e, 0x5e, 0x99, 0xff, 0x0f, 0x63, 0xa2, 0xbf, 0x0e, 0x5e, 0x9a, 0x00, 0x00, 0x00, 0x00,
  0x00, 0x00, 0x00, 0x00, 0x09, 0x00, 0x55, 0x8d, 0x05, 0x00, 0x66, 0x99, 0x34, 0x0e, 0x5d, 0x98,
  0xfd, 0x0e, 0x60, 0x9e, 0xfd, 0x0e, 0x5e, 0x9a, 0xfc, 0x0e, 0x5e, 0x99, 0xff, 0x0f, 0x63, 0xa2,
  0xbe, 0x0e, 0x5d, 0x9a, 0x00, 0x00, 0x00, 0x00, 0x00, 0x00, 0x00, 0x00, 0x0a, 0x33, 0x7f, 0x4c,
  0x31, 0x34, 0xab, 0x58, 0x28, 0x33, 0xa5, 0x52, 0x0e, 0x36, 0xb6, 0x5b, 0x00, 0x00, 0x00, 0x00,
  0x7a, 0x2d, 0xa3, 0x53, 0xff, 0x32, 0xb0, 0x5a, 0xfb, 0x2e, 0xa2, 0x54, 0xfb, 0x2e, 0xa2, 0x54,
  0xff, 0x32, 0xaf, 0x5a, 0x87, 0x2f, 0xa2, 0x55, 0x00, 0x00, 0x00, 0x00, 0x00, 0x00, 0x00, 0x00,
  0x00, 0x00, 0x00, 0x00, 0x00, 0x00, 0x00, 0x00, 0x06, 0x2a, 0xaa, 0x55, 0x42, 0x32, 0xa6, 0x55,
  0xac, 0x2f, 0xa6, 0x55, 0xff, 0x30, 0xa8, 0x56, 0xff, 0x31, 0xaa, 0x58, 0xfc, 0x2e, 0xa1, 0x53,
  0xff, 0x2f, 0xa3, 0x54, 0xff, 0x2f, 0xa3, 0x54, 0xfa, 0x2e, 0xa2, 0x53, 0xff, 0x32, 0xae, 0x5a,
  0xcc, 0x2f, 0xa5, 0x55, 0x0c, 0x2a, 0x94, 0x55, 0x03, 0x55, 0xaa, 0x55, 0x00, 0x00, 0x00, 0x00,
  0xc1, 0x2f, 0xa2, 0x54, 0xff, 0x31, 0xab, 0x58, 0xfc, 0x2e, 0xa2, 0x53, 0xff, 0x2f, 0xa3, 0x54,
  0xff, 0x2f, 0xa4, 0x55, 0xff, 0x31, 0xab, 0x58, 0xff, 0x31, 0xab, 0x58, 0xff, 0x30, 0xa6, 0x55,
  0xfe, 0x2f, 0xa2, 0x53, 0xff, 0x30, 0xa7, 0x56, 0xff, 0x2f, 0xa4, 0x54, 0xf9, 0x2f, 0xa2, 0x53,
  0xff, 0x31, 0xa8, 0x57, 0xff, 0x2f, 0xa2, 0x53, 0xff, 0x2f, 0xa4, 0x55, 0xff, 0x32, 0xac, 0x59,
  0xff, 0x31, 0xa9, 0x57, 0xff, 0x30, 0xa6, 0x56, 0xff, 0x2f, 0xa2, 0x54, 0xfe, 0x2f, 0xa2, 0x54,
  0xff, 0x30, 0xa5, 0x55, 0xf0, 0x2e, 0xa2, 0x53, 0x15, 0x30, 0x9d, 0x55, 0x00, 0x00, 0x00, 0x00,
  0xc4, 0x2e, 0xa2, 0x53, 0xff, 0x31, 0xab, 0x58, 0xfc, 0x2e, 0xa2, 0x53, 0xfb, 0x2e, 0xa2, 0x54,
  0xff, 0x32, 0xae, 0x5a, 0x6b, 0x2d, 0xa2, 0x53, 0x00, 0x00, 0x00, 0x00, 0x00, 0x00, 0x00, 0x00,
  0x8c, 0x2f, 0xa2, 0x53, 0xff, 0x32, 0xaf, 0x5a, 0xfb, 0x2e, 0xa2, 0x54, 0xff, 0x2f, 0xa3, 0x54,
  0xfd, 0x2f, 0xa3, 0x53, 0xff, 0x31, 0xaa, 0x57, 0x3f, 0x2c, 0xa1, 0x55, 0x01, 0x00, 0xff, 0x00,
  0x03, 0x55, 0xaa, 0x55, 0x00, 0x00, 0x00, 0x00, 0x03, 0x55, 0xaa, 0x55, 0x00, 0x00, 0x00, 0x00,
  0x4d, 0x2e, 0xa5, 0x52, 0xff, 0x31, 0xac, 0x58, 0xfc, 0x2e, 0xa2, 0x53, 0xfb, 0x2e, 0xa2, 0x54,
  0xff, 0x32, 0xae, 0x5a, 0x95, 0x2f, 0xa2, 0x53, 0x00, 0x00, 0x00, 0x00, 0x04, 0x3f, 0xbf, 0x3f,
  0x00, 0x00, 0x00, 0x00, 0x04, 0x3f, 0xbf, 0x3f, 0x00, 0x00, 0x00, 0x00, 0x6a, 0x30, 0xa3, 0x54,
  0xff, 0x32, 0xae, 0x5a, 0xfb, 0x2e, 0xa2, 0x54, 0xfb, 0x2e, 0xa2, 0x54, 0xff, 0x32, 0xaf, 0x5a,
  0x8d, 0x2f, 0xa2, 0x53, 0x00, 0x00, 0x00, 0x00, 0x04, 0x3f, 0xbf, 0x3f, 0x01, 0x00, 0x00, 0x00,
  0x00, 0x00, 0x00, 0x00, 0x00, 0x00, 0x00, 0x00, 0x00, 0x00, 0x00, 0x00, 0x00, 0x00, 0x00, 0x00,
  0x00, 0x00, 0x00, 0x00, 0x00, 0x00, 0x00, 0x00, 0x00, 0x00, 0x00, 0x00, 0x03, 0x00, 0x55, 0xaa,
  0x00, 0x00, 0x00, 0x00, 0x3f, 0x0c, 0x5d, 0x99, 0xfe, 0x0e, 0x60, 0x9d, 0xff, 0x0f, 0x64, 0xa5,
  0x87, 0x0d, 0x5c, 0x99, 0x00, 0x00, 0x00, 0x00, 0x04, 0x00, 0x3f, 0x7f, 0x00, 0x00, 0x00, 0x00,
  0x00, 0x00, 0x00, 0x00, 0x00, 0x00, 0x00, 0x00, 0x00, 0x00, 0x00, 0x00, 0x00, 0x00, 0x00, 0x00,
  0x00, 0x00, 0x00, 0x00, 0x00, 0x00, 0x00, 0x00, 0x00, 0x00, 0x00, 0x00, 0x00, 0x00, 0x00, 0x00,
  0x00, 0x00, 0x00, 0x00, 0x05, 0x00, 0x66, 0x99, 0x00, 0x00, 0x00, 0x00, 0x49, 0x0d, 0x5e, 0x99,
  0xff, 0x0f, 0x63, 0xa2, 0xfc, 0x0e, 0x5f, 0x9a, 0x28, 0x0c, 0x5f, 0x99, 0x00, 0x00, 0x00, 0x00,
  0xdc, 0x0d, 0x5d, 0x9a, 0xff, 0x0f, 0x62, 0xa1, 0xfa, 0x0e, 0x5d, 0x99, 0xff, 0x0e, 0x5e, 0x9a,
  0xff, 0x0e, 0x5e, 0x9a, 0xff, 0x0e, 0x5e, 0x9a, 0xfe, 0x0e, 0x5e, 0x99, 0xfc, 0x0e, 0x5e, 0x99,
  0xff, 0x0e, 0x5e, 0x9a, 0xff, 0x0e, 0x5e, 0x9a, 0xff, 0x0e, 0x5e, 0x9a, 0xff, 0x0e, 0x5e, 0x9a,
  0xff, 0x0e, 0x5f, 0x9b, 0xf6, 0x0e, 0x5e, 0x9a, 0xdc, 0x0d, 0x5d, 0x9a, 0xc9, 0x0d, 0x5d, 0x99,
  0xba, 0x0d, 0x5e, 0x99, 0xb5, 0x0e, 0x5e, 0x99, 0xb9, 0x0d, 0x5d, 0x99, 0xc9, 0x0d, 0x5d, 0x99,
  0xe3, 0x0d, 0x5e, 0x99, 0xff, 0x0e, 0x5e, 0x9a, 0xff, 0x0f, 0x64, 0xa4, 0xff, 0x0f, 0x63, 0xa3,
  0xff, 0x0e, 0x5f, 0x9b, 0xfc, 0x0e, 0x5e, 0x99, 0xfe, 0x0e, 0x5e, 0x9a, 0xff, 0x0e, 0x5e, 0x9a,
  0xff, 0x0e, 0x5e, 0x9a, 0xfc, 0x0e, 0x5e, 0x99, 0xff, 0x0e, 0x5f, 0x9b, 0xff, 0x0f, 0x64, 0xa4,
  0x77, 0x0f, 0x5e, 0x9a, 0x00, 0x00, 0x00, 0x00, 0x02, 0x00, 0x7f, 0x7f, 0x19, 0x0a, 0x5b, 0x99,
  0xf2, 0x0d, 0x5e, 0x9b, 0xfd, 0x0e, 0x5f, 0x9d, 0xfe, 0x0e, 0x5e, 0x99, 0xfe, 0x0e, 0x5e, 0x99,
  0xfd, 0x0e, 0x5f, 0x9d, 0xf3, 0x0e, 0x60, 0x9e, 0x32, 0x0f, 0x5b, 0x99, 0x00, 0x00, 0x00, 0x00,
  0x05, 0x00, 0x66, 0x99, 0x03, 0x00, 0x55, 0xaa, 0x08, 0x00, 0x5f, 0x9f, 0x00, 0x00, 0x00, 0x00,
  0x4a, 0x0d, 0x5d, 0x97, 0xff, 0x0f, 0x63, 0xa2, 0xfc, 0x0e, 0x5e, 0x99, 0xff, 0x0e, 0x5e, 0x9a,
  0xfb, 0x0e, 0x5e, 0x9a, 0xff, 0x0f, 0x64, 0xa4, 0x64, 0x0f, 0x5e, 0x99, 0x00, 0x00, 0x00, 0x00,
  0x07, 0x00, 0x6d, 0x91, 0x00, 0x00, 0x00, 0x00, 0xa5, 0x0d, 0x5e, 0x99, 0xff, 0x0f, 0x64, 0xa4,
  0xfb, 0x0e, 0x5d, 0x9a, 0xff, 0x0e, 0x5e, 0x9a, 0xfc, 0x0e, 0x5e, 0x99, 0xff, 0x0f, 0x63, 0xa2,
  0x5a, 0x0e, 0x5d, 0x99, 0x00, 0x00, 0x00, 0x00, 0x06, 0x00, 0x55, 0xaa, 0x01, 0x00, 0x00, 0x00,
  0x00, 0x00, 0x00, 0x00, 0x02, 0x00, 0x7f, 0x7f, 0x00, 0x00, 0x00, 0x00, 0xcf, 0x0d, 0x5d, 0x99,
  0xff, 0x0f, 0x62, 0xa1, 0xfd, 0x0e, 0x5d, 0x9a, 0xfb, 0x0e, 0x5e, 0x9a, 0xff, 0x0f, 0x65, 0xa5,
  0x68, 0x0e, 0x5d, 0x9a, 0x00, 0x00, 0x00, 0x00, 0x05, 0x00, 0x66, 0x99, 0x01, 0x00, 0x00, 0x00,
  0x0a, 0x19, 0x66, 0x99, 0xe3, 0x0d, 0x5d, 0x98, 0xfe, 0x0e, 0x61, 0x9e, 0xfd, 0x0e, 0x5d, 0x9a,
  0xfd, 0x0e, 0x5e, 0x9a, 0xfd, 0x0e, 0x60, 0x9e, 0xed, 0x0d, 0x5f, 0x9d, 0x1f, 0x10, 0x5a, 0x94,
  0x00, 0x00, 0x00, 0x00, 0x05, 0x00, 0x66, 0x99, 0x00, 0x00, 0x00, 0x00, 0x03, 0x00, 0x55, 0xaa,
  0x03, 0x00, 0x55, 0xaa, 0x2e, 0x10, 0x5e, 0x9b, 0xff, 0x0e, 0x5f, 0x9c, 0xff, 0x0e, 0x5e, 0x9a,
  0xfe, 0x0e, 0x5e, 0x9a, 0xfe, 0x0e, 0x5e, 0x9a, 0xfe, 0x0e, 0x5f, 0x9c, 0x2f, 0x10, 0x5c, 0x97,
  0x00, 0x00, 0x00, 0x00, 0x03, 0x00, 0x55, 0xaa, 0x00, 0x00, 0x00, 0x00, 0x0d, 0x13, 0x62, 0x9c,
  0xe9, 0x0e, 0x5e, 0x9a, 0xff, 0x0e, 0x60, 0x9d, 0xfe, 0x0e, 0x5d, 0x99, 0xfc, 0x0e, 0x5e, 0x99,
  0xff, 0x0f, 0x63, 0xa3, 0x53, 0x0f, 0x5f, 0x99, 0x00, 0x00, 0x00, 0x00, 0x00, 0x00, 0x00, 0x00,
  0x6d, 0x0e, 0x5d, 0x9a, 0xff, 0x0f, 0x65, 0xa5, 0xfb, 0x0e, 0x5d, 0x99, 0xff, 0x0e, 0x5e, 0x9a,
  0xfe, 0x0e, 0x5e, 0x9a, 0xfa, 0x0e, 0x5f, 0x9e, 0x29, 0x0c, 0x5d, 0x95, 0x01, 0x00, 0x00, 0xff,
  0x08, 0x00, 0x5f, 0x9f, 0x02, 0x00, 0x7f, 0x7f, 0x00, 0x00, 0x00, 0x00, 0xb5, 0x0e, 0x5e, 0x99,
  0xff, 0x0f, 0x63, 0xa3, 0xfc, 0x0e, 0x5e, 0x99, 0xfb, 0x0e, 0x5e, 0x9a, 0xfe, 0x0f, 0x64, 0xa4,
  0x9d, 0x0e, 0x5e, 0x98, 0x00, 0x00, 0x00, 0x00, 0x2f, 0x2b, 0x9d, 0x56, 0xdb, 0x30, 0xa7, 0x56,
  0xff, 0x30, 0xa7, 0x56, 0xfd, 0x2f, 0xa4, 0x54, 0xe5, 0x2f, 0xa5, 0x55, 0xac, 0x2f, 0xa3, 0x54,
  0xb8, 0x2f, 0xa3, 0x54, 0xff, 0x31, 0xa9, 0x57, 0xfd, 0x2f, 0xa3, 0x54, 0xfc, 0x2e, 0xa2, 0x53,
  0xff, 0x31, 0xab, 0x58, 0xbe, 0x2e, 0xa2, 0x54, 0x3d, 0x2d, 0xa3, 0x53, 0x54, 0x30, 0xa3, 0x55,
  0x73, 0x2e, 0xa4, 0x54, 0xa3, 0x2e, 0xa4, 0x54, 0xda, 0x2f, 0xa4, 0x55, 0xff, 0x31, 0xa9, 0x57,
  0xff, 0x32, 0xad, 0x59, 0xfe, 0x2f, 0xa2, 0x54, 0xfd, 0x2e, 0xa2, 0x53, 0xff, 0x2f, 0xa3, 0x54,
  0xfe, 0x2f, 0xa2, 0x54, 0xfa, 0x2e, 0xa3, 0x53, 0xff, 0x32, 0xaf, 0x5a, 0xcf, 0x30, 0xa6, 0x56,
  0x16, 0x2e, 0xa2, 0x51, 0x00, 0x00, 0x00, 0x00, 0x02, 0x00, 0x7f, 0x7f, 0x02, 0x00, 0xff, 0x7f,
  0xda, 0x2e, 0xa2, 0x54, 0xff, 0x31, 0xa8, 0x57, 0xfd, 0x2f, 0xa3, 0x53, 0xfc, 0x2f, 0xa2, 0x53,
  0xfb, 0x2e, 0xa2, 0x54, 0xfc, 0x2e, 0xa2, 0x53, 0xfc, 0x2f, 0xa2, 0x53, 0xfd, 0x2f, 0xa3, 0x53,
  0xfe, 0x30, 0xa5, 0x55, 0xed, 0x30, 0xa6, 0x56, 0x40, 0x2f, 0xa3, 0x53, 0x26, 0x2e, 0xa1, 0x50,
  0xcf, 0x30, 0xa5, 0x55, 0xff, 0x31, 0xa9, 0x57, 0xfd, 0x2f, 0xa2, 0x53, 0xfc, 0x2e, 0xa2, 0x53,
  0xfd, 0x2f, 0xa3, 0x53, 0xfb, 0x2e, 0xa3, 0x54, 0xfb, 0x2e, 0xa3, 0x54, 0xfe, 0x2f, 0xa3, 0x54,
  0xff, 0x2f, 0xa3, 0x54, 0xfe, 0x2f, 0xa4, 0x54, 0x2a, 0x30, 0xa3, 0x55, 0x00, 0x00, 0x00, 0x00,
  0xd1, 0x2f, 0xa3, 0x54, 0xff, 0x31, 0xaa, 0x57, 0xfd, 0x2f, 0xa2, 0x53, 0xfb, 0x2e, 0xa3, 0x54,
  0xff, 0x32, 0xae, 0x5a, 0x63, 0x2e, 0xa4, 0x55, 0x00, 0x00, 0x00, 0x00, 0x00, 0x00, 0x00, 0x00,
  0xa1, 0x2f, 0xa3, 0x53, 0xff, 0x32, 0xae, 0x5a, 0xfb, 0x2e, 0xa3, 0x54, 0xfd, 0x2f, 0xa3, 0x53,
  0xff, 0x30, 0xa7, 0x56, 0xe3, 0x2f, 0xa1, 0x53, 0x08, 0x1f, 0x9f, 0x5f, 0x00, 0x00, 0x00, 0x00,
  0x01, 0x00, 0x00, 0x00, 0x00, 0x00, 0x00, 0x00, 0x04, 0x3f, 0x7f, 0x3f, 0x00, 0x00, 0x00, 0x00,
  0x57, 0x2e, 0xa4, 0x55, 0xff, 0x32, 0xad, 0x59, 0xfc, 0x2e, 0xa2, 0x53, 0xfb, 0x2e, 0xa2, 0x54,
  0xff, 0x32, 0xaf, 0x5a, 0x8d, 0x2f, 0xa2, 0x53, 0x00, 0x00, 0x00, 0x00, 0x04, 0x3f, 0xbf, 0x3f,
  0x00, 0x00, 0x00, 0x00, 0x04, 0x3f, 0xbf, 0x3f, 0x00, 0x00, 0x00, 0x00, 0x74, 0x2e, 0xa2, 0x53,
  0xff, 0x32, 0xaf, 0x5a, 0xfb, 0x2e, 0xa2, 0x54, 0xfb, 0x2e, 0xa2, 0x54, 0xff, 0x32, 0xaf, 0x5a,
  0x80, 0x2f, 0xa3, 0x53, 0x00, 0x00, 0x00, 0x00, 0x04, 0x3f, 0xbf, 0x3f, 0x00, 0x00, 0x00, 0x00,
  0x00, 0x00, 0x00, 0x00, 0x00, 0x00, 0x00, 0x00, 0x00, 0x00, 0x00, 0x00, 0x00, 0x00, 0x00, 0x00,
  0x00, 0x00, 0x00, 0x00, 0x00, 0x00, 0x00, 0x00, 0x00, 0x00, 0x00, 0x00, 0x02, 0x00, 0x7f, 0x7f,
  0x02, 0x00, 0x7f, 0x7f, 0xc9, 0x0d, 0x5d, 0x98, 0xff, 0x0f, 0x65, 0xa6, 0xdf, 0x0d, 0x5d, 0x9a,
  0x0e, 0x12, 0x5b, 0x91, 0x02, 0x00, 0x7f, 0x7f, 0x01, 0x00, 0x00, 0xff, 0x00, 0x00, 0x00, 0x00,
  0x00, 0x00, 0x00, 0x00, 0x00, 0x00, 0x00, 0x00, 0x00, 0x00, 0x00, 0x00, 0x00, 0x00, 0x00, 0x00,
  0x00, 0x00, 0x00, 0x00, 0x00, 0x00, 0x00, 0x00, 0x00, 0x00, 0x00, 0x00, 0x00, 0x00, 0x00, 0x00,
  0x00, 0x00, 0x00, 0x00, 0x03, 0x00, 0x55, 0xaa, 0x01, 0x00, 0x00, 0x00, 0x35, 0x0e, 0x60, 0x99,
  0xff, 0x0e, 0x60, 0x9d, 0xff, 0x0e, 0x61, 0x9f, 0x3a, 0x0d, 0x5c, 0x99, 0x00, 0x00, 0x00, 0x00,
  0x3d, 0x0c, 0x5b, 0x96, 0xec, 0x0e, 0x60, 0x9d, 0xff, 0x0f, 0x65, 0xa5, 0xfe, 0x0e, 0x5e, 0x99,
  0xfb, 0x0e, 0x5d, 0x99, 0xfd, 0x0e, 0x5d, 0x9a, 0xff, 0x0e, 0x5e, 0x9a, 0xff, 0x0e, 0x5e, 0x9a,
  0xff, 0x0e, 0x5e, 0x9a, 0xff, 0x0e, 0x5e, 0x9a, 0xff, 0x0e, 0x5e, 0x9a, 0xff, 0x0e, 0x5e, 0x9a,
  0xff, 0x0e, 0x5e, 0x9a, 0xff, 0x0e, 0x5f, 0x9b, 0xff, 0x0e, 0x61, 0x9f, 0xff, 0x0f, 0x62, 0xa1,
  0xff, 0x0f, 0x63, 0xa2, 0xff, 0x0f, 0x63, 0xa3, 0xff, 0x0f, 0x63, 0xa3, 0xff, 0x0f, 0x62, 0xa1,
  0xff, 0x0e, 0x60, 0x9e, 0xff, 0x0e, 0x5e, 0x9a, 0xfb, 0x0e, 0x5e, 0x9a, 0xfc, 0x0e, 0x5e, 0x99,
  0xfe, 0x0e, 0x5e, 0x9a, 0xff, 0x0e, 0x5e, 0x9a, 0xff, 0x0e, 0x5e, 0x9a, 0xfd, 0x0e, 0x5d, 0x9a,
  0xfb, 0x0e, 0x5d, 0x99, 0xff, 0x0f, 0x63, 0xa2, 0xf6, 0x0e, 0x61, 0x9f, 0x5f, 0x0d, 0x5d, 0x99,
  0x00, 0x00, 0x00, 0x00, 0x07, 0x00, 0x6d, 0x91, 0x00, 0x00, 0x00, 0x00, 0x78, 0x0e, 0x5d, 0x9b,
  0xff, 0x0f, 0x65, 0xa5, 0xfb, 0x0e, 0x5d, 0x99, 0xff, 0x0e, 0x5e, 0x9a, 0xfc, 0x0e, 0x5e, 0x99,
  0xff, 0x0f, 0x64, 0xa4, 0x62, 0x0d, 0x5d, 0x96, 0x00, 0x00, 0x00, 0x00, 0x06, 0x00, 0x55, 0x7f,
  0x00, 0x00, 0x00, 0x00, 0x00, 0x00, 0x00, 0x00, 0x02, 0x00, 0x7f, 0x7f, 0x01, 0x00, 0x00, 0x00,
  0x30, 0x0f, 0x5f, 0x9a, 0xff, 0x0e, 0x5f, 0x9c, 0xff, 0x0e, 0x5e, 0x9a, 0xfe, 0x0e, 0x5e, 0x9a,
  0xfe, 0x0e, 0x5d, 0x99, 0xff, 0x0e, 0x61, 0x9f, 0x3a, 0x0d, 0x5c, 0x99, 0x00, 0x00, 0x00, 0x00,
  0x00, 0x00, 0x00, 0x00, 0x15, 0x0c, 0x61, 0x9d, 0xf2, 0x0d, 0x5d, 0x99, 0xff, 0x0e, 0x5f, 0x9c,
  0xfe, 0x0e, 0x5e, 0x9a, 0xfc, 0x0e, 0x5e, 0x99, 0xff, 0x0f, 0x64, 0xa3, 0xae, 0x0e, 0x5d, 0x98,
  0x00, 0x00, 0x00, 0x00, 0x05, 0x00, 0x66, 0x99, 0x00, 0x00, 0x00, 0x00, 0x00, 0x00, 0x00, 0x00,
  0x00, 0x00, 0x00, 0x00, 0x00, 0x00, 0x00, 0x00, 0x03, 0x00, 0x55, 0xaa, 0xd8, 0x0e, 0x5d, 0x99,
  0xff, 0x0f, 0x61, 0x9f, 0xfd, 0x0e, 0x5d, 0x9a, 0xfd, 0x0e, 0x5d, 0x9a, 0xff, 0x0f, 0x62, 0xa0,
  0x43, 0x0f, 0x5f, 0x9c, 0x00, 0x00, 0x00, 0x00, 0x07, 0x00, 0x48, 0x91, 0x00, 0x00, 0x00, 0x00,
  0x52, 0x0c, 0x5d, 0x98, 0xff, 0x0f, 0x64, 0xa3, 0xfc, 0x0e, 0x5e, 0x99, 0xff, 0x0e, 0x5e, 0x9a,
  0xfc, 0x0e, 0x5e, 0x99, 0xff, 0x0f, 0x64, 0xa4, 0x62, 0x0d, 0x5d, 0x96, 0x00, 0x00, 0x00, 0x00,
  0x05, 0x00, 0x66, 0x99, 0x00, 0x00, 0x00, 0x00, 0x00, 0x00, 0x00, 0x00, 0x02, 0x00, 0x7f, 0x7f,
  0x00, 0x00, 0x00, 0x00, 0x33, 0x0f, 0x5f, 0x9b, 0xff, 0x0e, 0x60, 0x9d, 0xfe, 0x0e, 0x5e, 0x9a,
  0xfd, 0x0e, 0x5d, 0x9a, 0xff, 0x0e, 0x60, 0x9d, 0xec, 0x0e, 0x5e, 0x99, 0x0f, 0x11, 0x55, 0x99,
  0x00, 0x00, 0x00, 0x00, 0x03, 0x00, 0x55, 0xaa, 0x00, 0x00, 0x00, 0x00, 0x25, 0x0d, 0x60, 0x9e,
  0xfc, 0x0e, 0x5e, 0x9a, 0xff, 0x0e, 0x5e, 0x9b, 0xfe, 0x0e, 0x5e, 0x99, 0xfe, 0x0e, 0x5e, 0x99,
  0xff, 0x0e, 0x60, 0x9e, 0x36, 0x0e, 0x5e, 0x9b, 0x00, 0x00, 0x00, 0x00, 0x00, 0x00, 0x00, 0x00,
  0xbe, 0x0d, 0x5d, 0x9a, 0xfe, 0x0f, 0x63, 0xa2, 0xfc, 0x0e, 0x5e, 0x99, 0xfc, 0x0e, 0x5e, 0x99,
  0xff, 0x0f, 0x64, 0xa3, 0xb4, 0x0e, 0x5d, 0x99, 0x00, 0x00, 0x00, 0x00, 0x00, 0x00, 0x00, 0x00,
  0x00, 0x00, 0x00, 0x00, 0x02, 0x00, 0x7f, 0x7f, 0x8d, 0x0e, 0x5f, 0x9b, 0xff, 0x0f, 0x63, 0xa2,
  0xfd, 0x0e, 0x5d, 0x99, 0xff, 0x0e, 0x5e, 0x9a, 0xfc, 0x0e, 0x5d, 0x98, 0xff, 0x0f, 0x64, 0xa4,
  0x5a, 0x0e, 0x60, 0x99, 0x00, 0x00, 0x00, 0x00, 0xbd, 0x2d, 0xa1, 0x55, 0xff, 0x33, 0xb1, 0x5b,
  0xfb, 0x2e, 0xa2, 0x54, 0xff, 0x2f, 0xa3, 0x54, 0xff, 0x30, 0xa7, 0x56, 0xff, 0x32, 0xad, 0x59,
  0xff, 0x31, 0xaa, 0x57, 0xff, 0x2f, 0xa2, 0x54, 0xff, 0x2f, 0xa3, 0x54, 0xff, 0x2f, 0xa3, 0x54,
  0xff, 0x2f, 0xa3, 0x54, 0xff, 0x30, 0xa5, 0x55, 0xff, 0x31, 0xa9, 0x57, 0xff, 0x32, 0xac, 0x59,
  0xff, 0x32, 0xaf, 0x5a, 0xff, 0x32, 0xae, 0x59, 0xff, 0x30, 0xa8, 0x57, 0xfe, 0x2f, 0xa2, 0x53,
  0xfc, 0x2e, 0xa2, 0x53, 0xff, 0x2f, 0xa3, 0x54, 0xff, 0x2f, 0xa3, 0x54, 0xfc, 0x2e, 0xa1, 0x53,
  0xff, 0x2f, 0xa4, 0x54, 0xff, 0x33, 0xb0, 0x5b, 0xb5, 0x2f, 0xa7, 0x55, 0x11, 0x2d, 0x96, 0x4b,
  0x00, 0x00, 0x00, 0x00, 0x03, 0x00, 0xaa, 0x55, 0x00, 0x00, 0x00, 0x00, 0x06, 0x2a, 0xaa, 0x55,
  0xe0, 0x2e, 0xa2, 0x54, 0xff, 0x30, 0xa8, 0x57, 0xfd, 0x2f, 0xa2, 0x52, 0xff, 0x31, 0xaa, 0x58,
  0xff, 0x32, 0xad, 0x59, 0xff, 0x2f, 0xa3, 0x54, 0xff, 0x2f, 0xa3, 0x54, 0xfc, 0x2e, 0xa2, 0x53,
  0xff, 0x31, 0xab, 0x58, 0xc8, 0x2f, 0xa1, 0x54, 0x00, 0x00, 0x00, 0x00, 0x00, 0x00, 0x00, 0x00,
  0x89, 0x2e, 0xa1, 0x53, 0xff, 0x32, 0xb0, 0x5b, 0xfb, 0x2e, 0xa2, 0x54, 0xff, 0x2f, 0xa3, 0x54,
  0xfe, 0x2f, 0xa2, 0x53, 0xff, 0x31, 0xaa, 0x57, 0xff, 0x32, 0xad, 0x59, 0xff, 0x2f, 0xa3, 0x54,
  0xff, 0x2f, 0xa3, 0x54, 0xff, 0x30, 0xa6, 0x55, 0x30, 0x2f, 0xa4, 0x55, 0x00, 0x00, 0x00, 0x00,
  0xdb, 0x2f, 0xa3, 0x53, 0xff, 0x31, 0xa9, 0x57, 0xfd, 0x2f, 0xa3, 0x53, 0xfb, 0x2e, 0xa3, 0x54,
  0xff, 0x32, 0xad, 0x59, 0x5a, 0x30, 0xa4, 0x55, 0x00, 0x00, 0x00, 0x00, 0x00, 0x00, 0x00, 0x00,
  0xb3, 0x2f, 0xa3, 0x54, 0xff, 0x32, 0xad, 0x59, 0xfc, 0x2e, 0xa2, 0x53, 0xfc, 0x2e, 0xa2, 0x53,
  0xff, 0x32, 0xad, 0x59, 0xb3, 0x2f, 0xa3, 0x54, 0x00, 0x00, 0x00, 0x00, 0x03, 0x55, 0xaa, 0x55,
  0x00, 0x00, 0x00, 0x00, 0x00, 0x00, 0x00, 0x00, 0x04, 0x3f, 0xbf, 0x3f, 0x00, 0x00, 0x00, 0x00,
  0x6c, 0x2f, 0xa2, 0x52, 0xff, 0x32, 0xaf, 0x5a, 0xfb, 0x2e, 0xa2, 0x54, 0xfb, 0x2e, 0xa2, 0x54,
  0xff, 0x32, 0xaf, 0x5a, 0x79, 0x30, 0xa4, 0x54, 0x00, 0x00, 0x00, 0x00, 0x04, 0x3f, 0xbf, 0x3f,
  0x00, 0x00, 0x00, 0x00, 0x04, 0x3f, 0xbf, 0x3f, 0x00, 0x00, 0x00, 0x00, 0x78, 0x2e, 0xa3, 0x55,
  0xff, 0x32, 0xaf, 0x5a, 0xfb, 0x2e, 0xa2, 0x54, 0xfb, 0x2e, 0xa2, 0x54, 0xff, 0x32, 0xaf, 0x5a,
  0x79, 0x2e, 0xa2, 0x54, 0x00, 0x00, 0x00, 0x00, 0x04, 0x3f, 0xbf, 0x3f, 0x00, 0x00, 0x00, 0x00,
  0x00, 0x00, 0x00, 0x00, 0x00, 0x00, 0x00, 0x00, 0x00, 0x00, 0x00, 0x00, 0x00, 0x00, 0x00, 0x00,
  0x00, 0x00, 0x00, 0x00, 0x00, 0x00, 0x00, 0x00, 0x04, 0x00, 0x3f, 0x7f, 0x00, 0x00, 0x00, 0x00,
  0x52, 0x0f, 0x5d, 0x9b, 0xff, 0x0f, 0x63, 0xa2, 0xfe, 0x0e, 0x61, 0x9f, 0x4b, 0x0d, 0x5f, 0x99,
  0x00, 0x00, 0x00, 0x00, 0x03, 0x00, 0x55, 0xaa, 0x00, 0x00, 0x00, 0x00, 0x00, 0x00, 0x00, 0x00,
  0x00, 0x00, 0x00, 0x00, 0x00, 0x00, 0x00, 0x00, 0x00, 0x00, 0x00, 0x00, 0x00, 0x00, 0x00, 0x00,
  0x00, 0x00, 0x00, 0x00, 0x00, 0x00, 0x00, 0x00, 0x00, 0x00, 0x00, 0x00, 0x00, 0x00, 0x00, 0x00,
  0x00, 0x00, 0x00, 0x00, 0x04, 0x00, 0x3f, 0x7f, 0x01, 0x00, 0x00, 0x00, 0x4f, 0x0c, 0x5d, 0x9a,
  0xff, 0x0f, 0x63, 0xa3, 0xfb, 0x0e, 0x5e, 0x9a, 0x26, 0x0d, 0x5d, 0x9a, 0x00, 0x00, 0x00, 0x00,
  0x00, 0x00, 0x00, 0x00, 0x25, 0x0d, 0x59, 0x97, 0xad, 0x0e, 0x61, 0x9f, 0xfe, 0x0e, 0x60, 0x9d,
  0xff, 0x0f, 0x65, 0xa5, 0xff, 0x0e, 0x60, 0x9e, 0xfd, 0x0e, 0x5d, 0x99, 0xfc, 0x0e, 0x5e, 0x99,
  0xff, 0x0e, 0x5e, 0x9a, 0xff, 0x0e, 0x5e, 0x9a, 0xff, 0x0e, 0x5e, 0x9a, 0xff, 0x0e, 0x5e, 0x9a,
  0xff, 0x0e, 0x5e, 0x9a, 0xfe, 0x0e, 0x5e, 0x9a, 0xfd, 0x0e, 0x5d, 0x9a, 0xfc, 0x0e, 0x5e, 0x99,
  0xfc, 0x0e, 0x5e, 0x99, 0xfc, 0x0e, 0x5e, 0x99, 0xfc, 0x0e, 0x5e, 0x99, 0xfc, 0x0e, 0x5e, 0x99,
  0xfd, 0x0e, 0x5d, 0x9a, 0xfe, 0x0e, 0x5e, 0x9a, 0xff, 0x0e, 0x5e, 0x9a, 0xff, 0x0e, 0x5e, 0x9a,
  0xfe, 0x0e, 0x5e, 0x99, 0xfc, 0x0e, 0x5e, 0x99, 0xfc, 0x0e, 0x5e, 0x99, 0xff, 0x0e, 0x61, 0x9e,
  0xff, 0x0f, 0x65, 0xa5, 0xc6, 0x0e, 0x60, 0x9e, 0x31, 0x0f, 0x5d, 0x96, 0x00, 0x00, 0x00, 0x00,
  0x04, 0x00, 0x3f, 0x7f, 0x01, 0x00, 0xff, 0xff, 0x01, 0x00, 0xff, 0xff, 0xcf, 0x0d, 0x5d, 0x99,
  0xfe, 0x0f, 0x62, 0xa0, 0xfc, 0x0e, 0x5e, 0x9a, 0xfc, 0x0e, 0x5e, 0x99, 0xff, 0x0f, 0x62, 0xa1,
  0xcb, 0x0d, 0x5e, 0x99, 0x00, 0x00, 0x00, 0x00, 0x03, 0x00, 0x55, 0xaa, 0x00, 0x00, 0x00, 0x00,
  0x00, 0x00, 0x00, 0x00, 0x00, 0x00, 0x00, 0x00, 0x03, 0x00, 0x55, 0xaa, 0x00, 0x00, 0x00, 0x00,
  0x40, 0x0f, 0x5f, 0x9b, 0xff, 0x0f, 0x62, 0xa0, 0xfd, 0x0e, 0x5d, 0x9a, 0xfe, 0x0e, 0x5e, 0x99,
  0xff, 0x0e, 0x5f, 0x9b, 0xf8, 0x0e, 0x5d, 0x9a, 0x1e, 0x11, 0x5d, 0x99, 0x00, 0x00, 0x00, 0x00,
  0x00, 0x00, 0x00, 0x00, 0x57, 0x0e, 0x5d, 0x98, 0xff, 0x0f, 0x64, 0xa3, 0xfc, 0x0e, 0x5e, 0x99,
  0xff, 0x0e, 0x5e, 0x9a, 0xfe, 0x0e, 0x5e, 0x9a, 0xfc, 0x0e, 0x61, 0x9d, 0x2e, 0x10, 0x5e, 0x9b,
  0x01, 0x00, 0x00, 0xff, 0x03, 0x00, 0x55, 0xaa, 0x00, 0x00, 0x00, 0x00, 0x00, 0x00, 0x00, 0x00,
  0x02, 0x00, 0x7f, 0x7f, 0x00, 0x00, 0x00, 0x00, 0x1a, 0x09, 0x62, 0x9c, 0xf6, 0x0e, 0x5e, 0x9a,
  0xff, 0x0e, 0x5f, 0x9b, 0xfe, 0x0e, 0x5d, 0x99, 0xff, 0x0e, 0x5e, 0x9a, 0xfc, 0x0e, 0x5e, 0x9a,
  0x26, 0x0d, 0x5d, 0x9a, 0x00, 0x00, 0x00, 0x00, 0x06, 0x00, 0x55, 0x7f, 0x00, 0x00, 0x00, 0x00,
  0xa4, 0x0d, 0x5d, 0x99, 0xfe, 0x0f, 0x64, 0xa4, 0xfb, 0x0e, 0x5e, 0x9a, 0xfd, 0x0e, 0x5d, 0x9a,
  0xff, 0x0e, 0x61, 0xa0, 0xd6, 0x0e, 0x5e, 0x99, 0x03, 0x00, 0x55, 0xaa, 0x02, 0x00, 0x7f, 0x7f,
  0x01, 0x00, 0x00, 0x00, 0x00, 0x00, 0x00, 0x00, 0x00, 0x00, 0x00, 0x00, 0x04, 0x00, 0x3f, 0x7f,
  0x01, 0x00, 0x00, 0x00, 0x57, 0x0e, 0x5d, 0x9b, 0xff, 0x0f, 0x64, 0xa3, 0xfc, 0x0e, 0x5e, 0x99,
  0xfd, 0x0e, 0x5d, 0x9a, 0xff, 0x0f, 0x62, 0xa1, 0xce, 0x0d, 0x5e, 0x99, 0x00, 0x00, 0x00, 0x00,
  0x01, 0x00, 0x00, 0x00, 0x03, 0x00, 0x55, 0xaa, 0x00, 0x00, 0x00, 0x00, 0x3f, 0x0c, 0x5d, 0x99,
  0xff, 0x0f, 0x62, 0xa0, 0xfd, 0x0e, 0x5d, 0x9a, 0xfe, 0x0e, 0x5e, 0x99, 0xff, 0x0e, 0x5f, 0x9b,
  0xfa, 0x0e, 0x5d, 0x9a, 0x21, 0x0f, 0x5c, 0x9a, 0x00, 0x00, 0x00, 0x00, 0x13, 0x0d, 0x5d, 0x93,
  0xee, 0x0d, 0x5e, 0x9a, 0xff, 0x0e, 0x60, 0x9d, 0xfe, 0x0e, 0x5e, 0x99, 0xfc, 0x0e, 0x5e, 0x99,
  0xff, 0x0f, 0x64, 0xa4, 0x5c, 0x0d, 0x5e, 0x9b, 0x07, 0x00, 0x6d, 0x91, 0x21, 0x0f, 0x5c, 0x9a,
  0x60, 0x0d, 0x5f, 0x9c, 0xca, 0x0d, 0x5f, 0x9c, 0xff, 0x0f, 0x64, 0xa3, 0xfd, 0x0e, 0x5d, 0x9a,
  0xff, 0x0e, 0x5e, 0x9a, 0xfd, 0x0e, 0x5d, 0x9a, 0xfd, 0x0e, 0x60, 0x9f, 0xe8, 0x0e, 0x5e, 0x99,
  0x0d, 0x00, 0x4e, 0x9c, 0x03, 0x55, 0xaa, 0x55, 0xe6, 0x2e, 0xa2, 0x54, 0xfa, 0x2f, 0xa7, 0x56,
  0xfc, 0x2f, 0xa2, 0x53, 0xfe, 0x2f, 0xa3, 0x54, 0xfd, 0x2f, 0xa3, 0x54, 0xfc, 0x2e, 0xa2, 0x53,
  0xfd, 0x2f, 0xa3, 0x53, 0xff, 0x2f, 0xa3, 0x54, 0xff, 0x2f, 0xa3, 0x54, 0xff, 0x2f, 0xa3, 0x54,
  0xff, 0x2f, 0xa3, 0x54, 0xfe, 0x2f, 0xa3, 0x54, 0xfd, 0x2f, 0xa3, 0x53, 0xfc, 0x2e, 0xa2, 0x53,
  0xfb, 0x2e, 0xa2, 0x54, 0xfb, 0x2e, 0xa3, 0x54, 0xfd, 0x2f, 0xa3, 0x53, 0xfe, 0x2f, 0xa3, 0x54,
  0xfd, 0x2f, 0xa3, 0x53, 0xfb, 0x2e, 0xa2, 0x54, 0xff, 0x2f, 0xa3, 0x54, 0xff, 0x32, 0xad, 0x59,
  0xf6, 0x30, 0xa7, 0x57, 0x7b, 0x2f, 0xa5, 0x55, 0x00, 0x00, 0x00, 0x00, 0x00, 0x00, 0x00, 0x00,
  0x02, 0x00, 0x7f, 0x7f, 0x00, 0x00, 0x00, 0x00, 0x00, 0x00, 0x00, 0x00, 0x01, 0x00, 0x00, 0x00,
  0xd4, 0x2e, 0xa3, 0x54, 0xff, 0x30, 0xa8, 0x57, 0xff, 0x31, 0xa8, 0x57, 0xba, 0x2e, 0xa3, 0x53,
  0xa5, 0x2e, 0xa2, 0x53, 0xfe, 0x30, 0xa5, 0x55, 0xfe, 0x2f, 0xa3, 0x54, 0xfe, 0x2f, 0xa3, 0x54,
  0xfe, 0x2f, 0xa3, 0x54, 0xfa, 0x2f, 0xa7, 0x56, 0x7a, 0x30, 0xa3, 0x53, 0x5d, 0x2e, 0xa1, 0x52,
  0xea, 0x2f, 0xa5, 0x55, 0xfe, 0x30, 0xa5, 0x55, 0xfe, 0x2f, 0xa2, 0x54, 0xfd, 0x2e, 0xa2, 0x53,
  0xff, 0x31, 0xab, 0x58, 0xc2, 0x2f, 0xa2, 0x54, 0xa4, 0x2e, 0xa3, 0x53, 0xfe, 0x30, 0xa6, 0x55,
  0xff, 0x2f, 0xa3, 0x54, 0xfd, 0x2f, 0xa3, 0x53, 0x23, 0x2b, 0xa0, 0x50, 0x00, 0x00, 0x00, 0x00,
  0xe3, 0x2f, 0xa2, 0x54, 0xff, 0x30, 0xa8, 0x56, 0xfd, 0x2f, 0xa3, 0x53, 0xfc, 0x2e, 0xa2, 0x53,
  0xff, 0x32, 0xac, 0x59, 0x50, 0x2f, 0xa2, 0x52, 0x00, 0x00, 0x00, 0x00, 0x00, 0x00, 0x00, 0x00,
  0xc3, 0x2f, 0xa3, 0x53, 0xff, 0x31, 0xab, 0x58, 0xfc, 0x2e, 0xa2, 0x53, 0xfb, 0x2e, 0xa2, 0x54,
  0xff, 0x32, 0xaf, 0x5a, 0x8d, 0x2f, 0xa2, 0x55, 0x00, 0x00, 0x00, 0x00, 0x04, 0x3f, 0xbf, 0x3f,
  0x00, 0x00, 0x00, 0x00, 0x00, 0x00, 0x00, 0x00, 0x04, 0x3f, 0xbf, 0x3f, 0x00, 0x00, 0x00, 0x00,
  0x87, 0x2f, 0xa2, 0x53, 0xff, 0x32, 0xaf, 0x5a, 0xfb, 0x2e, 0xa2, 0x54, 0xfb, 0x2e, 0xa3, 0x54,
  0xff, 0x32, 0xae, 0x5a, 0x5f, 0x30, 0xa3, 0x53, 0x00, 0x00, 0x00, 0x00, 0x04, 0x3f, 0x7f, 0x3f,
  0x00, 0x00, 0x00, 0x00, 0x04, 0x3f, 0xbf, 0x3f, 0x00, 0x00, 0x00, 0x00, 0x77, 0x2f, 0xa2, 0x53,
  0xff, 0x32, 0xaf, 0x5a, 0xfb, 0x2e, 0xa2, 0x54, 0xfb, 0x2e, 0xa2, 0x54, 0xff, 0x32, 0xaf, 0x5a,
  0x7b, 0x2f, 0xa3, 0x55, 0x00, 0x00, 0x00, 0x00, 0x04, 0x3f, 0xbf, 0x3f, 0x00, 0x00, 0x00, 0x00,
  0x00, 0x00, 0x00, 0x00, 0x00, 0x00, 0x00, 0x00, 0x00, 0x00, 0x00, 0x00, 0x00, 0x00, 0x00, 0x00,
  0x00, 0x00, 0x00, 0x00, 0x00, 0x00, 0x00, 0x00, 0x02, 0x00, 0x7f, 0x7f, 0x01, 0x00, 0x00, 0x00,
  0xc5, 0x0e, 0x5d, 0x98, 0xfe, 0x0f, 0x68, 0xaa, 0xb3, 0x0e, 0x5c, 0x98, 0x00, 0x00, 0x00, 0x00,
  0x03, 0x00, 0x55, 0xaa, 0x00, 0x00, 0x00, 0x00, 0x00, 0x00, 0x00, 0x00, 0x00, 0x00, 0x00, 0x00,
  0x00, 0x00, 0x00, 0x00, 0x00, 0x00, 0x00, 0x00, 0x00, 0x00, 0x00, 0x00, 0x00, 0x00, 0x00, 0x00,
  0x00, 0x00, 0x00, 0x00, 0x00, 0x00, 0x00, 0x00, 0x00, 0x00, 0x00, 0x00, 0x00, 0x00, 0x00, 0x00,
  0x00, 0x00, 0x00, 0x00, 0x04, 0x00, 0x3f, 0x7f, 0x00, 0x00, 0x00, 0x00, 0x8f, 0x0e, 0x5e, 0x9b,
  0xff, 0x0f, 0x67, 0xa9, 0xdb, 0x0d, 0x5e, 0x99, 0x06, 0x00, 0x55, 0xaa, 0x00, 0x00, 0x00, 0x00,
  0x02, 0x00, 0x7f, 0x7f, 0x00, 0x00, 0x00, 0x00, 0x00, 0x00, 0x00, 0x00, 0x34, 0x0e, 0x5d, 0x9c,
  0x92, 0x0d, 0x60, 0x9d, 0xdf, 0x0e, 0x60, 0x9d, 0xff, 0x0f, 0x62, 0xa1, 0xff, 0x0f, 0x63, 0xa2,
  0xff, 0x0e, 0x5e, 0x99, 0xff, 0x0e, 0x5e, 0x9a, 0xff, 0x0e, 0x5e, 0x9a, 0xff, 0x0e, 0x5e, 0x9a,
  0xff, 0x0e, 0x5e, 0x9a, 0xfe, 0x0e, 0x5e, 0x99, 0xfd, 0x0e, 0x5d, 0x9a, 0xfd, 0x0e, 0x5d, 0x9a,
  0xfd, 0x0e, 0x5d, 0x9a, 0xfd, 0x0e, 0x5d, 0x9a, 0xfd, 0x0e, 0x5d, 0x9a, 0xfd, 0x0e, 0x5d, 0x9a,
  0xfc, 0x0e, 0x5e, 0x99, 0xfb, 0x0e, 0x5e, 0x9a, 0xfb, 0x0e, 0x5d, 0x99, 0xfd, 0x0e, 0x5d, 0x99,
  0xff, 0x0e, 0x5f, 0x9c, 0xff, 0x0f, 0x63, 0xa2, 0xff, 0x0f, 0x64, 0xa4, 0xdc, 0x0d, 0x60, 0x9e,
  0x6a, 0x0e, 0x60, 0x9c, 0x03, 0x00, 0x55, 0x55, 0x00, 0x00, 0x00, 0x00, 0x03, 0x00, 0x55, 0xaa,
  0x02, 0x00, 0x7f, 0x7f, 0x00, 0x00, 0x00, 0x00, 0x23, 0x0e, 0x5e, 0x99, 0xfb, 0x0e, 0x5e, 0x9b,
  0xff, 0x0e, 0x5e, 0x9b, 0xfe, 0x0e, 0x5e, 0x9a, 0xfc, 0x0e, 0x5e, 0x99, 0xff, 0x0f, 0x64, 0xa4,
  0x5e, 0x0d, 0x5e, 0x9a, 0x00, 0x00, 0x00, 0x00, 0x04, 0x00, 0x3f, 0x7f, 0x00, 0x00, 0x00, 0x00,
  0x00, 0x00, 0x00, 0x00, 0x00, 0x00, 0x00, 0x00, 0x04, 0x00, 0x7f, 0x7f, 0x01, 0x00, 0x00, 0x00,
  0x73, 0x0d, 0x5f, 0x9b, 0xff, 0x0f, 0x65, 0xa5, 0xfb, 0x0e, 0x5d, 0x9a, 0xfe, 0x0e, 0x5d, 0x99,
  0xff, 0x0e, 0x60, 0x9d, 0xe9, 0x0e, 0x5e, 0x99, 0x0d, 0x13, 0x62, 0x9c, 0x01, 0x00, 0x00, 0x00,
  0x00, 0x00, 0x00, 0x00, 0x95, 0x0d, 0x5e, 0x9a, 0xfe, 0x0f, 0x65, 0xa5, 0xfb, 0x0e, 0x5e, 0x9a,
  0xfc, 0x0e, 0x5e, 0x99, 0xff, 0x0f, 0x63, 0xa2, 0xc4, 0x0e, 0x5d, 0x99, 0x00, 0x00, 0x00, 0x00,
  0x02, 0x00, 0x7f, 0x7f, 0x00, 0x00, 0x00, 0x00, 0x00, 0x00, 0x00, 0x00, 0x00, 0x00, 0x00, 0x00,
  0x04, 0x00, 0x3f, 0x7f, 0x01, 0x00, 0x00, 0xff, 0x56, 0x0e, 0x5e, 0x9a, 0xff, 0x0f, 0x64, 0xa3,
  0xfc, 0x0e, 0x5e, 0x99, 0xfe, 0x0e, 0x5e, 0x99, 0xff, 0x0e, 0x60, 0x9d, 0xec, 0x0e, 0x5e, 0x9a,
  0x10, 0x0f, 0x5f, 0x9f, 0x00, 0x00, 0x00, 0x00, 0x01, 0x00, 0x00, 0x00, 0x05, 0x00, 0x66, 0x99,
  0xdc, 0x0d, 0x5d, 0x9a, 0xff, 0x0e, 0x61, 0x9f, 0xfd, 0x0e, 0x5d, 0x9a, 0xfb, 0x0e, 0x5d, 0x99,
  0xff, 0x0f, 0x65, 0xa5, 0x76, 0x0f, 0x5f, 0x99, 0x00, 0x00, 0x00, 0x00, 0x04, 0x00, 0x3f, 0x7f,
  0x00, 0x00, 0x00, 0x00, 0x00, 0x00, 0x00, 0x00, 0x00, 0x00, 0x00, 0x00, 0x03, 0x00, 0x55, 0xaa,
  0x00, 0x00, 0x00, 0x00, 0x9b, 0x0e, 0x5d, 0x99, 0xff, 0x0f, 0x65, 0xa5, 0xfb, 0x0e, 0x5e, 0x9a,
  0xfb, 0x0e, 0x5e, 0x9a, 0xff, 0x0f, 0x64, 0xa3, 0xaf, 0x0e, 0x5e, 0x9a, 0x00, 0x00, 0x00, 0x00,
  0x03, 0x00, 0x55, 0xaa, 0x04, 0x00, 0x3f, 0x7f, 0x00, 0x00, 0x00, 0x00, 0x56, 0x0e, 0x5b, 0x9a,
  0xff, 0x0f, 0x64, 0xa3, 0xfc, 0x0e, 0x5e, 0x99, 0xfe, 0x0e, 0x5e, 0x99, 0xff, 0x0e, 0x60, 0x9d,
  0xec, 0x0e, 0x5e, 0x9a, 0x13, 0x0d, 0x5d, 0x93, 0x00, 0x00, 0x00, 0x00, 0x33, 0x0f, 0x5f, 0x9b,
  0xff, 0x0e, 0x60, 0x9d, 0xfe, 0x0e, 0x5e, 0x9a, 0xff, 0x0e, 0x5e, 0x9a, 0xff, 0x0e, 0x5e, 0x9a,
  0xff, 0x0e, 0x5e, 0x9a, 0xdc, 0x0d, 0x5d, 0x9a, 0xe0, 0x0d, 0x5e, 0x99, 0xf6, 0x0e, 0x5e, 0x9a,
  0xff, 0x0f, 0x64, 0xa4, 0xff, 0x0f, 0x62, 0xa0, 0xfc, 0x0e, 0x5e, 0x99, 0xff, 0x0e, 0x5e, 0x9a,
  0xfe, 0x0e, 0x5e, 0x99, 0xfa, 0x0e, 0x5d, 0x9a, 0xff, 0x0f, 0x66, 0xa7, 0x61, 0x0d, 0x5e, 0x98,
  0x00, 0x00, 0x00, 0x00, 0x01, 0x00, 0x00, 0xff, 0xa7, 0x2f, 0xa3, 0x53, 0xff, 0x34, 0xb6, 0x5e,
  0xff, 0x2f, 0xa3, 0x54, 0xfc, 0x2e, 0xa2, 0x53, 0xfb, 0x2e, 0xa2, 0x54, 0xfc, 0x2e, 0xa2, 0x53,
  0xfd, 0x2f, 0xa3, 0x53, 0xfe, 0x2f, 0xa3, 0x54, 0xff, 0x2f, 0xa3, 0x54, 0xff, 0x2f, 0xa3, 0x54,
  0xff, 0x2f, 0xa3, 0x54, 0xff, 0x2f, 0xa3, 0x54, 0xfe, 0x2f, 0xa3, 0x54, 0xfd, 0x2f, 0xa3, 0x53,
  0xfc, 0x2e, 0xa2, 0x53, 0xfb, 0x2e, 0xa3, 0x54, 0xfb, 0x2e, 0xa2, 0x54, 0xfe, 0x2f, 0xa2, 0x53,
  0xff, 0x30, 0xa7, 0x56, 0xff, 0x32, 0xae, 0x5a, 0xfc, 0x30, 0xa6, 0x56, 0xa9, 0x30, 0xa7, 0x56,
  0x2c, 0x2e, 0xa2, 0x51, 0x00, 0x00, 0x00, 0x00, 0x01, 0x00, 0xff, 0x00, 0x01, 0x00, 0xff, 0x00,
  0x00, 0x00, 0x00, 0x00, 0x00, 0x00, 0x00, 0x00, 0x03, 0x55, 0xaa, 0x55, 0x00, 0x00, 0x00, 0x00,
  0xb3, 0x2f, 0xa2, 0x54, 0xff, 0x32, 0xad, 0x59, 0xf9, 0x2f, 0xa4, 0x55, 0x1e, 0x33, 0xa1, 0x55,
  0x00, 0x00, 0x00, 0x00, 0xa0, 0x2f, 0xa4, 0x54, 0xff, 0x32, 0xae, 0x59, 0xfb, 0x2e, 0xa2, 0x54,
  0xff, 0x2f, 0xa3, 0x54, 0xff, 0x2f, 0xa4, 0x55, 0xff, 0x32, 0xac, 0x59, 0xff, 0x32, 0xad, 0x59,
  0xff, 0x30, 0xa6, 0x56, 0xff, 0x2f, 0xa2, 0x54, 0xfe, 0x2f, 0xa2, 0x54, 0xfe, 0x30, 0xa7, 0x56,
  0xe3, 0x30, 0xa5, 0x55, 0x10, 0x2f, 0x9f, 0x4f, 0x00, 0x00, 0x00, 0x00, 0xcc, 0x2e, 0xa2, 0x53,
  0xff, 0x32, 0xae, 0x59, 0xe6, 0x2e, 0xa2, 0x54, 0x08, 0x3f, 0x9f, 0x5f, 0x08, 0x3f, 0x9f, 0x5f,
  0xe8, 0x2f, 0xa3, 0x54, 0xff, 0x30, 0xa7, 0x56, 0xfd, 0x2f, 0xa3, 0x53, 0xfd, 0x2f, 0xa3, 0x53,
  0xff, 0x31, 0xaa, 0x58, 0x44, 0x30, 0xa5, 0x52, 0x00, 0x00, 0x00, 0x00, 0x01, 0x00, 0x00, 0x00,
  0xd1, 0x2f, 0xa2, 0x54, 0xff, 0x31, 0xaa, 0x57, 0xfd, 0x2f, 0xa3, 0x53, 0xfb, 0x2e, 0xa2, 0x54,
  0xff, 0x32, 0xaf, 0x5a, 0x70, 0x2f, 0xa3, 0x54, 0x00, 0x00, 0x00, 0x00, 0x04, 0x3f, 0xbf, 0x3f,
  0x00, 0x00, 0x00, 0x00, 0x00, 0x00, 0x00, 0x00, 0x04, 0x3f, 0x7f, 0x3f, 0x00, 0x00, 0x00, 0x00,
  0xa2, 0x2f, 0xa3, 0x53, 0xff, 0x32, 0xae, 0x5a, 0xfb, 0x2e, 0xa2, 0x54, 0xfd, 0x2f, 0xa3, 0x53,
  0xff, 0x31, 0xaa, 0x57, 0x41, 0x2f, 0xa4, 0x56, 0x00, 0x00, 0x00, 0x00, 0x03, 0x55, 0xaa, 0x55,
  0x00, 0x00, 0x00, 0x00, 0x04, 0x3f, 0xbf, 0x3f, 0x00, 0x00, 0x00, 0x00, 0x6d, 0x2e, 0xa1, 0x54,
  0xff, 0x32, 0xaf, 0x5a, 0xfb, 0x2e, 0xa2, 0x54, 0xfb, 0x2e, 0xa2, 0x54, 0xff, 0x32, 0xaf, 0x5a,
  0x8a, 0x2e, 0xa2, 0x53, 0x00, 0x00, 0x00, 0x00, 0x04, 0x3f, 0xbf, 0x3f, 0x00, 0x00, 0x00, 0x00,
  0x00, 0x00, 0x00, 0x00, 0x00, 0x00, 0x00, 0x00, 0x00, 0x00, 0x00, 0x00, 0x00, 0x00, 0x00, 0x00,
  0x00, 0x00, 0x00, 0x00, 0x03, 0x00, 0x55, 0xaa, 0x00, 0x00, 0x00, 0x00, 0x35, 0x0e, 0x60, 0x99,
  0xfd, 0x0e, 0x60, 0x9e, 0xff, 0x0f, 0x62, 0xa0, 0x42, 0x0f, 0x60, 0x9a, 0x01, 0x00, 0x00, 0xff,
  0x03, 0x00, 0x55, 0xaa, 0x00, 0x00, 0x00, 0x00, 0x00, 0x00, 0x00, 0x00, 0x00, 0x00, 0x00, 0x00,
  0x00, 0x00, 0x00, 0x00, 0x00, 0x00, 0x00, 0x00, 0x00, 0x00, 0x00, 0x00, 0x00, 0x00, 0x00, 0x00,
  0x00, 0x00, 0x00, 0x00, 0x00, 0x00, 0x00, 0x00, 0x00, 0x00, 0x00, 0x00, 0x00, 0x00, 0x00, 0x00,
  0x01, 0x00, 0x00, 0x00, 0x01, 0x00, 0x00, 0xff, 0x0a, 0x19, 0x66, 0x99, 0xe0, 0x0d, 0x5d, 0x99,
  0xff, 0x0f, 0x67, 0xa9, 0x93, 0x0d, 0x5d, 0x9a, 0x00, 0x00, 0x00, 0x00, 0x04, 0x00, 0x7f, 0x7f,
  0x00, 0x00, 0x00, 0x00, 0x02, 0x00, 0x7f, 0x7f, 0x02, 0x00, 0x7f, 0x7f, 0x00, 0x00, 0x00, 0x00,
  0x00, 0x00, 0x00, 0x00, 0x0c, 0x15, 0x55, 0x94, 0x49, 0x0d, 0x61, 0x9d, 0xaa, 0x0f, 0x60, 0x9d,
  0xfe, 0x0f, 0x60, 0x9e, 0xfe, 0x0e, 0x5d, 0x99, 0xff, 0x0e, 0x5e, 0x9a, 0xff, 0x0e, 0x5e, 0x9a,
  0xff, 0x0e, 0x5e, 0x9a, 0xff, 0x0e, 0x5f, 0x9c, 0xff, 0x0f, 0x62, 0xa0, 0xff, 0x0e, 0x61, 0x9f,
  0xff, 0x0e, 0x61, 0x9f, 0xff, 0x0e, 0x61, 0x9f, 0xff, 0x0e, 0x61, 0x9f, 0xff, 0x0f, 0x62, 0xa0,
  0xff, 0x0f, 0x63, 0xa2, 0xff, 0x0f, 0x64, 0xa4, 0xff, 0x0f, 0x65, 0xa5, 0xff, 0x0f, 0x63, 0xa2,
  0xf1, 0x0e, 0x5f, 0x9c, 0xb6, 0x0e, 0x60, 0x9e, 0x5d, 0x0d, 0x5f, 0x9f, 0x0b, 0x00, 0x5c, 0x8b,
  0x00, 0x00, 0x00, 0x00, 0x00, 0x00, 0x00, 0x00, 0x02, 0x00, 0x7f, 0x7f, 0x00, 0x00, 0x00, 0x00,
  0x04, 0x00, 0x3f, 0x7f, 0x00, 0x00, 0x00, 0x00, 0x54, 0x0f, 0x5e, 0x9a, 0xff, 0x0f, 0x63, 0xa3,
  0xfc, 0x0e, 0x5e, 0x99, 0xfe, 0x0e, 0x5e, 0x9a, 0xff, 0x0e, 0x5f, 0x9c, 0xf4, 0x0d, 0x5e, 0x9a,
  0x18, 0x0a, 0x5f, 0x94, 0x00, 0x00, 0x00, 0x00, 0x02, 0x00, 0x7f, 0x7f, 0x00, 0x00, 0x00, 0x00,
  0x00, 0x00, 0x00, 0x00, 0x00, 0x00, 0x00, 0x00, 0x02, 0x00, 0x7f, 0x7f, 0x00, 0x00, 0x00, 0x00,
  0xc5, 0x0e, 0x5d, 0x98, 0xff, 0x0f, 0x63, 0xa1, 0xfc, 0x0e, 0x5e, 0x99, 0xfd, 0x0e, 0x5d, 0x9a,
  0xff, 0x0e, 0x61, 0x9f, 0xdd, 0x0d, 0x5e, 0x9a, 0x05, 0x00, 0x66, 0x99, 0x01, 0x00, 0x00, 0x00,
  0x00, 0x00, 0x00, 0x00, 0xbe, 0x0d, 0x5d, 0x9a, 0xff, 0x0f, 0x63, 0xa2, 0xfc, 0x0e, 0x5e, 0x99,
  0xfb, 0x0e, 0x5d, 0x99, 0xff, 0x0f, 0x65, 0xa5, 0x7f, 0x0e, 0x5e, 0x9a, 0x01, 0x00, 0x00, 0x00,
  0x04, 0x00, 0x7f, 0xbf, 0x00, 0x00, 0x00, 0x00, 0x00, 0x00, 0x00, 0x00, 0x00, 0x00, 0x00, 0x00,
  0x03, 0x00, 0x55, 0xaa, 0x00, 0x00, 0x00, 0x00, 0xb2, 0x0e, 0x5d, 0x99, 0xff, 0x0f, 0x64, 0xa3,
  0xfc, 0x0e, 0x5e, 0x99, 0xfd, 0x0e, 0x5d, 0x9a, 0xff, 0x0e, 0x61, 0x9f, 0xd9, 0x0e, 0x5e, 0x99,
  0x02, 0x00, 0x7f, 0x7f, 0x01, 0x00, 0x00, 0xff, 0x00, 0x00, 0x00, 0x00, 0x1f, 0x10, 0x5a, 0x9c,
  0xf9, 0x0e, 0x5e, 0x9a, 0xff, 0x0e, 0x5f, 0x9b, 0xfe, 0x0e, 0x5e, 0x99, 0xfe, 0x0e, 0x5e, 0x9a,
  0xfe, 0x0e, 0x60, 0x9d, 0x31, 0x0f, 0x5d, 0x96, 0x00, 0x00, 0x00, 0x00, 0x02, 0x00, 0x7f, 0x7f,
  0x00, 0x00, 0x00, 0x00, 0x00, 0x00, 0x00, 0x00, 0x01, 0x00, 0x00, 0xff, 0x01, 0x00, 0x00, 0xff,
  0x0d, 0x13, 0x62, 0x9c, 0xe8, 0x0e, 0x5e, 0x9a, 0xff, 0x0e, 0x60, 0x9d, 0xfe, 0x0e, 0x5e, 0x99,
  0xfb, 0x0e, 0x5e, 0x9a, 0xff, 0x0f, 0x65, 0xa5, 0x94, 0x0d, 0x5e, 0x99, 0x00, 0x00, 0x00, 0x00,
  0x04, 0x00, 0x3f, 0x7f, 0x04, 0x00, 0x3f, 0x7f, 0x00, 0x00, 0x00, 0x00, 0x66, 0x0f, 0x5f, 0x9b,
  0xff, 0x0f, 0x64, 0xa5, 0xfb, 0x0e, 0x5e, 0x9a, 0xfd, 0x0e, 0x5d, 0x9a, 0xff, 0x0e, 0x61, 0x9e,
  0xe1, 0x0d, 0x5e, 0x9a, 0x0a, 0x19, 0x66, 0x99, 0x00, 0x00, 0x00, 0x00, 0x4b, 0x0d, 0x5f, 0x99,
  0xff, 0x0f, 0x63, 0xa2, 0xfc, 0x0e, 0x5e, 0x99, 0xff, 0x0e, 0x5e, 0x9a, 0xff, 0x0e, 0x5e, 0x9a,
  0xff, 0x0e, 0x5e, 0x9a, 0xff, 0x0e, 0x61, 0x9f, 0xff, 0x0e, 0x61, 0x9e, 0xff, 0x0e, 0x5f, 0x9b,
  0xfc, 0x0e, 0x5e, 0x99, 0xfd, 0x0e, 0x5d, 0x9a, 0xff, 0x0e, 0x5e, 0x9a, 0xfc, 0x0e, 0x5e, 0x99,
  0xfd, 0x0e, 0x5d, 0x9a, 0xff, 0x0f, 0x66, 0xa8, 0x90, 0x0e, 0x5d, 0x9a, 0x00, 0x00, 0x00, 0x00,
  0x03, 0x00, 0x55, 0xaa, 0x01, 0x00, 0xff, 0x00, 0x0f, 0x33, 0xaa, 0x55, 0x9a, 0x30, 0xa5, 0x56,
  0xf3, 0x30, 0xa6, 0x56, 0xff, 0x32, 0xad, 0x59, 0xff, 0x32, 0xae, 0x5a, 0xff, 0x32, 0xac, 0x59,
  0xff, 0x31, 0xaa, 0x57, 0xff, 0x2f, 0xa5, 0x55, 0xff, 0x2f, 0xa3, 0x54, 0xff, 0x2f, 0xa3, 0x54,
  0xff, 0x2f, 0xa3, 0x54, 0xff, 0x2f, 0xa3, 0x54, 0xff, 0x2f, 0xa4, 0x55, 0xff, 0x30, 0xa8, 0x57,
  0xff, 0x31, 0xab, 0x58, 0xff, 0x32, 0xae, 0x5a, 0xff, 0x32, 0xaf, 0x5a, 0xff, 0x30, 0xa8, 0x57,
  0xdd, 0x2f, 0xa6, 0x55, 0x90, 0x2f, 0xa6, 0x56, 0x31, 0x2e, 0xa6, 0x53, 0x00, 0x00, 0x00, 0x00,
  0x00, 0x00, 0x00, 0x00, 0x03, 0x55, 0xaa, 0x55, 0x00, 0x00, 0x00, 0x00, 0x00, 0x00, 0x00, 0x00,
  0x00, 0x00, 0x00, 0x00, 0x00, 0x00, 0x00, 0x00, 0x04, 0x3f, 0xbf, 0x3f, 0x00, 0x00, 0x00, 0x00,
  0x75, 0x2d, 0xa3, 0x55, 0xff, 0x32, 0xaf, 0x5a, 0xfa, 0x2f, 0xa6, 0x55, 0x45, 0x30, 0xa2, 0x55,
  0x00, 0x00, 0x00, 0x00, 0xae, 0x2e, 0xa2, 0x53, 0xff, 0x32, 0xad, 0x59, 0xfc, 0x2e, 0xa2, 0x53,
  0xff, 0x2f, 0xa3, 0x54, 0xfe, 0x2f, 0xa3, 0x54, 0xf8, 0x2f, 0xa3, 0x54, 0xf8, 0x2f, 0xa2, 0x54,
  0xfd, 0x2f, 0xa3, 0x53, 0xff, 0x2f, 0xa3, 0x54, 0xfc, 0x2e, 0xa2, 0x53, 0xff, 0x31, 0xaa, 0x58,
  0xcc, 0x2f, 0xa3, 0x53, 0x00, 0x00, 0x00, 0x00, 0x17, 0x2c, 0xa6, 0x58, 0xe4, 0x2e, 0xa5, 0x55,
  0xfe, 0x33, 0xaf, 0x5a, 0xb5, 0x2e, 0xa2, 0x53, 0x00, 0x00, 0x00, 0x00, 0x13, 0x35, 0xa1, 0x50,
  0xec, 0x2f, 0xa3, 0x54, 0xff, 0x30, 0xa6, 0x56, 0xfe, 0x2f, 0xa2, 0x54, 0xfe, 0x2f, 0xa2, 0x54,
  0xff, 0x30, 0xa7, 0x56, 0x38, 0x2d, 0xa3, 0x51, 0x00, 0x00, 0x00, 0x00, 0x06, 0x2a, 0xaa, 0x55,
  0xdc, 0x2f, 0xa2, 0x53, 0xff, 0x30, 0xa8, 0x57, 0xfd, 0x2f, 0xa3, 0x53, 0xfb, 0x2e, 0xa3, 0x54,
  0xff, 0x32, 0xad, 0x59, 0x5b, 0x2f, 0xa2, 0x54, 0x00, 0x00, 0x00, 0x00, 0x04, 0x3f, 0x7f, 0x3f,
  0x00, 0x00, 0x00, 0x00, 0x00, 0x00, 0x00, 0x00, 0x02, 0x00, 0xff, 0x7f, 0x00, 0x00, 0x00, 0x00,
  0xb9, 0x2e, 0xa2, 0x54, 0xff, 0x32, 0xac, 0x59, 0xfb, 0x2e, 0xa3, 0x54, 0xff, 0x2f, 0xa3, 0x54,
  0xfe, 0x2f, 0xa3, 0x54, 0x29, 0x2b, 0xa1, 0x50, 0x00, 0x00, 0x00, 0x00, 0x02, 0x00, 0x7f, 0x7f,
  0x00, 0x00, 0x00, 0x00, 0x04, 0x3f, 0x7f, 0x3f, 0x00, 0x00, 0x00, 0x00, 0x59, 0x2d, 0xa3, 0x53,
  0xff, 0x32, 0xad, 0x59, 0xfb, 0x2e, 0xa3, 0x54, 0xfb, 0x2e, 0xa3, 0x54, 0xff, 0x32, 0xad, 0x59,
  0xa9, 0x2e, 0xa2, 0x54, 0x00, 0x00, 0x00, 0x00, 0x03, 0x55, 0xaa, 0x55, 0x00, 0x00, 0x00, 0x00,
  0x02, 0x00, 0x7f, 0x7f, 0x04, 0x3f, 0x7f, 0x3f, 0x04, 0x3f, 0x7f, 0x3f, 0x01, 0x00, 0x00, 0x00,
  0x00, 0x00, 0x00, 0x00, 0x04, 0x00, 0x7f, 0xbf, 0x00, 0x00, 0x00, 0x00, 0x7f, 0x0e, 0x5e, 0x9a,
  0xff, 0x0f, 0x67, 0xa9, 0xe2, 0x0d, 0x5d, 0x99, 0x0a, 0x19, 0x66, 0x99, 0x00, 0x00, 0x00, 0x00,
  0x01, 0x00, 0x00, 0x00, 0x00, 0x00, 0x00, 0x00, 0x00, 0x00, 0x00, 0x00, 0x00, 0x00, 0x00, 0x00,
  0x00, 0x00, 0x00, 0x00, 0x00, 0x00, 0x00, 0x00, 0x00, 0x00, 0x00, 0x00, 0x00, 0x00, 0x00, 0x00,
  0x00, 0x00, 0x00, 0x00, 0x00, 0x00, 0x00, 0x00, 0x00, 0x00, 0x00, 0x00, 0x00, 0x00, 0x00, 0x00,
  0x04, 0x00, 0x3f, 0x7f, 0x00, 0x00, 0x00, 0x00, 0x64, 0x0f, 0x5e, 0x99, 0xff, 0x0f, 0x64, 0xa4,
  0xfb, 0x0e, 0x5f, 0x9c, 0x2e, 0x10, 0x5e, 0x9b, 0x00, 0x00, 0x00, 0x00, 0x03, 0x00, 0x55, 0xaa,
  0x00, 0x00, 0x00, 0x00, 0x00, 0x00, 0x00, 0x00, 0x00, 0x00, 0x00, 0x00, 0x02, 0x00, 0x7f, 0x7f,
  0x03, 0x00, 0x55, 0xaa, 0x01, 0x00, 0x00, 0xff, 0x00, 0x00, 0x00, 0x00, 0x30, 0x0f, 0x5f, 0x9a,
  0xff, 0x0f, 0x62, 0xa0, 0xfd, 0x0e, 0x5d, 0x9a, 0xff, 0x0e, 0x5e, 0x9a, 0xfe, 0x0e, 0x5e, 0x9a,
  0xff, 0x0e, 0x5f, 0x9c, 0xed, 0x0d, 0x5d, 0x99, 0xd0, 0x0d, 0x5e, 0x99, 0xda, 0x0e, 0x5e, 0x9a,
  0xde, 0x0d, 0x5e, 0x99, 0xdf, 0x0d, 0x5d, 0x9a, 0xdb, 0x0d, 0x5e, 0x9a, 0xd1, 0x0e, 0x5d, 0x9a,
  0xc0, 0x0e, 0x5e, 0x9b, 0xa4, 0x0d, 0x5e, 0x9b, 0x7d, 0x0e, 0x5f, 0x9d, 0x4c, 0x0d, 0x61, 0x9d,
  0x19, 0x0a, 0x66, 0xa3, 0x00, 0x00, 0x00, 0x00, 0x00, 0x00, 0x00, 0x00, 0x00, 0x00, 0x00, 0x00,
  0x03, 0x00, 0x55, 0xaa, 0x00, 0x00, 0x00, 0x00, 0x00, 0x00, 0x00, 0x00, 0x00, 0x00, 0x00, 0x00,
  0x04, 0x00, 0x7f, 0xbf, 0x00, 0x00, 0x00, 0x00, 0x7a, 0x0e, 0x5e, 0x9a, 0xff, 0x0f, 0x65, 0xa5,
  0xfb, 0x0e, 0x5d, 0x99, 0xfd, 0x0e, 0x5d, 0x9a, 0xff, 0x0f, 0x62, 0xa1, 0xce, 0x0d, 0x5e, 0x9a,
  0x00, 0x00, 0x00, 0x00, 0x01, 0x00, 0x00, 0x00, 0x00, 0x00, 0x00, 0x00, 0x00, 0x00, 0x00, 0x00,
  0x00, 0x00, 0x00, 0x00, 0x03, 0x00, 0x55, 0xaa, 0x00, 0x00, 0x00, 0x00, 0x37, 0x0d, 0x61, 0x9d,
  0xfe, 0x0f, 0x61, 0x9f, 0xfd, 0x0e, 0x5d, 0x9a, 0xff, 0x0e, 0x5e, 0x9a, 0xfd, 0x0e, 0x5d, 0x9a,
  0xff, 0x0e, 0x61, 0x9f, 0xda, 0x0e, 0x5e, 0x9a, 0x03, 0x00, 0x55, 0xaa, 0x00, 0x00, 0x00, 0x00,
  0x00, 0x00, 0x00, 0x00, 0xd3, 0x0e, 0x5e, 0x99, 0xff, 0x0f, 0x62, 0xa0, 0xfd, 0x0e, 0x5d, 0x9a,
  0xfc, 0x0e, 0x5e, 0x99, 0xff, 0x0f, 0x64, 0xa3, 0x56, 0x0e, 0x5e, 0x9a, 0x00, 0x00, 0x00, 0x00,
  0x04, 0x00, 0x3f, 0x7f, 0x00, 0x00, 0x00, 0x00, 0x00, 0x00, 0x00, 0x00, 0x03, 0x00, 0x55, 0xaa,
  0x00, 0x00, 0x00, 0x00, 0x2e, 0x10, 0x5e, 0x95, 0xfb, 0x0e, 0x60, 0x9e, 0xfd, 0x0e, 0x5e, 0x9b,
  0xff, 0x0e, 0x5e, 0x9a, 0xfc, 0x0e, 0x5e, 0x99, 0xff, 0x0f, 0x63, 0xa1, 0xc5, 0x0e, 0x5e, 0x9a,
  0x00, 0x00, 0x00, 0x00, 0x04, 0x00, 0x7f, 0xbf, 0x00, 0x00, 0x00, 0x00, 0x37, 0x0d, 0x5c, 0x99,
  0xff, 0x0e, 0x60, 0x9e, 0xfe, 0x0e, 0x5d, 0x99, 0xfd, 0x0e, 0x5d, 0x9a, 0xff, 0x0e, 0x60, 0x9d,
  0xed, 0x0d, 0x5d, 0x98, 0x10, 0x0f, 0x5f, 0x8f, 0x00, 0x00, 0x00, 0x00, 0x01, 0x00, 0x00, 0xff,
  0x00, 0x00, 0x00, 0x00, 0x00, 0x00, 0x00, 0x00, 0x04, 0x00, 0x7f, 0xbf, 0x00, 0x00, 0x00, 0x00,
  0x6d, 0x0e, 0x5d, 0x98, 0xff, 0x0f, 0x65, 0xa5, 0xfc, 0x0e, 0x5e, 0x99, 0xff, 0x0e, 0x5e, 0x9a,
  0xfb, 0x0e, 0x5d, 0x99, 0xff, 0x0f, 0x65, 0xa5, 0x80, 0x0d, 0x5d, 0x9b, 0x00, 0x00, 0x00, 0x00,
  0x04, 0x00, 0x7f, 0xbf, 0x04, 0x00, 0x7f, 0x7f, 0x00, 0x00, 0x00, 0x00, 0x6f, 0x0d, 0x5e, 0x99,
  0xff, 0x0f, 0x65, 0xa5, 0xfb, 0x0e, 0x5d, 0x9a, 0xfd, 0x0e, 0x5d, 0x9a, 0xff, 0x0e, 0x61, 0x9f,
  0xdb, 0x0d, 0x5d, 0x99, 0x06, 0x00, 0x55, 0xaa, 0x00, 0x00, 0x00, 0x00, 0x55, 0x0f, 0x5d, 0x99,
  0xff, 0x0f, 0x64, 0xa3, 0xfc, 0x0e, 0x5e, 0x99, 0xff, 0x0e, 0x5e, 0x9a, 0xff, 0x0e, 0x5e, 0x9a,
  0xff, 0x0e, 0x5e, 0x9a, 0xfc, 0x0e, 0x5e, 0x99, 0xfb, 0x0e, 0x5e, 0x9a, 0xfc, 0x0e, 0x5e, 0x99,
  0xfb, 0x0e, 0x5e, 0x9a, 0xfb, 0x0e, 0x5d, 0x99, 0xff, 0x0e, 0x5e, 0x9a, 0xff, 0x0f, 0x63, 0xa3,
  0xff, 0x0e, 0x61, 0xa0, 0x7d, 0x0e, 0x5f, 0x9b, 0x00, 0x00, 0x00, 0x00, 0x03, 0x00, 0x55, 0xaa,
  0x00, 0x00, 0x00, 0x00, 0x00, 0x00, 0x00, 0x00, 0x00, 0x00, 0x00, 0x00, 0x00, 0x00, 0x00, 0x00,
  0x1d, 0x34, 0xa7, 0x57, 0x5b, 0x2f, 0xa8, 0x56, 0x8f, 0x30, 0xa5, 0x55, 0xb5, 0x2f, 0xa4, 0x54,
  0xd0, 0x2f, 0xa4, 0x54, 0xf3, 0x2f, 0xa3, 0x53, 0xff, 0x2f, 0xa4, 0x55, 0xfe, 0x2f, 0xa3, 0x54,
  0xff, 0x2f, 0xa3, 0x54, 0xff, 0x2f, 0xa4, 0x54, 0xf6, 0x2f, 0xa3, 0x53, 0xdd, 0x2f, 0xa3, 0x54,
  0xc3, 0x2f, 0xa4, 0x55, 0x9f, 0x30, 0xa5, 0x55, 0x70, 0x2f, 0xa6, 0x56, 0x3a, 0x30, 0xa7, 0x57,
  0x08, 0x3f, 0x9f, 0x5f, 0x00, 0x00, 0x00, 0x00, 0x00, 0x00, 0x00, 0x00, 0x02, 0x00, 0xff, 0x7f,
  0x02, 0x00, 0x7f, 0x7f, 0x00, 0x00, 0x00, 0x00, 0x00, 0x00, 0x00, 0x00, 0x00, 0x00, 0x00, 0x00,
  0x00, 0x00, 0x00, 0x00, 0x00, 0x00, 0x00, 0x00, 0x02, 0x00, 0x7f, 0x7f, 0x00, 0x00, 0x00, 0x00,
  0x24, 0x31, 0xa2, 0x55, 0xfa, 0x2f, 0xa4, 0x54, 0xff, 0x30, 0xa6, 0x56, 0xf1, 0x2f, 0xa2, 0x54,
  0xbc, 0x2f, 0xa2, 0x54, 0xff, 0x2f, 0xa3, 0x54, 0xff, 0x2f, 0xa4, 0x54, 0xff, 0x2f, 0xa3, 0x54,
  0xff, 0x2f, 0xa3, 0x54, 0xff, 0x2f, 0xa4, 0x54, 0xff, 0x32, 0xad, 0x59, 0xff, 0x32, 0xae, 0x5a,
  0xff, 0x30, 0xa5, 0x55, 0xff, 0x2f, 0xa3, 0x54, 0xff, 0x2f, 0xa3, 0x54, 0xfe, 0x2f, 0xa2, 0x54,
  0xff, 0x30, 0xa7, 0x56, 0xbf, 0x2e, 0xa2, 0x54, 0xd1, 0x2f, 0xa2, 0x54, 0xff, 0x30, 0xa7, 0x56,
  0xff, 0x32, 0xad, 0x59, 0x5d, 0x2e, 0xa1, 0x55, 0x00, 0x00, 0x00, 0x00, 0x18, 0x2a, 0x9f, 0x55,
  0xf0, 0x2e, 0xa2, 0x53, 0xff, 0x30, 0xa6, 0x55, 0xfd, 0x2f, 0xa3, 0x53, 0xff, 0x2f, 0xa3, 0x54,
  0xfe, 0x2f, 0xa3, 0x54, 0x2b, 0x2f, 0xa0, 0x53, 0x00, 0x00, 0x00, 0x00, 0x0b, 0x2e, 0xa2, 0x5c,
  0xe4, 0x2e, 0xa3, 0x53, 0xff, 0x30, 0xa7, 0x56, 0xfd, 0x2f, 0xa3, 0x53, 0xfc, 0x2f, 0xa2, 0x53,
  0xff, 0x31, 0xab, 0x58, 0x49, 0x2d, 0xa4, 0x53, 0x00, 0x00, 0x00, 0x00, 0x03, 0x55, 0xaa, 0x55,
  0x00, 0x00, 0x00, 0x00, 0x00, 0x00, 0x00, 0x00, 0x01, 0x00, 0xff, 0x00, 0x00, 0x00, 0x00, 0x00,
  0xc7, 0x2f, 0xa2, 0x53, 0xff, 0x31, 0xab, 0x58, 0xfb, 0x2e, 0xa3, 0x54, 0xff, 0x2f, 0xa5, 0x55,
  0xf5, 0x2e, 0xa2, 0x54, 0x1b, 0x2f, 0xa0, 0x55, 0x02, 0x00, 0xff, 0x7f, 0x02, 0x00, 0x7f, 0x7f,
  0x00, 0x00, 0x00, 0x00, 0x03, 0x55, 0xaa, 0x55, 0x00, 0x00, 0x00, 0x00, 0x3b, 0x2f, 0xa4, 0x56,
  0xff, 0x30, 0xa8, 0x57, 0xfe, 0x2f, 0xa2, 0x53, 0xfd, 0x2f, 0xa3, 0x53, 0xff, 0x30, 0xa8, 0x57,
  0xde, 0x2f, 0xa3, 0x53, 0x02, 0x00, 0x7f, 0x7f, 0x02, 0x00, 0xff, 0x7f, 0x00, 0x00, 0x00, 0x00,
  0x00, 0x00, 0x00, 0x00, 0x00, 0x00, 0x00, 0x00, 0x00, 0x00, 0x00, 0x00, 0x00, 0x00, 0x00, 0x00,
  0x00, 0x00, 0x00, 0x00, 0x04, 0x00, 0x7f, 0x7f, 0x00, 0x00, 0x00, 0x00, 0x8f, 0x0e, 0x5e, 0x99,
  0xfe, 0x10, 0x69, 0xac, 0xc6, 0x0e, 0x5e, 0x9a, 0x00, 0x00, 0x00, 0x00, 0x01, 0x00, 0x00, 0x00,
  0x00, 0x00, 0x00, 0x00, 0x00, 0x00, 0x00, 0x00, 0x00, 0x00, 0x00, 0x00, 0x00, 0x00, 0x00, 0x00,
  0x00, 0x00, 0x00, 0x00, 0x00, 0x00, 0x00, 0x00, 0x00, 0x00, 0x00, 0x00, 0x00, 0x00, 0x00, 0x00,
  0x00, 0x00, 0x00, 0x00, 0x00, 0x00, 0x00, 0x00, 0x00, 0x00, 0x00, 0x00, 0x01, 0x00, 0x00, 0xff,
  0x02, 0x00, 0x7f, 0x7f, 0x0a, 0x19, 0x66, 0x99, 0xdc, 0x0d, 0x5d, 0x9a, 0xff, 0x0f, 0x67, 0xa8,
  0xaa, 0x0d, 0x5e, 0x99, 0x00, 0x00, 0x00, 0x00, 0x03, 0x00, 0x55, 0xaa, 0x00, 0x00, 0x00, 0x00,
  0x00, 0x00, 0x00, 0x00, 0x00, 0x00, 0x00, 0x00, 0x00, 0x00, 0x00, 0x00, 0x00, 0x00, 0x00, 0x00,
  0x00, 0x00, 0x00, 0x00, 0x03, 0x00, 0x55, 0xaa, 0x03, 0x00, 0x55, 0xaa, 0x36, 0x0e, 0x5e, 0x97,
  0xff, 0x0e, 0x60, 0x9d, 0xfe, 0x0e, 0x5e, 0x9a, 0xff, 0x0e, 0x5e, 0x9a, 0xfc, 0x0e, 0x5e, 0x99,
  0xff, 0x0f, 0x64, 0xa3, 0xae, 0x0e, 0x5d, 0x99, 0x00, 0x00, 0x00, 0x00, 0x05, 0x00, 0x66, 0x99,
  0x05, 0x00, 0x66, 0x99, 0x05, 0x00, 0x66, 0x99, 0x03, 0x00, 0x55, 0xaa, 0x00, 0x00, 0x00, 0x00,
  0x00, 0x00, 0x00, 0x00, 0x00, 0x00, 0x00, 0x00, 0x00, 0x00, 0x00, 0x00, 0x00, 0x00, 0x00, 0x00,
  0x00, 0x00, 0x00, 0x00, 0x02, 0x00, 0x7f, 0x7f, 0x03, 0x00, 0x55, 0xaa, 0x01, 0x00, 0x00, 0xff,
  0x00, 0x00, 0x00, 0x00, 0x00, 0x00, 0x00, 0x00, 0x00, 0x00, 0x00, 0x00, 0x00, 0x00, 0x00, 0x00,
  0x04, 0x00, 0x3f, 0x7f, 0x00, 0x00, 0x00, 0x00, 0x91, 0x0e, 0x5d, 0x99, 0xff, 0x0f, 0x65, 0xa5,
  0xfb, 0x0e, 0x5d, 0x9a, 0xfc, 0x0e, 0x5e, 0x99, 0xff, 0x0f, 0x63, 0xa3, 0xb6, 0x0e, 0x5d, 0x9a,
  0x01, 0x00, 0x00, 0x00, 0x03, 0x00, 0x55, 0xaa, 0x00, 0x00, 0x00, 0x00, 0x00, 0x00, 0x00, 0x00,
  0x00, 0x00, 0x00, 0x00, 0x04, 0x00, 0x3f, 0xbf, 0x00, 0x00, 0x00, 0x00, 0xbe, 0x0d, 0x5d, 0x99,
  0xff, 0x0f, 0x63, 0xa2, 0xfc, 0x0e, 0x5e, 0x99, 0xff, 0x0e, 0x5e, 0x9a, 0xfd, 0x0e, 0x5d, 0x9a,
  0xff, 0x0e, 0x61, 0x9e, 0xe1, 0x0d, 0x5e, 0x9a, 0x07, 0x00, 0x6d, 0x91, 0x00, 0x00, 0x00, 0x00,
  0x02, 0x00, 0x7f, 0x7f, 0xd8, 0x0e, 0x5e, 0x99, 0xff, 0x0e, 0x61, 0x9f, 0xfd, 0x0e, 0x5d, 0x9a,
  0xfc, 0x0e, 0x5e, 0x99, 0xff, 0x0f, 0x63, 0xa2, 0x4d, 0x0d, 0x5c, 0x98, 0x01, 0x00, 0x00, 0x00,
  0x03, 0x00, 0x55, 0xaa, 0x00, 0x00, 0x00, 0x00, 0x02, 0x00, 0x7f, 0x7f, 0x04, 0x00, 0x3f, 0x7f,
  0x00, 0x00, 0x00, 0x00, 0xc0, 0x0e, 0x5e, 0x9a, 0xff, 0x0f, 0x63, 0xa2, 0xfc, 0x0e, 0x5e, 0x99,
  0xff, 0x0e, 0x5e, 0x9a, 0xfc, 0x0e, 0x5e, 0x99, 0xff, 0x0f, 0x63, 0xa2, 0xba, 0x0d, 0x5e, 0x99,
  0x01, 0x00, 0x00, 0x00, 0x05, 0x00, 0x66, 0x99, 0x00, 0x00, 0x00, 0x00, 0x41, 0x0b, 0x5e, 0x99,
  0xff, 0x0f, 0x62, 0xa0, 0xfd, 0x0e, 0x5d, 0x9a, 0xfd, 0x0e, 0x5d, 0x9a, 0xff, 0x0e, 0x61, 0x9e,
  0xe0, 0x0d, 0x5e, 0x99, 0x07, 0x00, 0x48, 0x91, 0x00, 0x00, 0x00, 0x00, 0x01, 0x00, 0x00, 0x00,
  0x00, 0x00, 0x00, 0x00, 0x03, 0x00, 0x55, 0xaa, 0x01, 0x00, 0x00, 0x00, 0x14, 0x0c, 0x59, 0x99,
  0xe9, 0x0e, 0x5f, 0x9c, 0xfd, 0x0e, 0x60, 0x9e, 0xfd, 0x0e, 0x5d, 0x9a, 0xff, 0x0e, 0x5e, 0x9a,
  0xfb, 0x0e, 0x5d, 0x99, 0xff, 0x0f, 0x65, 0xa5, 0x77, 0x0f, 0x5e, 0x9a, 0x00, 0x00, 0x00, 0x00,
  0x04, 0x00, 0x7f, 0xbf, 0x04, 0x00, 0x7f, 0x7f, 0x00, 0x00, 0x00, 0x00, 0x6e, 0x0d, 0x5f, 0x9b,
  0xff, 0x0f, 0x65, 0xa5, 0xfb, 0x0e, 0x5e, 0x9a, 0xfd, 0x0e, 0x5d, 0x9a, 0xff, 0x0e, 0x61, 0x9f,
  0xdc, 0x0d, 0x5d, 0x9a, 0x07, 0x00, 0x6d, 0x91, 0x00, 0x00, 0x00, 0x00, 0x4f, 0x0c, 0x5d, 0x9a,
  0xff, 0x0f, 0x63, 0xa2, 0xfc, 0x0e, 0x5e, 0x99, 0xff, 0x0e, 0x5e, 0x9a, 0xff, 0x0e, 0x5e, 0x9a,
  0xff, 0x0e, 0x5e, 0x9a, 0xff, 0x0e, 0x61, 0x9e, 0xff, 0x0f, 0x61, 0xa0, 0xff, 0x0f, 0x62, 0xa1,
  0xff, 0x0f, 0x64, 0xa3, 0xff, 0x0f, 0x65, 0xa5, 0xfd, 0x0e, 0x5f, 0x9d, 0xb5, 0x0e, 0x61, 0x9f,
  0x3c, 0x0c, 0x5d, 0x99, 0x00, 0x00, 0x00, 0x00, 0x02, 0x00, 0x7f, 0x7f, 0x00, 0x00, 0x00, 0x00,
  0x00, 0x00, 0x00, 0x00, 0x00, 0x00, 0x00, 0x00, 0x01, 0x00, 0xff, 0x00, 0x03, 0x55, 0xaa, 0x55,
  0x00, 0x00, 0x00, 0x00, 0x00, 0x00, 0x00, 0x00, 0x00, 0x00, 0x00, 0x00, 0x00, 0x00, 0x00, 0x00,
  0x00, 0x00, 0x00, 0x00, 0x88, 0x2e, 0xa3, 0x54, 0xff, 0x32, 0xaf, 0x5a, 0xfb, 0x2e, 0xa2, 0x54,
  0xfc, 0x2e, 0xa2, 0x53, 0xff, 0x32, 0xac, 0x58, 0xbb, 0x2f, 0xa3, 0x54, 0x04, 0x3f, 0xbf, 0x3f,
  0x00, 0x00, 0x00, 0x00, 0x00, 0x00, 0x00, 0x00, 0x00, 0x00, 0x00, 0x00, 0x00, 0x00, 0x00, 0x00,
  0x00, 0x00, 0x00, 0x00, 0x04, 0x3f, 0x7f, 0x3f, 0x02, 0x00, 0x7f, 0x7f, 0x00, 0x00, 0x00, 0x00,
  0x00, 0x00, 0x00, 0x00, 0x00, 0x00, 0x00, 0x00, 0x00, 0x00, 0x00, 0x00, 0x00, 0x00, 0x00, 0x00,
  0x00, 0x00, 0x00, 0x00, 0x00, 0x00, 0x00, 0x00, 0x00, 0x00, 0x00, 0x00, 0x03, 0x55, 0xaa, 0x55,
  0x00, 0x00, 0x00, 0x00, 0xa5, 0x2e, 0xa2, 0x53, 0xff, 0x32, 0xae, 0x5a, 0xfe, 0x2f, 0xa2, 0x54,
  0xff, 0x32, 0xac, 0x59, 0xff, 0x2f, 0xa3, 0x54, 0xff, 0x2f, 0xa3, 0x54, 0xff, 0x2f, 0xa3, 0x54,
  0xfe, 0x2f, 0xa3, 0x54, 0xfc, 0x30, 0xa6, 0x56, 0x89, 0x2e, 0xa3, 0x53, 0x74, 0x2e, 0xa2, 0x53,
  0xf3, 0x2f, 0xa5, 0x55, 0xfe, 0x30, 0xa4, 0x55, 0xfe, 0x2f, 0xa3, 0x54, 0xff, 0x2f, 0xa3, 0x54,
  0xff, 0x2f, 0xa2, 0x54, 0xff, 0x31, 0xab, 0x58, 0xff, 0x30, 0xa7, 0x56, 0xfd, 0x30, 0xa8, 0x56,
  0xdd, 0x2f, 0xa2, 0x54, 0x0a, 0x33, 0x99, 0x4c, 0x00, 0x00, 0x00, 0x00, 0x17, 0x2c, 0xa6, 0x4d,
  0xf2, 0x2e, 0xa2, 0x53, 0xff, 0x30, 0xa5, 0x55, 0xfd, 0x2f, 0xa3, 0x53, 0xff, 0x2f, 0xa5, 0x55,
  0xf6, 0x2e, 0xa2, 0x53, 0x1d, 0x2b, 0x9e, 0x4f, 0x00, 0x00, 0x00, 0x00, 0x10, 0x2f, 0x9f, 0x4f,
  0xea, 0x2e, 0xa3, 0x53, 0xff, 0x30, 0xa6, 0x56, 0xfd, 0x2f, 0xa3, 0x53, 0xfe, 0x2f, 0xa2, 0x54,
  0xff, 0x30, 0xa7, 0x56, 0x37, 0x2e, 0xa2, 0x53, 0x00, 0x00, 0x00, 0x00, 0x03, 0x00, 0xaa, 0x55,
  0x00, 0x00, 0x00, 0x00, 0x00, 0x00, 0x00, 0x00, 0x01, 0x00, 0xff, 0x00, 0x00, 0x00, 0x00, 0x00,
  0xc7, 0x2f, 0xa2, 0x53, 0xff, 0x31, 0xab, 0x58, 0xfc, 0x2e, 0xa2, 0x53, 0xfe, 0x2f, 0xa4, 0x54,
  0xfa, 0x2f, 0xa5, 0x55, 0x1b, 0x2f, 0xa0, 0x55, 0x00, 0x00, 0x00, 0x00, 0x00, 0x00, 0x00, 0x00,
  0x01, 0x00, 0xff, 0xff, 0x04, 0x00, 0xbf, 0x3f, 0x00, 0x00, 0x00, 0x00, 0x15, 0x30, 0x9d, 0x55,
  0xf2, 0x2f, 0xa2, 0x54, 0xff, 0x30, 0xa5, 0x55, 0xfe, 0x2f, 0xa2, 0x54, 0xfd, 0x2e, 0xa2, 0x53,
  0xff, 0x31, 0xab, 0x58, 0x5e, 0x2e, 0xa5, 0x54, 0x00, 0x00, 0x00, 0x00, 0x04, 0x3f, 0xbf, 0x3f,
  0x29, 0x31, 0xa7, 0x57, 0x5c, 0x2f, 0xa6, 0x55, 0x5d, 0x2e, 0xa4, 0x55, 0x04, 0x3f, 0xbf, 0x3f,
  0x00, 0x00, 0x00, 0x00, 0x05, 0x00, 0x66, 0x99, 0x00, 0x00, 0x00, 0x00, 0x6b, 0x0e, 0x5f, 0x9a,
  0xff, 0x0f, 0x67, 0xa9, 0xde, 0x0d, 0x5d, 0x98, 0x06, 0x00, 0x55, 0xaa, 0x01, 0x00, 0x00, 0x00,
  0x01, 0x00, 0x00, 0x00, 0x00, 0x00, 0x00, 0x00, 0x00, 0x00, 0x00, 0x00, 0x00, 0x00, 0x00, 0x00,
  0x00, 0x00, 0x00, 0x00, 0x00, 0x00, 0x00, 0x00, 0x00, 0x00, 0x00, 0x00, 0x00, 0x00, 0x00, 0x00,
  0x00, 0x00, 0x00, 0x00, 0x00, 0x00, 0x00, 0x00, 0x00, 0x00, 0x00, 0x00, 0x04, 0x00, 0x3f, 0x7f,
  0x00, 0x00, 0x00, 0x00, 0x81, 0x0d, 0x5c, 0x98, 0xff, 0x0f, 0x65, 0xa6, 0xf8, 0x0e, 0x5f, 0x9c,
  0x29, 0x0c, 0x5d, 0x9b, 0x01, 0x00, 0x00, 0x00, 0x02, 0x00, 0x7f, 0x7f, 0x00, 0x00, 0x00, 0x00,
  0x00, 0x00, 0x00, 0x00, 0x00, 0x00, 0x00, 0x00, 0x00, 0x00, 0x00, 0x00, 0x00, 0x00, 0x00, 0x00,
  0x00, 0x00, 0x00, 0x00, 0x02, 0x00, 0x7f, 0x7f, 0x00, 0x00, 0x00, 0x00, 0x28, 0x0c, 0x5f, 0x99,
  0xfe, 0x0e, 0x5e, 0x9a, 0xff, 0x0e, 0x5e, 0x9a, 0xff, 0x0e, 0x5e, 0x9a, 0xfc, 0x0e, 0x5e, 0x99,
  0xff, 0x0f, 0x63, 0xa2, 0xc0, 0x0e, 0x5e, 0x9a, 0x00, 0x00, 0x00, 0x00, 0x01, 0x00, 0xff, 0x00,
  0x00, 0x00, 0x00, 0x00, 0x00, 0x00, 0x00, 0x00, 0x00, 0x00, 0x00, 0x00, 0x00, 0x00, 0x00, 0x00,
  0x02, 0x00, 0x7f, 0x7f, 0x03, 0x00, 0x55, 0xaa, 0x04, 0x00, 0x7f, 0xbf, 0x03, 0x00, 0x55, 0xaa,
  0x01, 0x00, 0xff, 0xff, 0x00, 0x00, 0x00, 0x00, 0x00, 0x00, 0x00, 0x00, 0x00, 0x00, 0x00, 0x00,
  0x00, 0x00, 0x00, 0x00, 0x00, 0x00, 0x00, 0x00, 0x00, 0x00, 0x00, 0x00, 0x00, 0x00, 0x00, 0x00,
  0x04, 0x00, 0x3f, 0x7f, 0x00, 0x00, 0x00, 0x00, 0x96, 0x0d, 0x5f, 0x9a, 0xff, 0x0f, 0x65, 0xa5,
  0xfb, 0x0e, 0x5e, 0x9a, 0xfc, 0x0e, 0x5e, 0x99, 0xff, 0x0f, 0x63, 0xa3, 0xb9, 0x0d, 0x5d, 0x9a,
  0x00, 0x00, 0x00, 0x00, 0x02, 0x00, 0x7f, 0x7f, 0x00, 0x00, 0x00, 0x00, 0x00, 0x00, 0x00, 0x00,
  0x06, 0x00, 0x55, 0x7f, 0x00, 0x00, 0x00, 0x00, 0x67, 0x0e, 0x5b, 0x97, 0xff, 0x0f, 0x64, 0xa4,
  0xfc, 0x0e, 0x5e, 0x99, 0xff, 0x0e, 0x5e, 0x9a, 0xff, 0x0e, 0x5e, 0x9a, 0xfe, 0x0e, 0x5e, 0x99,
  0xff, 0x0e, 0x5f, 0x9c, 0xf1, 0x0d, 0x5d, 0x99, 0x15, 0x0c, 0x61, 0x91, 0x00, 0x00, 0x00, 0x00,
  0x00, 0x00, 0x00, 0x00, 0xcd, 0x0d, 0x5e, 0x9a, 0xff, 0x0f, 0x62, 0xa1, 0xfd, 0x0e, 0x5d, 0x9a,
  0xfb, 0x0e, 0x5e, 0x9a, 0xff, 0x0f, 0x65, 0xa5, 0x68, 0x0e, 0x5d, 0x9a, 0x00, 0x00, 0x00, 0x00,
  0x08, 0x00, 0x5f, 0x9f, 0x04, 0x00, 0x7f, 0xbf, 0x01, 0x00, 0x00, 0x00, 0x00, 0x00, 0x00, 0x00,
  0x8d, 0x0e, 0x5e, 0x99, 0xff, 0x0f, 0x64, 0xa4, 0xfc, 0x0e, 0x5e, 0x99, 0xff, 0x0e, 0x5e, 0x9a,
  0xff, 0x0e, 0x5e, 0x9a, 0xfc, 0x0e, 0x5e, 0x99, 0xff, 0x0f, 0x62, 0xa1, 0xc8, 0x0e, 0x5e, 0x9a,
  0x00, 0x00, 0x00, 0x00, 0x04, 0x00, 0x3f, 0x7f, 0x00, 0x00, 0x00, 0x00, 0x3a, 0x0d, 0x5c, 0x99,
  0xff, 0x0e, 0x61, 0x9f, 0xfe, 0x0e, 0x5d, 0x99, 0xfe, 0x0e, 0x5d, 0x99, 0xff, 0x0e, 0x60, 0x9d,
  0xef, 0x0d, 0x5d, 0x99, 0x10, 0x0f, 0x5f, 0x8f, 0x03, 0x00, 0x55, 0xaa, 0x03, 0x00, 0x55, 0xaa,
  0x04, 0x00, 0x3f, 0x7f, 0x00, 0x00, 0x00, 0x00, 0x00, 0x00, 0x00, 0x00, 0xb6, 0x0e, 0x5f, 0x9b,
  0xff, 0x0f, 0x63, 0xa3, 0xfc, 0x0e, 0x5e, 0x99, 0xff, 0x0e, 0x5e, 0x9a, 0xff, 0x0e, 0x5e, 0x9a,
  0xfb, 0x0e, 0x5d, 0x99, 0xff, 0x0f, 0x65, 0xa5, 0x79, 0x0e, 0x5e, 0x99, 0x00, 0x00, 0x00, 0x00,
  0x04, 0x00, 0x7f, 0xbf, 0x04, 0x00, 0x3f, 0x7f, 0x00, 0x00, 0x00, 0x00, 0x62, 0x0d, 0x5d, 0x99,
  0xff, 0x0f, 0x64, 0xa4, 0xfb, 0x0e, 0x5e, 0x9a, 0xfe, 0x0e, 0x5d, 0x99, 0xff, 0x0e, 0x60, 0x9d,
  0xe9, 0x0e, 0x5e, 0x99, 0x10, 0x0f, 0x5f, 0x9f, 0x00, 0x00, 0x00, 0x00, 0x37, 0x0d, 0x5c, 0x99,
  0xff, 0x0e, 0x60, 0x9e, 0xfe, 0x0e, 0x5e, 0x99, 0xff, 0x0e, 0x5e, 0x9a, 0xff, 0x0e, 0x5e, 0x9a,
  0xff, 0x0e, 0x5e, 0x9b, 0xe0, 0x0d, 0x5e, 0x99, 0xd5, 0x0e, 0x5e, 0x9a, 0xc7, 0x0e, 0x5e, 0x9b,
  0xaa, 0x0f, 0x60, 0x9c, 0x76, 0x0f, 0x61, 0x9d, 0x2f, 0x10, 0x61, 0x9d, 0x00, 0x00, 0x00, 0x00,
  0x00, 0x00, 0x00, 0x00, 0x03, 0x00, 0x55, 0xaa, 0x00, 0x00, 0x00, 0x00, 0x00, 0x00, 0x00, 0x00,
  0x00, 0x00, 0x00, 0x00, 0x00, 0x00, 0x00, 0x00, 0x00, 0x00, 0x00, 0x00, 0x00, 0x00, 0x00, 0x00,
  0x02, 0x00, 0x7f, 0x7f, 0x04, 0x3f, 0x7f, 0x3f, 0x04, 0x3f, 0xbf, 0x3f, 0x06, 0x55, 0xaa, 0x55,
  0x00, 0x00, 0x00, 0x00, 0x57, 0x2e, 0xa1, 0x52, 0xff, 0x32, 0xad, 0x59, 0xfc, 0x2e, 0xa2, 0x53,
  0xfd, 0x2f, 0xa3, 0x53, 0xff, 0x30, 0xa8, 0x57, 0xdf, 0x2e, 0xa2, 0x53, 0x05, 0x33, 0x99, 0x33,
  0x02, 0x00, 0x7f, 0x00, 0x04, 0x3f, 0xbf, 0x3f, 0x04, 0x3f, 0xbf, 0x3f, 0x03, 0x55, 0xaa, 0x55,
  0x01, 0x00, 0xff, 0x00, 0x00, 0x00, 0x00, 0x00, 0x00, 0x00, 0x00, 0x00, 0x00, 0x00, 0x00, 0x00,
  0x00, 0x00, 0x00, 0x00, 0x00, 0x00, 0x00, 0x00, 0x01, 0x00, 0xff, 0x00, 0x00, 0x00, 0x00, 0x00,
  0x00, 0x00, 0x00, 0x00, 0x00, 0x00, 0x00, 0x00, 0x00, 0x00, 0x00, 0x00, 0x02, 0x00, 0x7f, 0x7f,
  0x01, 0x00, 0xff, 0x00, 0x1e, 0x2a, 0xa1, 0x55, 0xf1, 0x2f, 0xa6, 0x55, 0xfd, 0x30, 0xa6, 0x55,
  0xfa, 0x2e, 0xa2, 0x53, 0xff, 0x2f, 0xa3, 0x54, 0xff, 0x2f, 0xa3, 0x54, 0xfc, 0x2e, 0xa2, 0x53,
  0xff, 0x32, 0xac, 0x59, 0xbc, 0x2f, 0xa2, 0x54, 0x00, 0x00, 0x00, 0x00, 0x00, 0x00, 0x00, 0x00,
  0x8e, 0x2e, 0xa3, 0x54, 0xff, 0x32, 0xaf, 0x5a, 0xfb, 0x2e, 0xa2, 0x54, 0xff, 0x2f, 0xa3, 0x54,
  0xff, 0x2f, 0xa3, 0x54, 0xfb, 0x2e, 0xa3, 0x54, 0xf8, 0x2f, 0xa3, 0x54, 0xff, 0x32, 0xad, 0x59,
  0x4d, 0x2e, 0xa2, 0x52, 0x00, 0x00, 0x00, 0x00, 0x00, 0x00, 0x00, 0x00, 0x16, 0x2e, 0xa2, 0x51,
  0xf2, 0x2e, 0xa2, 0x53, 0xff, 0x30, 0xa5, 0x55, 0xfd, 0x2f, 0xa2, 0x53, 0xff, 0x30, 0xa6, 0x56,
  0xe9, 0x2f, 0xa3, 0x54, 0x0e, 0x36, 0xa3, 0x5b, 0x00, 0x00, 0x00, 0x00, 0x12, 0x2a, 0xaa, 0x55,
  0xed, 0x2f, 0xa3, 0x53, 0xff, 0x30, 0xa6, 0x55, 0xfd, 0x2f, 0xa3, 0x53, 0xff, 0x2f, 0xa4, 0x54,
  0xfb, 0x2e, 0xa2, 0x54, 0x22, 0x2d, 0xa5, 0x52, 0x00, 0x00, 0x00, 0x00, 0x02, 0x00, 0x7f, 0x7f,
  0x00, 0x00, 0x00, 0x00, 0x00, 0x00, 0x00, 0x00, 0x03, 0x55, 0xaa, 0x55, 0x00, 0x00, 0x00, 0x00,
  0xb3, 0x2f, 0xa2, 0x54, 0xfe, 0x32, 0xac, 0x59, 0xfc, 0x2e, 0xa2, 0x53, 0xfd, 0x2e, 0xa2, 0x53,
  0xff, 0x31, 0xa9, 0x57, 0xa8, 0x2f, 0xa5, 0x55, 0x30, 0x2f, 0xa4, 0x55, 0x0d, 0x3a, 0xb0, 0x4e,
  0x00, 0x00, 0x00, 0x00, 0x00, 0x00, 0x00, 0x00, 0x02, 0x7f, 0xff, 0x7f, 0x00, 0x00, 0x00, 0x00,
  0xbf, 0x2e, 0xa2, 0x54, 0xfe, 0x31, 0xab, 0x58, 0xfc, 0x2e, 0xa2, 0x53, 0xfe, 0x2f, 0xa2, 0x54,
  0xff, 0x30, 0xa5, 0x55, 0xf8, 0x2f, 0xa3, 0x54, 0xbd, 0x2f, 0xa3, 0x53, 0xd6, 0x2e, 0xa3, 0x54,
  0xfd, 0x2f, 0xa4, 0x54, 0xff, 0x31, 0xac, 0x58, 0xff, 0x34, 0xb6, 0x5e, 0x8f, 0x2e, 0xa2, 0x53,
  0x00, 0x00, 0x00, 0x00, 0x05, 0x33, 0x99, 0x66, 0x00, 0x00, 0x00, 0x00, 0x26, 0x0d, 0x5d, 0x9a,
  0xf9, 0x0e, 0x5f, 0x9b, 0xff, 0x0f, 0x63, 0xa3, 0x57, 0x0e, 0x5d, 0x98, 0x00, 0x00, 0x00, 0x00,
  0x03, 0x00, 0x55, 0xaa, 0x00, 0x00, 0x00, 0x00, 0x00, 0x00, 0x00, 0x00, 0x00, 0x00, 0x00, 0x00,
  0x00, 0x00, 0x00, 0x00, 0x00, 0x00, 0x00, 0x00, 0x00, 0x00, 0x00, 0x00, 0x00, 0x00, 0x00, 0x00,
  0x00, 0x00, 0x00, 0x00, 0x00, 0x00, 0x00, 0x00, 0x03, 0x00, 0x55, 0x55, 0x00, 0x00, 0x00, 0x00,
  0x2c, 0x0b, 0x5c, 0x9c, 0xf6, 0x0e, 0x60, 0x9d, 0xff, 0x0f, 0x66, 0xa6, 0x89, 0x0d, 0x5d, 0x98,
  0x00, 0x00, 0x00, 0x00, 0x03, 0x00, 0x55, 0xaa, 0x00, 0x00, 0x00, 0x00, 0x00, 0x00, 0x00, 0x00,
  0x00, 0x00, 0x00, 0x00, 0x00, 0x00, 0x00, 0x00, 0x00, 0x00, 0x00, 0x00, 0x00, 0x00, 0x00, 0x00,
  0x00, 0x00, 0x00, 0x00, 0x02, 0x00, 0x7f, 0x7f, 0x00, 0x00, 0x00, 0x00, 0x1e, 0x11, 0x5d, 0x99,
  0xf8, 0x0e, 0x5d, 0x9a, 0xff, 0x0e, 0x5f, 0x9b, 0xfe, 0x0e, 0x5e, 0x9a, 0xfd, 0x0e, 0x5d, 0x9a,
  0xff, 0x0f, 0x62, 0xa0, 0xd2, 0x0e, 0x5d, 0x9a, 0x00, 0x00, 0x00, 0x00, 0x01, 0x00, 0x00, 0x00,
  0x01, 0x00, 0x00, 0x00, 0x01, 0x00, 0x00, 0x00, 0x01, 0x00, 0x00, 0x00, 0x00, 0x00, 0x00, 0x00,
  0x00, 0x00, 0x00, 0x00, 0x00, 0x00, 0x00, 0x00, 0x00, 0x00, 0x00, 0x00, 0x00, 0x00, 0x00, 0x00,
  0x00, 0x00, 0x00, 0x00, 0x00, 0x00, 0x00, 0x00, 0x00, 0x00, 0x00, 0x00, 0x00, 0x00, 0x00, 0x00,
  0x00, 0x00, 0x00, 0x00, 0x00, 0x00, 0x00, 0x00, 0x00, 0x00, 0x00, 0x00, 0x00, 0x00, 0x00, 0x00,
  0x04, 0x00, 0x7f, 0xbf, 0x00, 0x00, 0x00, 0x00, 0x88, 0x0f, 0x5d, 0x99, 0xff, 0x0f, 0x65, 0xa5,
  0xfb, 0x0e, 0x5d, 0x99, 0xfd, 0x0e, 0x5d, 0x9a, 0xff, 0x0e, 0x61, 0x9f, 0xdf, 0x0d, 0x5d, 0x99,
  0x02, 0x00, 0x7f, 0x7f, 0x04, 0x00, 0x3f, 0x7f, 0x04, 0x00, 0x3f, 0x7f, 0x05, 0x00, 0x66, 0x99,
  0x00, 0x00, 0x00, 0x00, 0x3c, 0x0c, 0x5d, 0x99, 0xf8, 0x0e, 0x60, 0x9e, 0xfc, 0x0e, 0x60, 0x9c,
  0xfe, 0x0e, 0x5e, 0x99, 0xff, 0x0e, 0x5e, 0x9a, 0xff, 0x0e, 0x5e, 0x9a, 0xff, 0x0e, 0x5e, 0x9a,
  0xfe, 0x0e, 0x5e, 0x9a, 0xff, 0x0e, 0x60, 0x9d, 0x31, 0x0f, 0x5d, 0x9c, 0x00, 0x00, 0x00, 0x00,
  0x00, 0x00, 0x00, 0x00, 0xad, 0x0d, 0x5e, 0x99, 0xfe, 0x0f, 0x64, 0xa3, 0xfb, 0x0e, 0x5e, 0x9a,
  0xfc, 0x0e, 0x5e, 0x99, 0xff, 0x0f, 0x62, 0xa0, 0xc7, 0x0e, 0x5e, 0x9b, 0x00, 0x00, 0x00, 0x00,
  0x00, 0x00, 0x00, 0x00, 0x00, 0x00, 0x00, 0x00, 0x07, 0x00, 0x6d, 0x91, 0x95, 0x0d, 0x5f, 0x9d,
  0xff, 0x0f, 0x64, 0xa3, 0xfc, 0x0e, 0x5e, 0x99, 0xff, 0x0e, 0x5e, 0x9a, 0xff, 0x0e, 0x5e, 0x9a,
  0xff, 0x0e, 0x5e, 0x9a, 0xfe, 0x0e, 0x5e, 0x99, 0xff, 0x0e, 0x60, 0x9c, 0xef, 0x0d, 0x5d, 0x99,
  0x12, 0x0e, 0x55, 0x9b, 0x01, 0x00, 0x00, 0x00, 0x00, 0x00, 0x00, 0x00, 0x22, 0x0f, 0x5a, 0x96,
  0xfb, 0x0e, 0x5d, 0x9a, 0xff, 0x0e, 0x5e, 0x9b, 0xfe, 0x0e, 0x5e, 0x9a, 0xfc, 0x0e, 0x5e, 0x99,
  0xff, 0x0f, 0x63, 0xa2, 0x50, 0x0c, 0x5c, 0x99, 0x00, 0x00, 0x00, 0x00, 0x00, 0x00, 0x00, 0x00,
  0x00, 0x00, 0x00, 0x00, 0x0b, 0x17, 0x5c, 0x8b, 0xaa, 0x0d, 0x60, 0x9d, 0xff, 0x0f, 0x64, 0xa4,
  0xfc, 0x0e, 0x5e, 0x99, 0xff, 0x0e, 0x5e, 0x9a, 0xff, 0x0e, 0x5e, 0x9a, 0xff, 0x0e, 0x5e, 0x9a,
  0xfb, 0x0e, 0x5d, 0x99, 0xff, 0x0f, 0x65, 0xa5, 0x8a, 0x0e, 0x5e, 0x99, 0x00, 0x00, 0x00, 0x00,
  0x04, 0x00, 0x7f, 0xbf, 0x03, 0x00, 0x55, 0xaa, 0x00, 0x00, 0x00, 0x00, 0x49, 0x0d, 0x5e, 0x99,
  0xff, 0x0f, 0x63, 0xa1, 0xfc, 0x0e, 0x5e, 0x99, 0xfe, 0x0e, 0x5e, 0x9a, 0xfe, 0x0e, 0x5e, 0x9a,
  0xfd, 0x0e, 0x5f, 0x9d, 0x29, 0x0c, 0x5d, 0x9b, 0x00, 0x00, 0x00, 0x00, 0x1a, 0x13, 0x62, 0x9c,
  0xf7, 0x0e, 0x5d, 0x98, 0xff, 0x0e, 0x5f, 0x9c, 0xfe, 0x0e, 0x5e, 0x9a, 0xfb, 0x0e, 0x5e, 0x9a,
  0xff, 0x0f, 0x64, 0xa4, 0x72, 0x0d, 0x5d, 0x9a, 0x00, 0x00, 0x00, 0x00, 0x00, 0x00, 0x00, 0x00,
  0x00, 0x00, 0x00, 0x00, 0x00, 0x00, 0x00, 0x00, 0x00, 0x00, 0x00, 0x00, 0x02, 0x00, 0x7f, 0x7f,
  0x02, 0x00, 0x7f, 0x7f, 0x00, 0x00, 0x00, 0x00, 0x00, 0x00, 0x00, 0x00, 0x00, 0x00, 0x00, 0x00,
  0x00, 0x00, 0x00, 0x00, 0x00, 0x00, 0x00, 0x00, 0x00, 0x00, 0x00, 0x00, 0x00, 0x00, 0x00, 0x00,
  0x00, 0x00, 0x00, 0x00, 0x00, 0x00, 0x00, 0x00, 0x00, 0x00, 0x00, 0x00, 0x02, 0x00, 0xff, 0x7f,
  0x00, 0x00, 0x00, 0x00, 0x2d, 0x2d, 0xa4, 0x55, 0xfe, 0x2f, 0xa4, 0x55, 0xfe, 0x2f, 0xa3, 0x54,
  0xfe, 0x2f, 0xa2, 0x54, 0xfe, 0x2f, 0xa3, 0x54, 0xfd, 0x2f, 0xa5, 0x55, 0x2b, 0x2f, 0xa6, 0x53,
  0x00, 0x00, 0x00, 0x00, 0x02, 0x00, 0x7f, 0x7f, 0x00, 0x00, 0x00, 0x00, 0x00, 0x00, 0x00, 0x00,
  0x00, 0x00, 0x00, 0x00, 0x00, 0x00, 0x00, 0x00, 0x00, 0x00, 0x00, 0x00, 0x00, 0x00, 0x00, 0x00,
  0x02, 0x00, 0x7f, 0x7f, 0x01, 0x00, 0xff, 0xff, 0x00, 0x00, 0x00, 0x00, 0x02, 0x00, 0x7f, 0x7f,
  0x02, 0x00, 0x7f, 0x7f, 0x00, 0x00, 0x00, 0x00, 0x00, 0x00, 0x00, 0x00, 0x00, 0x00, 0x00, 0x00,
  0x03, 0x55, 0xaa, 0x55, 0x00, 0x00, 0x00, 0x00, 0x50, 0x2f, 0xa2, 0x52, 0xff, 0x31, 0xab, 0x58,
  0xfe, 0x2f, 0xa4, 0x55, 0xfc, 0x2e, 0xa2, 0x53, 0xff, 0x2f, 0xa3, 0x54, 0xfd, 0x2f, 0xa3, 0x53,
  0xfe, 0x30, 0xa7, 0x56, 0xdd, 0x2f, 0xa5, 0x55, 0x1e, 0x33, 0xa1, 0x55, 0x0e, 0x36, 0xa3, 0x5b,
  0xbf, 0x30, 0xa4, 0x55, 0xff, 0x31, 0xaa, 0x58, 0xfc, 0x2e, 0xa2, 0x53, 0xff, 0x2f, 0xa3, 0x54,
  0xfe, 0x2f, 0xa2, 0x53, 0xfa, 0x2e, 0xa3, 0x54, 0xff, 0x33, 0xb2, 0x5c, 0x89, 0x2e, 0xa1, 0x53,
  0x00, 0x00, 0x00, 0x00, 0x04, 0x3f, 0xbf, 0x3f, 0x00, 0x00, 0x00, 0x00, 0x14, 0x33, 0xa5, 0x59,
  0xee, 0x2f, 0xa2, 0x53, 0xfe, 0x30, 0xa5, 0x55, 0xfc, 0x2e, 0xa2, 0x53, 0xfe, 0x30, 0xa8, 0x57,
  0xd6, 0x2e, 0xa3, 0x53, 0x02, 0x00, 0x7f, 0x7f, 0x00, 0x00, 0x00, 0x00, 0x12, 0x2a, 0xaa, 0x55,
  0xeb, 0x2f, 0xa3, 0x54, 0xff, 0x30, 0xa5, 0x55, 0xfc, 0x2f, 0xa3, 0x53, 0xfe, 0x30, 0xa6, 0x56,
  0xe5, 0x2e, 0xa3, 0x54, 0x09, 0x38, 0xaa, 0x55, 0x00, 0x00, 0x00, 0x00, 0x01, 0x00, 0xff, 0x00,
  0x00, 0x00, 0x00, 0x00, 0x00, 0x00, 0x00, 0x00, 0x04, 0x3f, 0xbf, 0x3f, 0x00, 0x00, 0x00, 0x00,
  0x7f, 0x2e, 0xa2, 0x54, 0xff, 0x32, 0xaf, 0x5a, 0xfb, 0x2e, 0xa2, 0x54, 0xff, 0x2f, 0xa3, 0x54,
  0xff, 0x2f, 0xa2, 0x54, 0xff, 0x31, 0xab, 0x58, 0xff, 0x30, 0xa5, 0x55, 0xe3, 0x2f, 0xa4, 0x54,
  0xc4, 0x31, 0xaa, 0x58, 0x67, 0x2f, 0xa3, 0x54, 0x01, 0x00, 0x00, 0x00, 0x00, 0x00, 0x00, 0x00,
  0x5f, 0x2d, 0xa3, 0x53, 0xff, 0x32, 0xaf, 0x5a, 0xfa, 0x2e, 0xa2, 0x53, 0xff, 0x2f, 0xa3, 0x54,
  0xff, 0x2f, 0xa2, 0x54, 0xff, 0x2f, 0xa4, 0x55, 0xff, 0x31, 0xac, 0x58, 0xff, 0x31, 0xa9, 0x57,
  0xff, 0x2f, 0xa3, 0x54, 0xfa, 0x2e, 0xa3, 0x53, 0xfb, 0x2f, 0xa6, 0x56, 0xed, 0x2f, 0xa2, 0x53,
  0x0a, 0x33, 0xb2, 0x4c, 0x00, 0x00, 0x00, 0x00, 0x03, 0x00, 0x55, 0xaa, 0x00, 0x00, 0x00, 0x00,
  0xb2, 0x0e, 0x5d, 0x99, 0xff, 0x0f, 0x67, 0xa9, 0xdb, 0x0d, 0x5e, 0x99, 0x0c, 0x15, 0x55, 0x94,
  0x01, 0x00, 0x00, 0xff, 0x01, 0x00, 0x00, 0xff, 0x00, 0x00, 0x00, 0x00, 0x00, 0x00, 0x00, 0x00,
  0x00, 0x00, 0x00, 0x00, 0x00, 0x00, 0x00, 0x00, 0x00, 0x00, 0x00, 0x00, 0x00, 0x00, 0x00, 0x00,
  0x00, 0x00, 0x00, 0x00, 0x01, 0x00, 0x00, 0x00, 0x03, 0x00, 0x55, 0xaa, 0x04, 0x00, 0x3f, 0xbf,
  0xca, 0x0d, 0x5d, 0x9a, 0xff, 0x0f, 0x66, 0xa6, 0xdc, 0x0d, 0x5d, 0x9a, 0x0c, 0x15, 0x55, 0x94,
  0x02, 0x00, 0x7f, 0x7f, 0x01, 0x00, 0x00, 0xff, 0x00, 0x00, 0x00, 0x00, 0x00, 0x00, 0x00, 0x00,
  0x00, 0x00, 0x00, 0x00, 0x00, 0x00, 0x00, 0x00, 0x00, 0x00, 0x00, 0x00, 0x00, 0x00, 0x00, 0x00,
  0x00, 0x00, 0x00, 0x00, 0x01, 0x00, 0x00, 0xff, 0x00, 0x00, 0x00, 0x00, 0x12, 0x0e, 0x63, 0x9b,
  0xee, 0x0d, 0x5e, 0x9a, 0xff, 0x0e, 0x60, 0x9d, 0xfe, 0x0e, 0x5e, 0x99, 0xfe, 0x0e, 0x5d, 0x99,
  0xff, 0x0e, 0x60, 0x9e, 0xe5, 0x0e, 0x5d, 0x99, 0x09, 0x1c, 0x55, 0xaa, 0x00, 0x00, 0x00, 0x00,
  0x01, 0x00, 0x00, 0xff, 0x00, 0x00, 0x00, 0x00, 0x00, 0x00, 0x00, 0x00, 0x00, 0x00, 0x00, 0x00,
  0x00, 0x00, 0x00, 0x00, 0x00, 0x00, 0x00, 0x00, 0x00, 0x00, 0x00, 0x00, 0x00, 0x00, 0x00, 0x00,
  0x00, 0x00, 0x00, 0x00, 0x00, 0x00, 0x00, 0x00, 0x00, 0x00, 0x00, 0x00, 0x00, 0x00, 0x00, 0x00,
  0x00, 0x00, 0x00, 0x00, 0x00, 0x00, 0x00, 0x00, 0x00, 0x00, 0x00, 0x00, 0x00, 0x00, 0x00, 0x00,
  0x04, 0x00, 0x3f, 0x7f, 0x00, 0x00, 0x00, 0x00, 0x66, 0x0f, 0x5f, 0x9b, 0xff, 0x0f, 0x64, 0xa4,
  0xfb, 0x0e, 0x5e, 0x9a, 0xff, 0x0e, 0x5e, 0x9a, 0xfc, 0x0e, 0x5e, 0x99, 0xff, 0x0f, 0x63, 0xa2,
  0x5d, 0x0d, 0x5f, 0x99, 0x00, 0x00, 0x00, 0x00, 0x00, 0x00, 0x00, 0x00, 0x00, 0x00, 0x00, 0x00,
  0x44, 0x0f, 0x5d, 0x99, 0xef, 0x0e, 0x61, 0x9e, 0xff, 0x0e, 0x60, 0x9d, 0xfd, 0x0e, 0x5d, 0x9a,
  0xff, 0x0e, 0x5e, 0x9a, 0xff, 0x0e, 0x5e, 0x9a, 0xff, 0x0e, 0x5e, 0x9a, 0xff, 0x0e, 0x5e, 0x9a,
  0xfb, 0x0e, 0x5e, 0x9a, 0xff, 0x0f, 0x65, 0xa5, 0x67, 0x0e, 0x5e, 0x99, 0x01, 0x00, 0x00, 0xff,
  0x00, 0x00, 0x00, 0x00, 0x6d, 0x0e, 0x5d, 0x9a, 0xff, 0x0f, 0x65, 0xa5, 0xfb, 0x0e, 0x5d, 0x99,
  0xff, 0x0e, 0x5e, 0x9a, 0xfd, 0x0e, 0x5d, 0x9a, 0xff, 0x0f, 0x62, 0xa0, 0xb5, 0x0e, 0x5e, 0x9a,
  0x56, 0x0e, 0x5e, 0x9a, 0x64, 0x0f, 0x5e, 0x9b, 0xd1, 0x0e, 0x5f, 0x9c, 0xff, 0x0f, 0x64, 0xa5,
  0xfc, 0x0e, 0x5e, 0x99, 0xff, 0x0e, 0x5e, 0x9a, 0xff, 0x0e, 0x5e, 0x9a, 0xfe, 0x0e, 0x5e, 0x99,
  0xff, 0x0e, 0x5e, 0x9a, 0xff, 0x0e, 0x5e, 0x9a, 0xfc, 0x0e, 0x5e, 0x99, 0xff, 0x0f, 0x64, 0xa4,
  0x5c, 0x0d, 0x5e, 0x9b, 0x00, 0x00, 0x00, 0x00, 0x03, 0x00, 0x55, 0xaa, 0x05, 0x00, 0x66, 0x99,
  0xdb, 0x0d, 0x5e, 0x99, 0xfe, 0x0e, 0x61, 0x9f, 0xfd, 0x0e, 0x5d, 0x9a, 0xfd, 0x0e, 0x5d, 0x9a,
  0xfe, 0x0e, 0x60, 0x9e, 0xe4, 0x0e, 0x5f, 0x9c, 0x4f, 0x0c, 0x5d, 0x9a, 0x27, 0x0d, 0x5b, 0x96,
  0x53, 0x0f, 0x5f, 0x99, 0xd3, 0x0e, 0x60, 0x9d, 0xff, 0x0f, 0x64, 0xa4, 0xfc, 0x0e, 0x5e, 0x99,
  0xff, 0x0e, 0x5e, 0x9a, 0xff, 0x0e, 0x5e, 0x9a, 0xff, 0x0e, 0x5e, 0x9a, 0xff, 0x0e, 0x5e, 0x9a,
  0xfb, 0x0e, 0x5e, 0x9a, 0xff, 0x0f, 0x64, 0xa4, 0xac, 0x0d, 0x5e, 0x9a, 0x00, 0x00, 0x00, 0x00,
  0x03, 0x00, 0x55, 0xaa, 0x02, 0x00, 0x7f, 0x7f, 0x00, 0x00, 0x00, 0x00, 0x25, 0x0d, 0x60, 0x97,
  0xfc, 0x0e, 0x5e, 0x9a, 0xff, 0x0e, 0x5e, 0x9a, 0xff, 0x0e, 0x5e, 0x9a, 0xfc, 0x0e, 0x5e, 0x99,
  0xff, 0x0f, 0x64, 0xa3, 0x94, 0x0d, 0x5e, 0x9b, 0x00, 0x00, 0x00, 0x00, 0x3b, 0x0c, 0x5f, 0x9b,
  0xfc, 0x0e, 0x60, 0x9d, 0xfe, 0x0e, 0x5e, 0x9a, 0xff, 0x0e, 0x5e, 0x9a, 0xfd, 0x0e, 0x5d, 0x9a,
  0xfe, 0x0e, 0x61, 0x9e, 0xe3, 0x0e, 0x5e, 0x9b, 0x0b, 0x17, 0x5c, 0x8b, 0x00, 0x00, 0x00, 0x00,
  0x07, 0x00, 0x48, 0x91, 0x07, 0x00, 0x48, 0x91, 0x06, 0x00, 0x55, 0xaa, 0x04, 0x00, 0x7f, 0xbf,
  0x01, 0x00, 0x00, 0xff, 0x00, 0x00, 0x00, 0x00, 0x00, 0x00, 0x00, 0x00, 0x00, 0x00, 0x00, 0x00,
  0x00, 0x00, 0x00, 0x00, 0x00, 0x00, 0x00, 0x00, 0x00, 0x00, 0x00, 0x00, 0x00, 0x00, 0x00, 0x00,
  0x00, 0x00, 0x00, 0x00, 0x00, 0x00, 0x00, 0x00, 0x00, 0x00, 0x00, 0x00, 0x01, 0x00, 0xff, 0x00,
  0x00, 0x00, 0x00, 0x00, 0x0a, 0x33, 0x99, 0x4c, 0xe6, 0x2e, 0xa2, 0x54, 0xff, 0x30, 0xa7, 0x56,
  0xfe, 0x2f, 0xa2, 0x53, 0xfb, 0x2e, 0xa2, 0x54, 0xff, 0x32, 0xae, 0x5a, 0x65, 0x2d, 0xa1, 0x53,
  0x00, 0x00, 0x00, 0x00, 0x04, 0x3f, 0xbf, 0x3f, 0x00, 0x00, 0x00, 0x00, 0x00, 0x00, 0x00, 0x00,
  0x00, 0x00, 0x00, 0x00, 0x00, 0x00, 0x00, 0x00, 0x00, 0x00, 0x00, 0x00, 0x01, 0x00, 0x00, 0x00,
  0x00, 0x00, 0x00, 0x00, 0x00, 0x00, 0x00, 0x00, 0x0f, 0x33, 0xbb, 0x55, 0x00, 0x00, 0x00, 0x00,
  0x00, 0x00, 0x00, 0x00, 0x02, 0x00, 0xff, 0x7f, 0x00, 0x00, 0x00, 0x00, 0x00, 0x00, 0x00, 0x00,
  0x00, 0x00, 0x00, 0x00, 0x03, 0x55, 0xaa, 0x55, 0x00, 0x00, 0x00, 0x00, 0x5e, 0x2e, 0xa0, 0x51,
  0xfc, 0x30, 0xa8, 0x57, 0xff, 0x31, 0xaa, 0x58, 0xfb, 0x2e, 0xa2, 0x53, 0xfd, 0x2f, 0xa2, 0x53,
  0xfe, 0x2f, 0xa2, 0x53, 0xff, 0x31, 0xa8, 0x57, 0xec, 0x2e, 0xa3, 0x54, 0xe2, 0x2f, 0xa2, 0x53,
  0xff, 0x31, 0xa9, 0x57, 0xfe, 0x2f, 0xa2, 0x53, 0xfd, 0x2f, 0xa3, 0x53, 0xfb, 0x2e, 0xa2, 0x53,
  0xff, 0x30, 0xa6, 0x56, 0xff, 0x32, 0xaf, 0x5a, 0x90, 0x2f, 0xa2, 0x55, 0x00, 0x00, 0x00, 0x00,
  0x03, 0x55, 0xaa, 0x55, 0x02, 0x00, 0x7f, 0x00, 0x00, 0x00, 0x00, 0x00, 0x0a, 0x33, 0x99, 0x4c,
  0xef, 0x2e, 0xa2, 0x54, 0xff, 0x30, 0xa8, 0x57, 0xf6, 0x2e, 0xa2, 0x53, 0xff, 0x33, 0xb0, 0x5b,
  0xb7, 0x2f, 0xa3, 0x53, 0x00, 0x00, 0x00, 0x00, 0x01, 0x00, 0xff, 0x00, 0x09, 0x38, 0xaa, 0x55,
  0xec, 0x2e, 0xa3, 0x54, 0xff, 0x30, 0xa8, 0x57, 0xf6, 0x2e, 0xa1, 0x53, 0xff, 0x32, 0xaf, 0x5a,
  0xb2, 0x2f, 0xa3, 0x54, 0x00, 0x00, 0x00, 0x00, 0x03, 0x55, 0xaa, 0x55, 0x00, 0x00, 0x00, 0x00,
  0x00, 0x00, 0x00, 0x00, 0x00, 0x00, 0x00, 0x00, 0x02, 0x00, 0x7f, 0x7f, 0x00, 0x00, 0x00, 0x00,
  0x26, 0x2e, 0xa1, 0x57, 0xfc, 0x2f, 0xa5, 0x56, 0xfc, 0x2f, 0xa4, 0x55, 0xfe, 0x2f, 0xa2, 0x54,
  0xff, 0x2f, 0xa3, 0x54, 0xfc, 0x2e, 0xa2, 0x53, 0xff, 0x2f, 0xa3, 0x54, 0xff, 0x30, 0xa6, 0x56,
  0xff, 0x32, 0xae, 0x5a, 0xfb, 0x2e, 0xa2, 0x54, 0x18, 0x2a, 0x9f, 0x55, 0x00, 0x00, 0x00, 0x00,
  0x07, 0x24, 0x91, 0x48, 0xcf, 0x2e, 0xa2, 0x53, 0xff, 0x32, 0xad, 0x59, 0xf9, 0x2f, 0xa1, 0x53,
  0xfe, 0x2f, 0xa3, 0x54, 0xfe, 0x2f, 0xa2, 0x54, 0xfc, 0x2e, 0xa2, 0x53, 0xfd, 0x2f, 0xa3, 0x53,
  0xfe, 0x2f, 0xa2, 0x54, 0xf9, 0x2f, 0xa2, 0x53, 0xff, 0x31, 0xaa, 0x58, 0xd5, 0x2e, 0xa2, 0x53,
  0x04, 0x3f, 0xbf, 0x3f, 0x01, 0x00, 0xff, 0x00, 0x03, 0x00, 0x55, 0xaa, 0x00, 0x00, 0x00, 0x00,
  0x35, 0x0e, 0x60, 0x99, 0xfd, 0x0e, 0x5f, 0x9d, 0xff, 0x0f, 0x65, 0xa5, 0x77, 0x0c, 0x5e, 0x9a,
  0x00, 0x00, 0x00, 0x00, 0x04, 0x00, 0x3f, 0x7f, 0x00, 0x00, 0x00, 0x00, 0x00, 0x00, 0x00, 0x00,
  0x00, 0x00, 0x00, 0x00, 0x00, 0x00, 0x00, 0x00, 0x00, 0x00, 0x00, 0x00, 0x00, 0x00, 0x00, 0x00,
  0x00, 0x00, 0x00, 0x00, 0x05, 0x00, 0x66, 0x99, 0x00, 0x00, 0x00, 0x00, 0x8a, 0x0e, 0x5e, 0x99,
  0xff, 0x0f, 0x64, 0xa4, 0xff, 0x0e, 0x61, 0x9f, 0x48, 0x0e, 0x5c, 0x98, 0x00, 0x00, 0x00, 0x00,
  0x03, 0x00, 0x55, 0xaa, 0x00, 0x00, 0x00, 0x00, 0x00, 0x00, 0x00, 0x00, 0x00, 0x00, 0x00, 0x00,
  0x00, 0x00, 0x00, 0x00, 0x00, 0x00, 0x00, 0x00, 0x00, 0x00, 0x00, 0x00, 0x00, 0x00, 0x00, 0x00,
  0x00, 0x00, 0x00, 0x00, 0x01, 0x00, 0x00, 0x00, 0x00, 0x00, 0x00, 0x00, 0x06, 0x00, 0x55, 0xaa,
  0xe0, 0x0d, 0x5e, 0x9a, 0xff, 0x0e, 0x61, 0x9e, 0xfd, 0x0e, 0x5d, 0x9a, 0xfe, 0x0e, 0x5e, 0x9a,
  0xff, 0x0e, 0x5f, 0x9b, 0xf7, 0x0e, 0x5d, 0x99, 0x1d, 0x11, 0x60, 0x95, 0x00, 0x00, 0x00, 0x00,
  0x02, 0x00, 0x7f, 0x7f, 0x00, 0x00, 0x00, 0x00, 0x00, 0x00, 0x00, 0x00, 0x00, 0x00, 0x00, 0x00,
  0x00, 0x00, 0x00, 0x00, 0x00, 0x00, 0x00, 0x00, 0x00, 0x00, 0x00, 0x00, 0x00, 0x00, 0x00, 0x00,
  0x00, 0x00, 0x00, 0x00, 0x00, 0x00, 0x00, 0x00, 0x00, 0x00, 0x00, 0x00, 0x00, 0x00, 0x00, 0x00,
  0x00, 0x00, 0x00, 0x00, 0x00, 0x00, 0x00, 0x00, 0x00, 0x00, 0x00, 0x00, 0x00, 0x00, 0x00, 0x00,
  0x02, 0x00, 0x7f, 0x7f, 0x00, 0x00, 0x00, 0x00, 0x2f, 0x10, 0x5c, 0x97, 0xfe, 0x0e, 0x60, 0x9d,
  0xfe, 0x0e, 0x5e, 0x99, 0xff, 0x0e, 0x5e, 0x9a, 0xfe, 0x0e, 0x5e, 0x99, 0xfe, 0x0e, 0x5f, 0x9c,
  0xf7, 0x0e, 0x5e, 0x9b, 0x83, 0x0d, 0x5d, 0x99, 0x52, 0x0f, 0x5d, 0x98, 0x8d, 0x0e, 0x5e, 0x99,
  0xfd, 0x0e, 0x60, 0x9d, 0xff, 0x0e, 0x60, 0x9d, 0xfd, 0x0e, 0x5d, 0x99, 0xff, 0x0e, 0x5e, 0x9a,
  0xfe, 0x0e, 0x5e, 0x9a, 0xfc, 0x0e, 0x5e, 0x99, 0xff, 0x0e, 0x5e, 0x9a, 0xff, 0x0e, 0x5e, 0x9a,
  0xfc, 0x0e, 0x5e, 0x99, 0xff, 0x0f, 0x63, 0xa3, 0xb8, 0x0d, 0x5c, 0x99, 0x00, 0x00, 0x00, 0x00,
  0x00, 0x00, 0x00, 0x00, 0x1c, 0x12, 0x5b, 0x9a, 0xf7, 0x0e, 0x5e, 0x9a, 0xfd, 0x0e, 0x5f, 0x9c,
  0xfe, 0x0e, 0x5e, 0x9a, 0xff, 0x0e, 0x5e, 0x9a, 0xfe, 0x0e, 0x5d, 0x99, 0xff, 0x0f, 0x63, 0xa2,
  0xff, 0x0f, 0x64, 0xa3, 0xff, 0x0f, 0x64, 0xa4, 0xff, 0x0f, 0x61, 0xa0, 0xfc, 0x0e, 0x5e, 0x99,
  0xff, 0x0e, 0x5e, 0x9a, 0xfe, 0x0e, 0x5d, 0x99, 0xfe, 0x0e, 0x5e, 0x9a, 0xff, 0x0e, 0x5f, 0x9c,
  0xff, 0x0e, 0x5e, 0x99, 0xff, 0x0e, 0x5e, 0x9a, 0xfd, 0x0e, 0x5d, 0x9a, 0xff, 0x0f, 0x62, 0xa0,
  0xd3, 0x0e, 0x5e, 0x99, 0x03, 0x00, 0x55, 0xaa, 0x04, 0x00, 0x7f, 0xbf, 0x00, 0x00, 0x00, 0x00,
  0x92, 0x0d, 0x5e, 0x99, 0xff, 0x0f, 0x65, 0xa5, 0xfb, 0x0e, 0x5d, 0x99, 0xff, 0x0e, 0x5e, 0x9a,
  0xff, 0x0e, 0x5d, 0x99, 0xff, 0x0e, 0x60, 0x9e, 0xff, 0x0f, 0x62, 0xa0, 0xfc, 0x0e, 0x5e, 0x99,
  0xff, 0x0f, 0x62, 0xa1, 0xff, 0x0f, 0x61, 0xa0, 0xfc, 0x0e, 0x5e, 0x99, 0xff, 0x0e, 0x5e, 0x9a,
  0xfe, 0x0e, 0x5e, 0x99, 0xfc, 0x0e, 0x5e, 0x99, 0xff, 0x0e, 0x5e, 0x9a, 0xff, 0x0e, 0x5e, 0x9a,
  0xfd, 0x0e, 0x5d, 0x9a, 0xff, 0x0e, 0x61, 0x9f, 0xdf, 0x0d, 0x5d, 0x99, 0x05, 0x00, 0x66, 0x99,
  0x01, 0x00, 0x00, 0x00, 0x01, 0x00, 0x00, 0xff, 0x01, 0x00, 0x00, 0x00, 0x04, 0x00, 0x3f, 0x7f,
  0xd9, 0x0e, 0x5e, 0x99, 0xfe, 0x0e, 0x61, 0x9f, 0xfd, 0x0e, 0x5d, 0x9a, 0xff, 0x0e, 0x5e, 0x9a,
  0xff, 0x0e, 0x5e, 0x9a, 0xff, 0x0e, 0x60, 0x9d, 0xd1, 0x0d, 0x5d, 0x99, 0xec, 0x0e, 0x5e, 0x9a,
  0xff, 0x0e, 0x60, 0x9d, 0xfe, 0x0e, 0x5e, 0x99, 0xff, 0x0e, 0x5e, 0x9a, 0xff, 0x0e, 0x5e, 0x9a,
  0xfd, 0x0e, 0x5d, 0x99, 0xff, 0x0f, 0x63, 0xa3, 0xae, 0x0e, 0x5f, 0x9b, 0x11, 0x0f, 0x5a, 0x96,
  0x00, 0x00, 0x00, 0x00, 0x00, 0x00, 0x00, 0x00, 0x00, 0x00, 0x00, 0x00, 0x00, 0x00, 0x00, 0x00,
  0x00, 0x00, 0x00, 0x00, 0x00, 0x00, 0x00, 0x00, 0x00, 0x00, 0x00, 0x00, 0x00, 0x00, 0x00, 0x00,
  0x00, 0x00, 0x00, 0x00, 0x00, 0x00, 0x00, 0x00, 0x00, 0x00, 0x00, 0x00, 0x00, 0x00, 0x00, 0x00,
  0x00, 0x00, 0x00, 0x00, 0x00, 0x00, 0x00, 0x00, 0x00, 0x00, 0x00, 0x00, 0x00, 0x00, 0x00, 0x00,
  0x02, 0x00, 0x7f, 0x7f, 0x00, 0x00, 0x00, 0x00, 0xb9, 0x2e, 0xa2, 0x54, 0xff, 0x32, 0xac, 0x59,
  0xfc, 0x2e, 0xa2, 0x53, 0xfb, 0x2e, 0xa3, 0x54, 0xff, 0x32, 0xad, 0x59, 0xab, 0x2e, 0xa2, 0x53,
  0x00, 0x00, 0x00, 0x00, 0x03, 0x55, 0xaa, 0x55, 0x00, 0x00, 0x00, 0x00, 0x00, 0x00, 0x00, 0x00,
  0x00, 0x00, 0x00, 0x00, 0x00, 0x00, 0x00, 0x00, 0x02, 0x00, 0x7f, 0x7f, 0x00, 0x00, 0x00, 0x00,
  0x24, 0x31, 0xa2, 0x55, 0xb7, 0x30, 0xa8, 0x56, 0xe7, 0x30, 0xaa, 0x57, 0xb2, 0x30, 0xa7, 0x55,
  0x2b, 0x2f, 0xa0, 0x53, 0x00, 0x00, 0x00, 0x00, 0x04, 0x3f, 0x7f, 0x3f, 0x00, 0x00, 0x00, 0x00,
  0x00, 0x00, 0x00, 0x00, 0x00, 0x00, 0x00, 0x00, 0x04, 0x3f, 0x7f, 0x3f, 0x00, 0x00, 0x00, 0x00,
  0x3d, 0x2d, 0x9e, 0x53, 0xd1, 0x30, 0xa7, 0x56, 0xff, 0x32, 0xaf, 0x5a, 0xff, 0x31, 0xaa, 0x58,
  0xff, 0x2f, 0xa4, 0x54, 0xfb, 0x2e, 0xa2, 0x53, 0xff, 0x2f, 0xa3, 0x54, 0xff, 0x30, 0xa5, 0x55,
  0xfb, 0x2e, 0xa2, 0x53, 0xff, 0x2f, 0xa3, 0x54, 0xff, 0x30, 0xa8, 0x57, 0xff, 0x32, 0xaf, 0x5a,
  0xea, 0x31, 0xa7, 0x57, 0x64, 0x2d, 0xa3, 0x54, 0x00, 0x00, 0x00, 0x00, 0x02, 0x7f, 0xff, 0x7f,
  0x01, 0x00, 0x00, 0x00, 0x00, 0x00, 0x00, 0x00, 0x02, 0x7f, 0xff, 0x7f, 0x00, 0x00, 0x00, 0x00,
  0x7f, 0x2e, 0xa2, 0x54, 0xfe, 0x31, 0xaa, 0x57, 0xff, 0x32, 0xae, 0x5a, 0xeb, 0x30, 0xa9, 0x56,
  0x3d, 0x2d, 0xa3, 0x53, 0x01, 0x00, 0x00, 0x00, 0x05, 0x33, 0x99, 0x66, 0x00, 0x00, 0x00, 0x00,
  0x7b, 0x2f, 0xa3, 0x55, 0xff, 0x31, 0xac, 0x58, 0xff, 0x33, 0xaf, 0x5a, 0xf6, 0x30, 0xa8, 0x57,
  0x37, 0x2e, 0xa2, 0x53, 0x01, 0x00, 0xff, 0x00, 0x03, 0x55, 0xaa, 0x55, 0x00, 0x00, 0x00, 0x00,
  0x00, 0x00, 0x00, 0x00, 0x00, 0x00, 0x00, 0x00, 0x00, 0x00, 0x00, 0x00, 0x03, 0x55, 0xaa, 0x55,
  0x00, 0x00, 0x00, 0x00, 0x80, 0x2d, 0xa1, 0x53, 0xff, 0x33, 0xb3, 0x5c, 0xfb, 0x2e, 0xa2, 0x54,
  0xfb, 0x2e, 0xa2, 0x54, 0xfd, 0x2f, 0xa2, 0x53, 0xfc, 0x2f, 0xa2, 0x53, 0xfa, 0x2e, 0xa3, 0x54,
  0xf8, 0x2f, 0xa3, 0x54, 0xfe, 0x2f, 0xa3, 0x54, 0x22, 0x2d, 0xa5, 0x52, 0x00, 0x00, 0x00, 0x00,
  0x00, 0x00, 0x00, 0x00, 0x26, 0x2e, 0xa7, 0x57, 0xe2, 0x30, 0xa8, 0x56, 0xff, 0x33, 0xb0, 0x5b,
  0xff, 0x2f, 0xa5, 0x55, 0xfe, 0x2f, 0xa2, 0x53, 0xfc, 0x2e, 0xa2, 0x53, 0xfd, 0x2f, 0xa2, 0x53,
  0xff, 0x2f, 0xa4, 0x55, 0xff, 0x32, 0xac, 0x59, 0xfe, 0x31, 0xaa, 0x58, 0x50, 0x2f, 0xa2, 0x52,
  0x00, 0x00, 0x00, 0x00, 0x03, 0x55, 0xaa, 0x55, 0x00, 0x00, 0x00, 0x00, 0x03, 0x00, 0x55, 0xaa,
  0x00, 0x00, 0x00, 0x00, 0x97, 0x0d, 0x5c, 0x97, 0xfe, 0x10, 0x69, 0xac, 0xc0, 0x0d, 0x5e, 0x9a,
  0x00, 0x00, 0x00, 0x00, 0x02, 0x00, 0x7f, 0x7f, 0x01, 0x00, 0xff, 0xff, 0x04, 0x00, 0x7f, 0xbf,
  0x04, 0x00, 0x3f, 0x7f, 0x04, 0x00, 0x7f, 0x7f, 0x04, 0x00, 0x3f, 0x7f, 0x04, 0x00, 0x3f, 0x7f,
  0x06, 0x00, 0x55, 0xaa, 0x00, 0x00, 0x00, 0x00, 0x50, 0x0c, 0x5c, 0x99, 0xff, 0x0f, 0x61, 0x9f,
  0xff, 0x0f, 0x64, 0xa4, 0xa2, 0x0e, 0x5c, 0x98, 0x00, 0x00, 0x00, 0x00, 0x04, 0x00, 0x3f, 0x7f,
  0x00, 0x00, 0x00, 0x00, 0x00, 0x00, 0x00, 0x00, 0x00, 0x00, 0x00, 0x00, 0x00, 0x00, 0x00, 0x00,
  0x00, 0x00, 0x00, 0x00, 0x00, 0x00, 0x00, 0x00, 0x00, 0x00, 0x00, 0x00, 0x00, 0x00, 0x00, 0x00,
  0x00, 0x00, 0x00, 0x00, 0x00, 0x00, 0x00, 0x00, 0x01, 0x00, 0x00, 0x00, 0x00, 0x00, 0x00, 0x00,
  0xce, 0x0d, 0x5e, 0x9a, 0xff, 0x0f, 0x62, 0xa1, 0xfd, 0x0e, 0x5d, 0x9a, 0xff, 0x0e, 0x5e, 0x9a,
  0xfe, 0x0e, 0x5e, 0x99, 0xff, 0x0e, 0x61, 0x9e, 0x37, 0x0d, 0x5c, 0x99, 0x00, 0x00, 0x00, 0x00,
  0x03, 0x00, 0x55, 0xaa, 0x00, 0x00, 0x00, 0x00, 0x00, 0x00, 0x00, 0x00, 0x00, 0x00, 0x00, 0x00,
  0x00, 0x00, 0x00, 0x00, 0x00, 0x00, 0x00, 0x00, 0x00, 0x00, 0x00, 0x00, 0x00, 0x00, 0x00, 0x00,
  0x00, 0x00, 0x00, 0x00, 0x00, 0x00, 0x00, 0x00, 0x00, 0x00, 0x00, 0x00, 0x00, 0x00, 0x00, 0x00,
  0x00, 0x00, 0x00, 0x00, 0x00, 0x00, 0x00, 0x00, 0x00, 0x00, 0x00, 0x00, 0x00, 0x00, 0x00, 0x00,
  0x00, 0x00, 0x00, 0x00, 0x02, 0x00, 0x7f, 0x7f, 0x02, 0x00, 0x7f, 0x7f, 0xce, 0x0d, 0x5e, 0x99,
  0xfe, 0x0f, 0x62, 0xa1, 0xfc, 0x0e, 0x5e, 0x99, 0xff, 0x0e, 0x5e, 0x9a, 0xff, 0x0e, 0x5e, 0x99,
  0xff, 0x0e, 0x5f, 0x9b, 0xff, 0x0f, 0x64, 0xa4, 0xff, 0x0f, 0x63, 0xa2, 0xff, 0x0f, 0x64, 0xa4,
  0xff, 0x0e, 0x5e, 0x9a, 0xfe, 0x0e, 0x5d, 0x99, 0xff, 0x0e, 0x5e, 0x9a, 0xfd, 0x0e, 0x5d, 0x9a,
  0xff, 0x0e, 0x5e, 0x9b, 0xff, 0x0f, 0x63, 0xa2, 0xff, 0x0e, 0x5e, 0x9a, 0xff, 0x0e, 0x5e, 0x9a,
  0xff, 0x0e, 0x5e, 0x9a, 0xfe, 0x0e, 0x5e, 0x9a, 0xfa, 0x0e, 0x60, 0x9e, 0x2a, 0x0c, 0x5b, 0x97,
  0x01, 0x00, 0x00, 0xff, 0x00, 0x00, 0x00, 0x00, 0x91, 0x0e, 0x5d, 0x99, 0xff, 0x0f, 0x66, 0xa8,
  0xf9, 0x0e, 0x5d, 0x99, 0xff, 0x0e, 0x5e, 0x9a, 0xff, 0x0e, 0x5e, 0x9a, 0xfc, 0x0e, 0x5e, 0x99,
  0xfc, 0x0e, 0x5e, 0x99, 0xfb, 0x0e, 0x5e, 0x9a, 0xfd, 0x0e, 0x5d, 0x9a, 0xff, 0x0e, 0x5e, 0x9a,
  0xfc, 0x0e, 0x5e, 0x99, 0xff, 0x0e, 0x60, 0x9c, 0xff, 0x0e, 0x5f, 0x9c, 0xec, 0x0e, 0x5e, 0x9a,
  0xfe, 0x0e, 0x5f, 0x9c, 0xfe, 0x0e, 0x5e, 0x9a, 0xff, 0x0e, 0x5e, 0x9a, 0xfc, 0x0e, 0x5d, 0x99,
  0xff, 0x0f, 0x64, 0xa5, 0x71, 0x0d, 0x5c, 0x99, 0x00, 0x00, 0x00, 0x00, 0x01, 0x00, 0x00, 0x00,
  0x27, 0x0d, 0x62, 0x9c, 0xfb, 0x0e, 0x60, 0x9d, 0xfc, 0x0e, 0x5f, 0x9b, 0xfe, 0x0e, 0x5e, 0x99,
  0xff, 0x0e, 0x5e, 0x9a, 0xfe, 0x0e, 0x5d, 0x99, 0xfd, 0x0e, 0x5d, 0x9a, 0xff, 0x0e, 0x5e, 0x9b,
  0xfd, 0x0e, 0x5d, 0x9a, 0xfd, 0x0e, 0x5d, 0x9a, 0xff, 0x0e, 0x5e, 0x9a, 0xfd, 0x0e, 0x5d, 0x99,
  0xff, 0x0e, 0x5f, 0x9b, 0xff, 0x0f, 0x63, 0xa1, 0xff, 0x0e, 0x5e, 0x9a, 0xff, 0x0e, 0x5e, 0x9a,
  0xff, 0x0e, 0x5e, 0x9a, 0xfd, 0x0e, 0x5d, 0x9a, 0xff, 0x0f, 0x62, 0xa0, 0x40, 0x0f, 0x5f, 0x97,
  0x01, 0x00, 0x00, 0xff, 0x04, 0x00, 0x3f, 0x7f, 0x04, 0x00, 0x3f, 0x7f, 0x00, 0x00, 0x00, 0x00,
  0x8b, 0x0e, 0x5d, 0x9a, 0xff, 0x0f, 0x65, 0xa5, 0xfb, 0x0e, 0x5d, 0x99, 0xff, 0x0e, 0x5e, 0x9a,
  0xff, 0x0e, 0x5e, 0x9a, 0xfe, 0x0e, 0x5e, 0x99, 0xff, 0x0f, 0x62, 0xa0, 0xff, 0x0e, 0x60, 0x9d,
  0xff, 0x0e, 0x5e, 0x99, 0xff, 0x0e, 0x5e, 0x9a, 0xfd, 0x0e, 0x5d, 0x9a, 0xff, 0x0e, 0x5e, 0x9a,
  0xff, 0x0e, 0x5e, 0x9a, 0xfd, 0x0e, 0x5d, 0x9a, 0xff, 0x0f, 0x62, 0xa1, 0xe6, 0x0e, 0x5e, 0x9a,
  0xbb, 0x0d, 0x5e, 0x9a, 0xb3, 0x0e, 0x5f, 0x9b, 0xa2, 0x0e, 0x60, 0x9d, 0x67, 0x0e, 0x60, 0x9e,
  0x0c, 0x15, 0x55, 0x94, 0x00, 0x00, 0x00, 0x00, 0x01, 0x00, 0x00, 0xff, 0x00, 0x00, 0x00, 0x00,
  0x00, 0x00, 0x00, 0x00, 0x00, 0x00, 0x00, 0x00, 0x00, 0x00, 0x00, 0x00, 0x00, 0x00, 0x00, 0x00,
  0x00, 0x00, 0x00, 0x00, 0x00, 0x00, 0x00, 0x00, 0x00, 0x00, 0x00, 0x00, 0x00, 0x00, 0x00, 0x00,
  0x04, 0x3f, 0xbf, 0x3f, 0x00, 0x00, 0x00, 0x00, 0x7f, 0x30, 0xa2, 0x54, 0xff, 0x32, 0xaf, 0x5a,
  0xfb, 0x2e, 0xa2, 0x54, 0xfe, 0x2f, 0xa2, 0x54, 0xff, 0x30, 0xa7, 0x56, 0xe9, 0x2f, 0xa1, 0x53,
  0x0c, 0x2a, 0xaa, 0x55, 0x00, 0x00, 0x00, 0x00, 0x01, 0x00, 0xff, 0x00, 0x00, 0x00, 0x00, 0x00,
  0x00, 0x00, 0x00, 0x00, 0x00, 0x00, 0x00, 0x00, 0x02, 0x00, 0x7f, 0x00, 0x04, 0x3f, 0xbf, 0x3f,
  0xcb, 0x2e, 0xa3, 0x54, 0xff, 0x34, 0xb3, 0x5c, 0xff, 0x2f, 0xa3, 0x54, 0xff, 0x32, 0xae, 0x5a,
  0xef, 0x31, 0xa8, 0x56, 0x3b, 0x2b, 0x9f, 0x52, 0x00, 0x00, 0x00, 0x00, 0x05, 0x33, 0x99, 0x33,
  0x00, 0x00, 0x00, 0x00, 0x00, 0x00, 0x00, 0x00, 0x00, 0x00, 0x00, 0x00, 0x03, 0x55, 0xaa, 0x55,
  0x00, 0x00, 0x00, 0x00, 0x07, 0x24, 0x6d, 0x48, 0x67, 0x2f, 0xa5, 0x56, 0xc6, 0x2f, 0xa7, 0x56,
  0xf9, 0x2f, 0xa4, 0x55, 0xff, 0x32, 0xac, 0x59, 0xff, 0x32, 0xad, 0x59, 0xff, 0x32, 0xad, 0x59,
  0xff, 0x32, 0xad, 0x59, 0xff, 0x30, 0xa5, 0x55, 0xd7, 0x2f, 0xa6, 0x55, 0x82, 0x2f, 0xa6, 0x56,
  0x1a, 0x31, 0x9c, 0x4e, 0x00, 0x00, 0x00, 0x00, 0x02, 0x00, 0xff, 0x7f, 0x00, 0x00, 0x00, 0x00,
  0x00, 0x00, 0x00, 0x00, 0x00, 0x00, 0x00, 0x00, 0x00, 0x00, 0x00, 0x00, 0x01, 0x00, 0x00, 0x00,
  0x00, 0x00, 0x00, 0x00, 0x2e, 0x2c, 0xa6, 0x53, 0x56, 0x32, 0xb1, 0x5b, 0x1a, 0x31, 0x9c, 0x4e,
  0x00, 0x00, 0x00, 0x00, 0x01, 0x00, 0xff, 0x00, 0x00, 0x00, 0x00, 0x00, 0x01, 0x00, 0xff, 0x00,
  0x00, 0x00, 0x00, 0x00, 0x36, 0x2f, 0xa0, 0x55, 0x65, 0x32, 0xb0, 0x5a, 0x2f, 0x2b, 0x9d, 0x51,
  0x00, 0x00, 0x00, 0x00, 0x04, 0x3f, 0xbf, 0x3f, 0x00, 0x00, 0x00, 0x00, 0x00, 0x00, 0x00, 0x00,
  0x00, 0x00, 0x00, 0x00, 0x00, 0x00, 0x00, 0x00, 0x00, 0x00, 0x00, 0x00, 0x01, 0x00, 0x00, 0x00,
  0x03, 0x55, 0xaa, 0x55, 0x00, 0x00, 0x00, 0x00, 0x8f, 0x2e, 0xa4, 0x53, 0xff, 0x32, 0xad, 0x59,
  0xff, 0x32, 0xae, 0x5a, 0xff, 0x31, 0xaa, 0x58, 0xff, 0x31, 0xa9, 0x57, 0xff, 0x31, 0xa9, 0x57,
  0xff, 0x34, 0xb5, 0x5e, 0xbc, 0x2f, 0xa2, 0x54, 0x03, 0x55, 0xaa, 0x55, 0x02, 0x00, 0x7f, 0x00,
  0x02, 0x00, 0x7f, 0x7f, 0x00, 0x00, 0x00, 0x00, 0x1b, 0x2f, 0xa0, 0x55, 0x9e, 0x30, 0xa7, 0x57,
  0xed, 0x30, 0xa6, 0x56, 0xff, 0x31, 0xa9, 0x57, 0xff, 0x32, 0xac, 0x59, 0xff, 0x31, 0xaa, 0x58,
  0xf4, 0x30, 0xa6, 0x55, 0xb2, 0x30, 0xa7, 0x55, 0x3b, 0x2f, 0x9f, 0x52, 0x00, 0x00, 0x00, 0x00,
  0x02, 0x00, 0x7f, 0x00, 0x00, 0x00, 0x00, 0x00, 0x01, 0x00, 0x00, 0xff, 0x03, 0x00, 0x55, 0xaa,
  0x07, 0x00, 0x6d, 0x91, 0xc0, 0x0e, 0x5e, 0x9a, 0xff, 0x0f, 0x67, 0xaa, 0xa4, 0x0d, 0x5d, 0x99,
  0x03, 0x00, 0x55, 0xaa, 0x05, 0x00, 0x66, 0x99, 0x00, 0x00, 0x00, 0x00, 0x00, 0x00, 0x00, 0x00,
  0x00, 0x00, 0x00, 0x00, 0x00, 0x00, 0x00, 0x00, 0x00, 0x00, 0x00, 0x00, 0x00, 0x00, 0x00, 0x00,
  0x00, 0x00, 0x00, 0x00, 0x2f, 0x10, 0x61, 0x9d, 0xee, 0x0d, 0x5f, 0x9c, 0xff, 0x0f, 0x63, 0xa1,
  0xe7, 0x0e, 0x5e, 0x9b, 0x14, 0x0c, 0x66, 0x99, 0x02, 0x00, 0x7f, 0x7f, 0x02, 0x00, 0x7f, 0x7f,
  0x00, 0x00, 0x00, 0x00, 0x00, 0x00, 0x00, 0x00, 0x00, 0x00, 0x00, 0x00, 0x00, 0x00, 0x00, 0x00,
  0x00, 0x00, 0x00, 0x00, 0x00, 0x00, 0x00, 0x00, 0x00, 0x00, 0x00, 0x00, 0x00, 0x00, 0x00, 0x00,
  0x00, 0x00, 0x00, 0x00, 0x00, 0x00, 0x00, 0x00, 0x03, 0x00, 0x55, 0xaa, 0x00, 0x00, 0x00, 0x00,
  0xb6, 0x0e, 0x5d, 0x9a, 0xff, 0x0f, 0x63, 0xa3, 0xfc, 0x0e, 0x5e, 0x99, 0xff, 0x0e, 0x5e, 0x9a,
  0xfb, 0x0e, 0x5e, 0x9a, 0xff, 0x0f, 0x64, 0xa4, 0x5a, 0x0e, 0x5d, 0x99, 0x00, 0x00, 0x00, 0x00,
  0x04, 0x00, 0x3f, 0x7f, 0x00, 0x00, 0x00, 0x00, 0x00, 0x00, 0x00, 0x00, 0x00, 0x00, 0x00, 0x00,
  0x00, 0x00, 0x00, 0x00, 0x00, 0x00, 0x00, 0x00, 0x00, 0x00, 0x00, 0x00, 0x00, 0x00, 0x00, 0x00,
  0x00, 0x00, 0x00, 0x00, 0x00, 0x00, 0x00, 0x00, 0x00, 0x00, 0x00, 0x00, 0x00, 0x00, 0x00, 0x00,
  0x00, 0x00, 0x00, 0x00, 0x00, 0x00, 0x00, 0x00, 0x00, 0x00, 0x00, 0x00, 0x00, 0x00, 0x00, 0x00,
  0x00, 0x00, 0x00, 0x00, 0x03, 0x00, 0x55, 0xaa, 0x00, 0x00, 0x00, 0x00, 0x51, 0x0c, 0x5e, 0x9a,
  0xff, 0x0f, 0x65, 0xa5, 0xfa, 0x0e, 0x5d, 0x9a, 0xfe, 0x0e, 0x5e, 0x9a, 0xff, 0x0e, 0x5e, 0x9a,
  0xfe, 0x0e, 0x5e, 0x99, 0xfb, 0x0e, 0x5e, 0x9a, 0xfc, 0x0e, 0x5e, 0x99, 0xfb, 0x0e, 0x5e, 0x9a,
  0xfe, 0x0e, 0x5e, 0x9a, 0xff, 0x0e, 0x5e, 0x9a, 0xfb, 0x0e, 0x5d, 0x99, 0xff, 0x0e, 0x61, 0x9f,
  0xfc, 0x0e, 0x5f, 0x9b, 0x7d, 0x0e, 0x5d, 0x9b, 0xf2, 0x0d, 0x5d, 0x99, 0xff, 0x0e, 0x5f, 0x9c,
  0xfe, 0x0e, 0x5e, 0x9a, 0xfc, 0x0e, 0x5e, 0x99, 0xff, 0x0f, 0x63, 0xa3, 0xb7, 0x0d, 0x5d, 0x99,
  0x00, 0x00, 0x00, 0x00, 0x03, 0x00, 0x55, 0xaa, 0x0e, 0x12, 0x5b, 0xa3, 0xcf, 0x0e, 0x5e, 0x9b,
  0xff, 0x0f, 0x66, 0xa7, 0xfc, 0x0e, 0x5d, 0x99, 0xfb, 0x0e, 0x5d, 0x99, 0xfc, 0x0e, 0x5e, 0x99,
  0xfc, 0x0e, 0x5e, 0x99, 0xfc, 0x0e, 0x5e, 0x99, 0xfb, 0x0e, 0x5d, 0x99, 0xfd, 0x0e, 0x5d, 0x9a,
  0xff, 0x0f, 0x63, 0xa2, 0xfb, 0x0e, 0x62, 0xa1, 0x5b, 0x0e, 0x5c, 0x9a, 0x56, 0x0e, 0x5e, 0x9a,
  0xff, 0x0f, 0x65, 0xa5, 0xfb, 0x0e, 0x5d, 0x99, 0xff, 0x0e, 0x5e, 0x9a, 0xfe, 0x0e, 0x5e, 0x99,
  0xfe, 0x0e, 0x5f, 0x9c, 0xf2, 0x0d, 0x5e, 0x9a, 0x1c, 0x12, 0x64, 0x9a, 0x01, 0x00, 0x00, 0x00,
  0x00, 0x00, 0x00, 0x00, 0x7e, 0x0e, 0x5d, 0x99, 0xff, 0x0f, 0x67, 0xa9, 0xfa, 0x0e, 0x5d, 0x9a,
  0xfd, 0x0e, 0x5d, 0x99, 0xff, 0x0e, 0x5e, 0x9a, 0xff, 0x0e, 0x5e, 0x9a, 0xfe, 0x0e, 0x5e, 0x9a,
  0xfe, 0x0e, 0x5e, 0x9a, 0xfd, 0x0e, 0x5d, 0x99, 0xfb, 0x0e, 0x5d, 0x99, 0xff, 0x0f, 0x63, 0xa2,
  0xf7, 0x0e, 0x5e, 0x9b, 0x76, 0x0c, 0x5c, 0x99, 0xed, 0x0d, 0x5d, 0x99, 0xff, 0x0e, 0x60, 0x9d,
  0xfe, 0x0e, 0x5e, 0x9a, 0xfc, 0x0e, 0x5e, 0x99, 0xff, 0x0f, 0x63, 0xa2, 0xbe, 0x0d, 0x5d, 0x9a,
  0x00, 0x00, 0x00, 0x00, 0x01, 0x00, 0x00, 0xff, 0x06, 0x00, 0x55, 0xaa, 0x01, 0x00, 0x00, 0xff,
  0x22, 0x0f, 0x61, 0x9d, 0xfa, 0x0e, 0x5f, 0x9c, 0xfc, 0x0e, 0x60, 0x9c, 0xfc, 0x0e, 0x5e, 0x99,
  0xff, 0x0e, 0x5e, 0x9a, 0xff, 0x0e, 0x5e, 0x9a, 0xfd, 0x0e, 0x5d, 0x9a, 0xfe, 0x0e, 0x5e, 0x99,
  0xfd, 0x0e, 0x5d, 0x9a, 0xfe, 0x0e, 0x5e, 0x99, 0xff, 0x0e, 0x61, 0x9f, 0xfc, 0x0e, 0x5e, 0x99,
  0xff, 0x0e, 0x5e, 0x9a, 0xff, 0x0e, 0x5e, 0x9a, 0xfd, 0x0e, 0x5d, 0x99, 0xff, 0x0e, 0x60, 0x9d,
  0xff, 0x0f, 0x63, 0xa2, 0xff, 0x0f, 0x63, 0xa3, 0xff, 0x0f, 0x63, 0xa3, 0xff, 0x0f, 0x68, 0xaa,
  0xbf, 0x0e, 0x5d, 0x99, 0x06, 0x00, 0x55, 0x7f, 0x02, 0x00, 0x7f, 0x7f, 0x00, 0x00, 0x00, 0x00,
  0x00, 0x00, 0x00, 0x00, 0x00, 0x00, 0x00, 0x00, 0x00, 0x00, 0x00, 0x00, 0x00, 0x00, 0x00, 0x00,
  0x00, 0x00, 0x00, 0x00, 0x00, 0x00, 0x00, 0x00, 0x00, 0x00, 0x00, 0x00, 0x00, 0x00, 0x00, 0x00,
  0x03, 0x55, 0xaa, 0x55, 0x00, 0x00, 0x00, 0x00, 0x40, 0x2f, 0xa3, 0x53, 0xff, 0x31, 0xa9, 0x57,
  0xfd, 0x2f, 0xa3, 0x53, 0xff, 0x2f, 0xa3, 0x54, 0xfd, 0x2e, 0xa2, 0x53, 0xff, 0x31, 0xab, 0x58,
  0x46, 0x2f, 0xa3, 0x53, 0x00, 0x00, 0x00, 0x00, 0x03, 0x55, 0xaa, 0x55, 0x00, 0x00, 0x00, 0x00,
  0x00, 0x00, 0x00, 0x00, 0x02, 0x00, 0x7f, 0x7f, 0x00, 0x00, 0x00, 0x00, 0x1c, 0x2d, 0xa3, 0x51,
  0xfb, 0x2e, 0xa2, 0x54, 0xfc, 0x2f, 0xa3, 0x53, 0xfd, 0x2f, 0xa3, 0x54, 0xfa, 0x2e, 0xa2, 0x53,
  0xff, 0x30, 0xa8, 0x57, 0xf0, 0x2f, 0xa7, 0x56, 0x3a, 0x2b, 0x9e, 0x53, 0x00, 0x00, 0x00, 0x00,
  0x05, 0x33, 0x99, 0x33, 0x01, 0x00, 0x00, 0x00, 0x00, 0x00, 0x00, 0x00, 0x00, 0x00, 0x00, 0x00,
  0x02, 0x00, 0xff, 0x7f, 0x00, 0x00, 0x00, 0x00, 0x00, 0x00, 0x00, 0x00, 0x00, 0x00, 0x00, 0x00,
  0x23, 0x33, 0xa7, 0x57, 0x4c, 0x2e, 0xa7, 0x57, 0x65, 0x2f, 0xa6, 0x55, 0x68, 0x2e, 0xa4, 0x55,
  0x53, 0x31, 0xa8, 0x56, 0x2e, 0x31, 0xa6, 0x58, 0x04, 0x3f, 0xbf, 0x3f, 0x00, 0x00, 0x00, 0x00,
  0x00, 0x00, 0x00, 0x00, 0x03, 0x55, 0xaa, 0x55, 0x00, 0x00, 0x00, 0x00, 0x00, 0x00, 0x00, 0x00,
  0x00, 0x00, 0x00, 0x00, 0x00, 0x00, 0x00, 0x00, 0x00, 0x00, 0x00, 0x00, 0x00, 0x00, 0x00, 0x00,
  0x02, 0x00, 0x7f, 0x7f, 0x00, 0x00, 0x00, 0x00, 0x00, 0x00, 0x00, 0x00, 0x00, 0x00, 0x00, 0x00,
  0x02, 0x00, 0x7f, 0x7f, 0x00, 0x00, 0x00, 0x00, 0x00, 0x00, 0x00, 0x00, 0x00, 0x00, 0x00, 0x00,
  0x02, 0x00, 0x7f, 0x7f, 0x00, 0x00, 0x00, 0x00, 0x00, 0x00, 0x00, 0x00, 0x00, 0x00, 0x00, 0x00,
  0x00, 0x00, 0x00, 0x00, 0x00, 0x00, 0x00, 0x00, 0x01, 0x00, 0xff, 0x00, 0x00, 0x00, 0x00, 0x00,
  0x00, 0x00, 0x00, 0x00, 0x00, 0x00, 0x00, 0x00, 0x00, 0x00, 0x00, 0x00, 0x00, 0x00, 0x00, 0x00,
  0x00, 0x00, 0x00, 0x00, 0x01, 0x00, 0xff, 0x00, 0x00, 0x00, 0x00, 0x00, 0x46, 0x2f, 0xa3, 0x53,
  0x9d, 0x30, 0xa8, 0x57, 0xca, 0x2f, 0xa5, 0x55, 0xd5, 0x2f, 0xa5, 0x55, 0xc4, 0x30, 0xa6, 0x55,
  0x83, 0x30, 0xa7, 0x55, 0x10, 0x2f, 0x9f, 0x4f, 0x00, 0x00, 0x00, 0x00, 0x01, 0x00, 0xff, 0x00,
  0x00, 0x00, 0x00, 0x00, 0x02, 0x00, 0x7f, 0x7f, 0x00, 0x00, 0x00, 0x00, 0x00, 0x00, 0x00, 0x00,
  0x15, 0x30, 0xaa, 0x55, 0x3b, 0x2f, 0xa8, 0x56, 0x4d, 0x31, 0xa8, 0x56, 0x43, 0x31, 0xa7, 0x57,
  0x1d, 0x34, 0xa7, 0x57, 0x00, 0x00, 0x00, 0x00, 0x00, 0x00, 0x00, 0x00, 0x02, 0x00, 0x7f, 0x7f,
  0x00, 0x00, 0x00, 0x00, 0x00, 0x00, 0x00, 0x00, 0x04, 0x00, 0x3f, 0x7f, 0x00, 0x00, 0x00, 0x00,
  0x89, 0x0e, 0x5d, 0x98, 0xff, 0x0f, 0x64, 0xa4, 0xfd, 0x0f, 0x61, 0xa1, 0x5e, 0x0d, 0x5e, 0x9a,
  0x00, 0x00, 0x00, 0x00, 0x00, 0x00, 0x00, 0x00, 0x19, 0x0a, 0x5b, 0x99, 0x7c, 0x0e, 0x60, 0xa0,
  0x8f, 0x0e, 0x60, 0x9e, 0x75, 0x0d, 0x5d, 0x9a, 0x64, 0x0c, 0x5e, 0x99, 0x71, 0x0d, 0x5e, 0x99,
  0x9e, 0x0e, 0x5d, 0x9a, 0xed, 0x0d, 0x5e, 0x9c, 0xff, 0x0f, 0x63, 0xa2, 0xfa, 0x0e, 0x60, 0x9f,
  0x40, 0x0b, 0x5f, 0x9b, 0x00, 0x00, 0x00, 0x00, 0x03, 0x00, 0x55, 0xaa, 0x00, 0x00, 0x00, 0x00,
  0x00, 0x00, 0x00, 0x00, 0x00, 0x00, 0x00, 0x00, 0x00, 0x00, 0x00, 0x00, 0x00, 0x00, 0x00, 0x00,
  0x00, 0x00, 0x00, 0x00, 0x00, 0x00, 0x00, 0x00, 0x00, 0x00, 0x00, 0x00, 0x00, 0x00, 0x00, 0x00,
  0x00, 0x00, 0x00, 0x00, 0x00, 0x00, 0x00, 0x00, 0x04, 0x00, 0x3f, 0x7f, 0x00, 0x00, 0x00, 0x00,
  0x95, 0x0d, 0x5e, 0x9a, 0xff, 0x0f, 0x65, 0xa5, 0xfb, 0x0e, 0x5d, 0x9a, 0xff, 0x0e, 0x5e, 0x9a,
  0xfb, 0x0e, 0x5d, 0x99, 0xff, 0x0f, 0x65, 0xa5, 0x82, 0x0d, 0x5e, 0x9a, 0x00, 0x00, 0x00, 0x00,
  0x04, 0x00, 0x7f, 0xbf, 0x00, 0x00, 0x00, 0x00, 0x00, 0x00, 0x00, 0x00, 0x00, 0x00, 0x00, 0x00,
  0x00, 0x00, 0x00, 0x00, 0x00, 0x00, 0x00, 0x00, 0x00, 0x00, 0x00, 0x00, 0x00, 0x00, 0x00, 0x00,
  0x00, 0x00, 0x00, 0x00, 0x00, 0x00, 0x00, 0x00, 0x00, 0x00, 0x00, 0x00, 0x00, 0x00, 0x00, 0x00,
  0x00, 0x00, 0x00, 0x00, 0x00, 0x00, 0x00, 0x00, 0x00, 0x00, 0x00, 0x00, 0x00, 0x00, 0x00, 0x00,
  0x00, 0x00, 0x00, 0x00, 0x00, 0x00, 0x00, 0x00, 0x03, 0x00, 0x55, 0xaa, 0x00, 0x00, 0x00, 0x00,
  0x99, 0x0d, 0x5d, 0x99, 0xff, 0x0f, 0x67, 0xa9, 0xfc, 0x0e, 0x5e, 0x99, 0xfb, 0x0e, 0x5e, 0x9a,
  0xfe, 0x0e, 0x5d, 0x99, 0xfe, 0x0e, 0x5e, 0x9a, 0xfe, 0x0e, 0x5e, 0x99, 0xfd, 0x0e, 0x5d, 0x9a,
  0xfb, 0x0e, 0x5d, 0x9a, 0xfd, 0x0e, 0x5d, 0x9a, 0xff, 0x0f, 0x64, 0xa5, 0xe8, 0x0e, 0x60, 0x9f,
  0x48, 0x0e, 0x5f, 0x9b, 0x00, 0x00, 0x00, 0x00, 0xb0, 0x0e, 0x5e, 0x99, 0xff, 0x0f, 0x64, 0xa4,
  0xfb, 0x0e, 0x5e, 0x9a, 0xff, 0x0e, 0x5e, 0x9a, 0xfc, 0x0e, 0x5e, 0x99, 0xff, 0x0f, 0x64, 0xa3,
  0x89, 0x0e, 0x5e, 0x9a, 0x00, 0x00, 0x00, 0x00, 0x00, 0x00, 0x00, 0x00, 0x1a, 0x09, 0x58, 0x93,
  0xb7, 0x0d, 0x60, 0x9d, 0xff, 0x0f, 0x64, 0xa3, 0xff, 0x0f, 0x65, 0xa5, 0xff, 0x0f, 0x63, 0xa2,
  0xff, 0x0f, 0x62, 0xa1, 0xff, 0x0f, 0x63, 0xa1, 0xff, 0x0f, 0x64, 0xa5, 0xff, 0x0f, 0x61, 0x9f,
  0xbd, 0x0e, 0x61, 0x9f, 0x38, 0x0d, 0x5b, 0x96, 0x00, 0x00, 0x00, 0x00, 0x0b, 0x17, 0x5c, 0xa2,
  0xe2, 0x0d, 0x5d, 0x99, 0xff, 0x0f, 0x62, 0xa0, 0xfa, 0x0e, 0x5d, 0x9a, 0xff, 0x0e, 0x5e, 0x9a,
  0xfb, 0x0e, 0x5d, 0x98, 0xff, 0x0f, 0x63, 0xa3, 0x44, 0x0f, 0x5d, 0x99, 0x00, 0x00, 0x00, 0x00,
  0x05, 0x00, 0x66, 0x99, 0x00, 0x00, 0x00, 0x00, 0x98, 0x0d, 0x5d, 0x9a, 0xff, 0x0f, 0x66, 0xa7,
  0xff, 0x0f, 0x61, 0x9f, 0xff, 0x0e, 0x5e, 0x99, 0xfc, 0x0e, 0x5e, 0x99, 0xfd, 0x0e, 0x5d, 0x99,
  0xff, 0x0e, 0x5e, 0x9a, 0xff, 0x0f, 0x62, 0xa1, 0xff, 0x0f, 0x65, 0xa5, 0xcb, 0x0f, 0x60, 0x9f,
  0x36, 0x0e, 0x5e, 0x9b, 0x00, 0x00, 0x00, 0x00, 0xbf, 0x0d, 0x5d, 0x99, 0xfe, 0x0f, 0x63, 0xa2,
  0xfc, 0x0e, 0x5e, 0x99, 0xff, 0x0e, 0x5e, 0x9a, 0xfd, 0x0e, 0x5d, 0x99, 0xff, 0x0f, 0x63, 0xa2,
  0x82, 0x0d, 0x60, 0x9c, 0x03, 0x00, 0x55, 0x55, 0x00, 0x00, 0x00, 0x00, 0x03, 0x00, 0x55, 0xaa,
  0x00, 0x00, 0x00, 0x00, 0x6b, 0x0e, 0x5c, 0x98, 0xff, 0x0f, 0x66, 0xa7, 0xff, 0x0e, 0x60, 0x9d,
  0xfb, 0x0e, 0x5d, 0x99, 0xfb, 0x0e, 0x5d, 0x9a, 0xfb, 0x0e, 0x5d, 0x99, 0xfc, 0x0e, 0x5e, 0x99,
  0xff, 0x0f, 0x62, 0xa0, 0xff, 0x0e, 0x60, 0x9d, 0xdd, 0x0d, 0x5d, 0x99, 0xff, 0x0f, 0x63, 0xa2,
  0xfc, 0x0e, 0x5e, 0x99, 0xfd, 0x0e, 0x5d, 0x9a, 0xff, 0x0e, 0x5e, 0x9a, 0xfd, 0x0e, 0x5d, 0x9a,
  0xfc, 0x0e, 0x5e, 0x99, 0xfc, 0x0e, 0x5e, 0x99, 0xfb, 0x0e, 0x5e, 0x9a, 0xfb, 0x0e, 0x5d, 0x99,
  0xff, 0x0e, 0x5f, 0x9d, 0x25, 0x0d, 0x60, 0x9e, 0x00, 0x00, 0x00, 0x00, 0x02, 0x00, 0x7f, 0x7f,
  0x00, 0x00, 0x00, 0x00, 0x00, 0x00, 0x00, 0x00, 0x00, 0x00, 0x00, 0x00, 0x00, 0x00, 0x00, 0x00,
  0x00, 0x00, 0x00, 0x00, 0x00, 0x00, 0x00, 0x00, 0x00, 0x00, 0x00, 0x00, 0x00, 0x00, 0x00, 0x00,
  0x01, 0x00, 0xff, 0x00, 0x00, 0x00, 0x00, 0x00, 0x0c, 0x2a, 0xaa, 0x55, 0xe7, 0x2f, 0xa3, 0x53,
  0xff, 0x30, 0xa7, 0x56, 0xfe, 0x2f, 0xa2, 0x54, 0xfb, 0x2e, 0xa2, 0x54, 0xff, 0x32, 0xaf, 0x5a,
  0x93, 0x2e, 0xa3, 0x53, 0x00, 0x00, 0x00, 0x00, 0x04, 0x3f, 0xbf, 0x3f, 0x00, 0x00, 0x00, 0x00,
  0x00, 0x00, 0x00, 0x00, 0x01, 0x00, 0x00, 0x00, 0x01, 0x00, 0xff, 0x00, 0x08, 0x3f, 0x9f, 0x5f,
  0xde, 0x2f, 0xa3, 0x53, 0xfd, 0x30, 0xa9, 0x57, 0xfd, 0x2f, 0xa2, 0x53, 0xff, 0x2f, 0xa3, 0x54,
  0xfd, 0x2e, 0xa2, 0x53, 0xff, 0x30, 0xa7, 0x56, 0xf4, 0x30, 0xa8, 0x56, 0x55, 0x30, 0xa5, 0x54,
  0x00, 0x00, 0x00, 0x00, 0x00, 0x00, 0x00, 0x00, 0x03, 0x55, 0xaa, 0x55, 0x00, 0x00, 0x00, 0x00,
  0x00, 0x00, 0x00, 0x00, 0x01, 0x00, 0x00, 0x00, 0x03, 0x55, 0xaa, 0x55, 0x01, 0x00, 0xff, 0x00,
  0x00, 0x00, 0x00, 0x00, 0x00, 0x00, 0x00, 0x00, 0x00, 0x00, 0x00, 0x00, 0x00, 0x00, 0x00, 0x00,
  0x00, 0x00, 0x00, 0x00, 0x00, 0x00, 0x00, 0x00, 0x00, 0x00, 0x00, 0x00, 0x04, 0x3f, 0x7f, 0x3f,
  0x01, 0x00, 0xff, 0x00, 0x00, 0x00, 0x00, 0x00, 0x00, 0x00, 0x00, 0x00, 0x00, 0x00, 0x00, 0x00,
  0x00, 0x00, 0x00, 0x00, 0x00, 0x00, 0x00, 0x00, 0x00, 0x00, 0x00, 0x00, 0x00, 0x00, 0x00, 0x00,
  0x00, 0x00, 0x00, 0x00, 0x02, 0x00, 0x7f, 0x7f, 0x04, 0x3f, 0x7f, 0x3f, 0x02, 0x00, 0x7f, 0x00,
  0x00, 0x00, 0x00, 0x00, 0x00, 0x00, 0x00, 0x00, 0x00, 0x00, 0x00, 0x00, 0x01, 0x00, 0xff, 0x00,
  0x04, 0x3f, 0x7f, 0x3f, 0x00, 0x00, 0x00, 0x00, 0x04, 0x3f, 0x7f, 0x3f, 0x50, 0x2f, 0xa5, 0x56,
  0x79, 0x32, 0xac, 0x58, 0x41, 0x2f, 0xa0, 0x52, 0x00, 0x00, 0x00, 0x00, 0x01, 0x00, 0xff, 0x00,
  0x00, 0x00, 0x00, 0x00, 0x00, 0x00, 0x00, 0x00, 0x00, 0x00, 0x00, 0x00, 0x00, 0x00, 0x00, 0x00,
  0x00, 0x00, 0x00, 0x00, 0x00, 0x00, 0x00, 0x00, 0x02, 0x00, 0x7f, 0x7f, 0x00, 0x00, 0x00, 0x00,
  0x00, 0x00, 0x00, 0x00, 0x00, 0x00, 0x00, 0x00, 0x00, 0x00, 0x01, 0x00, 0x00, 0x00, 0x00, 0x00,
  0x00, 0x00, 0x00, 0x00, 0x00, 0x00, 0x00, 0x00, 0x00, 0x00, 0x00, 0x00, 0x00, 0x00, 0x00, 0x00,
  0x00, 0x00, 0x00, 0x00, 0x00, 0x00, 0x00, 0x00, 0x01, 0x00, 0xff, 0x00, 0x03, 0x55, 0xaa, 0x55,
  0x00, 0x00, 0x00, 0x00, 0x00, 0x00, 0x00, 0x00, 0x00, 0x00, 0x00, 0x00, 0x00, 0x00, 0x00, 0x00,
  0x00, 0x00, 0x00, 0x00, 0x02, 0x00, 0x7f, 0x7f, 0x02, 0x00, 0xff, 0x7f, 0x00, 0x00, 0x00, 0x00,
  0x00, 0x00, 0x00, 0x00, 0x03, 0x00, 0x55, 0xaa, 0x00, 0x00, 0x00, 0x00, 0x39, 0x0d, 0x5d, 0x9c,
  0xfd, 0x0e, 0x60, 0x9e, 0xff, 0x0e, 0x60, 0x9e, 0xff, 0x0f, 0x61, 0xa0, 0xe4, 0x0e, 0x60, 0x9e,
  0x6c, 0x0e, 0x5e, 0x9b, 0x23, 0x0e, 0x5e, 0x99, 0xde, 0x0d, 0x5f, 0x9b, 0xff, 0x0f, 0x66, 0xa7,
  0xff, 0x0f, 0x66, 0xa7, 0xff, 0x0f, 0x68, 0xaa, 0xff, 0x0f, 0x67, 0xa8, 0xff, 0x0f, 0x67, 0xa9,
  0xff, 0x10, 0x68, 0xab, 0xff, 0x0f, 0x66, 0xa8, 0xe5, 0x0e, 0x60, 0x9f, 0x48, 0x0e, 0x5c, 0x98,
  0x00, 0x00, 0x00, 0x00, 0x03, 0x00, 0x55, 0xaa, 0x00, 0x00, 0x00, 0x00, 0x00, 0x00, 0x00, 0x00,
  0x00, 0x00, 0x00, 0x00, 0x00, 0x00, 0x00, 0x00, 0x00, 0x00, 0x00, 0x00, 0x00, 0x00, 0x00, 0x00,
  0x00, 0x00, 0x00, 0x00, 0x00, 0x00, 0x00, 0x00, 0x00, 0x00, 0x00, 0x00, 0x00, 0x00, 0x00, 0x00,
  0x00, 0x00, 0x00, 0x00, 0x00, 0x00, 0x00, 0x00, 0x04, 0x00, 0x7f, 0x7f, 0x00, 0x00, 0x00, 0x00,
  0x6e, 0x0d, 0x5c, 0x99, 0xff, 0x0f, 0x65, 0xa5, 0xfb, 0x0e, 0x5d, 0x99, 0xff, 0x0e, 0x5e, 0x9a,
  0xfb, 0x0e, 0x5e, 0x9a, 0xff, 0x0f, 0x64, 0xa3, 0xad, 0x0e, 0x5e, 0x99, 0x00, 0x00, 0x00, 0x00,
  0x03, 0x00, 0x55, 0xaa, 0x00, 0x00, 0x00, 0x00, 0x00, 0x00, 0x00, 0x00, 0x00, 0x00, 0x00, 0x00,
  0x00, 0x00, 0x00, 0x00, 0x00, 0x00, 0x00, 0x00, 0x00, 0x00, 0x00, 0x00, 0x00, 0x00, 0x00, 0x00,
  0x00, 0x00, 0x00, 0x00, 0x00, 0x00, 0x00, 0x00, 0x00, 0x00, 0x00, 0x00, 0x00, 0x00, 0x00, 0x00,
  0x00, 0x00, 0x00, 0x00, 0x00, 0x00, 0x00, 0x00, 0x00, 0x00, 0x00, 0x00, 0x00, 0x00, 0x00, 0x00,
  0x00, 0x00, 0x00, 0x00, 0x00, 0x00, 0x00, 0x00, 0x01, 0x00, 0x00, 0x00, 0x03, 0x00, 0x55, 0x55,
  0x01, 0x00, 0x00, 0xff, 0x8f, 0x0e, 0x5e, 0x9b, 0xff, 0x0f, 0x62, 0xa1, 0xff, 0x0f, 0x64, 0xa4,
  0xff, 0x0e, 0x60, 0x9d, 0xff, 0x0e, 0x5f, 0x9b, 0xff, 0x0e, 0x5f, 0x9b, 0xff, 0x0e, 0x61, 0x9f,
  0xff, 0x0f, 0x64, 0xa4, 0xff, 0x0f, 0x61, 0x9f, 0xa9, 0x0f, 0x60, 0x9e, 0x1d, 0x11, 0x57, 0x95,
  0x00, 0x00, 0x00, 0x00, 0x03, 0x00, 0x55, 0xaa, 0x34, 0x0e, 0x5d, 0x9c, 0xff, 0x0e, 0x61, 0x9f,
  0xfc, 0x0e, 0x5e, 0x9a, 0xff, 0x0e, 0x5e, 0x9a, 0xff, 0x0e, 0x5e, 0x9a, 0xfc, 0x0e, 0x5e, 0x9a,
  0xff, 0x0f, 0x64, 0xa3, 0xa3, 0x0e, 0x60, 0x9e, 0x1c, 0x12, 0x5b, 0x9a, 0x00, 0x00, 0x00, 0x00,
  0x00, 0x00, 0x00, 0x00, 0x3d, 0x0c, 0x60, 0x9a, 0x91, 0x0e, 0x60, 0x9e, 0xc0, 0x0e, 0x5f, 0x9c,
  0xcc, 0x0d, 0x5d, 0x99, 0xc2, 0x0e, 0x5f, 0x9c, 0x8d, 0x0e, 0x61, 0x9f, 0x3c, 0x0c, 0x61, 0x9d,
  0x00, 0x00, 0x00, 0x00, 0x00, 0x00, 0x00, 0x00, 0x06, 0x00, 0x55, 0x7f, 0x00, 0x00, 0x00, 0x00,
  0x42, 0x0f, 0x5c, 0x9a, 0xf8, 0x0e, 0x61, 0x9f, 0xff, 0x0f, 0x63, 0xa2, 0xff, 0x0e, 0x5e, 0x99,
  0xff, 0x0f, 0x65, 0xa5, 0xe6, 0x0e, 0x5e, 0x9a, 0x11, 0x0f, 0x5a, 0x96, 0x01, 0x00, 0x00, 0xff,
  0x02, 0x00, 0x7f, 0x7f, 0x02, 0x00, 0x7f, 0x7f, 0x00, 0x00, 0x00, 0x00, 0x60, 0x0d, 0x5f, 0x9a,
  0xd2, 0x0e, 0x61, 0x9f, 0xff, 0x0e, 0x5f, 0x9c, 0xff, 0x0f, 0x63, 0xa2, 0xff, 0x0f, 0x62, 0xa1,
  0xfa, 0x0e, 0x5e, 0x9c, 0xc8, 0x0e, 0x60, 0x9e, 0x65, 0x0f, 0x5f, 0x9c, 0x04, 0x00, 0x3f, 0x7f,
  0x00, 0x00, 0x00, 0x00, 0x03, 0x00, 0x55, 0xaa, 0x5e, 0x0d, 0x5e, 0x9a, 0xff, 0x0f, 0x65, 0xa5,
  0xfb, 0x0e, 0x5d, 0x99, 0xff, 0x0e, 0x5e, 0x9a, 0xff, 0x0e, 0x5e, 0x9a, 0xfd, 0x0e, 0x5e, 0x9a,
  0xff, 0x0f, 0x63, 0xa1, 0xd1, 0x0e, 0x60, 0x9e, 0x64, 0x0f, 0x5e, 0x9b, 0x02, 0x00, 0x7f, 0x7f,
  0x03, 0x00, 0x55, 0xaa, 0x00, 0x00, 0x00, 0x00, 0x65, 0x0c, 0x5d, 0x97, 0xe8, 0x0e, 0x60, 0x9f,
  0xff, 0x0f, 0x64, 0xa4, 0xff, 0x0f, 0x65, 0xa5, 0xff, 0x0f, 0x65, 0xa5, 0xff, 0x0f, 0x63, 0xa3,
  0xdf, 0x0e, 0x61, 0xa0, 0x5e, 0x0d, 0x5e, 0x9a, 0x0b, 0x17, 0x5c, 0xa2, 0xa6, 0x0d, 0x5f, 0x9b,
  0xff, 0x0f, 0x66, 0xa6, 0xff, 0x0e, 0x60, 0x9e, 0xfd, 0x0e, 0x5d, 0x99, 0xfb, 0x0e, 0x5d, 0x9a,
  0xfb, 0x0e, 0x5e, 0x9a, 0xfc, 0x0e, 0x5e, 0x99, 0xf9, 0x0e, 0x5e, 0x99, 0xfe, 0x0e, 0x60, 0x9e,
  0xec, 0x0e, 0x5e, 0x9a, 0x0f, 0x11, 0x66, 0x99, 0x01, 0x00, 0x00, 0x00, 0x01, 0x00, 0x00, 0xff,
  0x00, 0x00, 0x00, 0x00, 0x00, 0x00, 0x00, 0x00, 0x00, 0x00, 0x00, 0x00, 0x00, 0x00, 0x00, 0x00,
  0x00, 0x00, 0x00, 0x00, 0x00, 0x00, 0x00, 0x00, 0x00, 0x00, 0x00, 0x00, 0x00, 0x00, 0x00, 0x00,
  0x00, 0x00, 0x00, 0x00, 0x03, 0x55, 0xaa, 0x55, 0x00, 0x00, 0x00, 0x00, 0xaa, 0x30, 0xa3, 0x54,
  0xff, 0x32, 0xad, 0x59, 0xfb, 0x2e, 0xa3, 0x54, 0xfd, 0x2f, 0xa3, 0x53, 0xff, 0x31, 0xa9, 0x57,
  0xd9, 0x2f, 0xa2, 0x53, 0x04, 0x3f, 0x7f, 0x3f, 0x01, 0x00, 0x00, 0x00, 0x01, 0x00, 0x00, 0x00,
  0x00, 0x00, 0x00, 0x00, 0x00, 0x00, 0x00, 0x00, 0x03, 0x55, 0xaa, 0x55, 0x00, 0x00, 0x00, 0x00,
  0x5f, 0x30, 0xa3, 0x53, 0xff, 0x33, 0xb0, 0x5b, 0xfa, 0x2e, 0xa3, 0x54, 0xfe, 0x2f, 0xa2, 0x54,
  0xff, 0x2f, 0xa3, 0x54, 0xfd, 0x2f, 0xa2, 0x53, 0xff, 0x2f, 0xa5, 0x55, 0xff, 0x31, 0xaa, 0x58,
  0x8b, 0x2f, 0xa6, 0x56, 0x08, 0x1f, 0x7f, 0x3f, 0x00, 0x00, 0x00, 0x00, 0x03, 0x55, 0xaa, 0x55,
  0x02, 0x00, 0xff, 0x7f, 0x00, 0x00, 0x00, 0x00, 0x00, 0x00, 0x00, 0x00, 0x00, 0x00, 0x00, 0x00,
  0x02, 0x00, 0x7f, 0x7f, 0x03, 0x55, 0xaa, 0x55, 0x04, 0x3f, 0xbf, 0x3f, 0x04, 0x3f, 0xbf, 0x3f,
  0x04, 0x3f, 0x7f, 0x3f, 0x02, 0x00, 0x7f, 0x7f, 0x01, 0x00, 0x00, 0x00, 0x00, 0x00, 0x00, 0x00,
  0x00, 0x00, 0x00, 0x00, 0x00, 0x00, 0x00, 0x00, 0x00, 0x00, 0x00, 0x00, 0x00, 0x00, 0x00, 0x00,
  0x00, 0x00, 0x00, 0x00, 0x00, 0x00, 0x00, 0x00, 0x00, 0x00, 0x00, 0x00, 0x00, 0x00, 0x00, 0x00,
  0x00, 0x00, 0x00, 0x00, 0x00, 0x00, 0x00, 0x00, 0x00, 0x00, 0x00, 0x00, 0x00, 0x00, 0x00, 0x00,
  0x00, 0x00, 0x00, 0x00, 0x01, 0x00, 0xff, 0x00, 0x04, 0x3f, 0x7f, 0x3f, 0x00, 0x00, 0x00, 0x00,
  0x00, 0x00, 0x00, 0x00, 0x3c, 0x2e, 0xa1, 0x55, 0xc6, 0x30, 0xa7, 0x56, 0xff, 0x32, 0xac, 0x59,
  0xff, 0x32, 0xae, 0x5a, 0xff, 0x32, 0xaf, 0x5a, 0x73, 0x2e, 0xa4, 0x54, 0x00, 0x00, 0x00, 0x00,
  0x03, 0x55, 0xaa, 0x55, 0x00, 0x00, 0x00, 0x00, 0x00, 0x00, 0x00, 0x00, 0x00, 0x00, 0x00, 0x00,
  0x00, 0x00, 0x00, 0x00, 0x00, 0x00, 0x00, 0x00, 0x00, 0x00, 0x00, 0x00, 0x03, 0x55, 0xaa, 0x55,
  0x04, 0x3f, 0x7f, 0x3f, 0x01, 0x00, 0x00, 0x00, 0x00, 0x00, 0x00, 0x00, 0x01, 0x00, 0xff, 0x00,
  0x04, 0x3f, 0x7f, 0x3f, 0x01, 0x00, 0xff, 0x00, 0x00, 0x00, 0x00, 0x00, 0x00, 0x00, 0x00, 0x00,
  0x00, 0x00, 0x00, 0x00, 0x00, 0x00, 0x00, 0x00, 0x00, 0x00, 0x00, 0x00, 0x00, 0x00, 0x00, 0x00,
  0x01, 0x00, 0xff, 0x00, 0x03, 0x55, 0xaa, 0x55, 0x03, 0x55, 0xaa, 0x55, 0x03, 0x55, 0xaa, 0x55,
  0x02, 0x00, 0x7f, 0x7f, 0x00, 0x00, 0x00, 0x00, 0x00, 0x00, 0x00, 0x00, 0x00, 0x00, 0x00, 0x00,
  0x01, 0x00, 0x00, 0x00, 0x03, 0x00, 0x55, 0xaa, 0x06, 0x00, 0x55, 0xaa, 0xd3, 0x0e, 0x5d, 0x99,
  0xff, 0x0f, 0x66, 0xa6, 0xcf, 0x0e, 0x5d, 0x99, 0xd5, 0x0e, 0x5d, 0x99, 0xff, 0x10, 0x69, 0xab,
  0xff, 0x0f, 0x63, 0xa2, 0xf4, 0x0d, 0x5e, 0x99, 0xff, 0x0e, 0x60, 0x9d, 0xff, 0x0e, 0x60, 0x9d,
  0xe5, 0x0e, 0x5e, 0x9a, 0xd7, 0x0e, 0x5d, 0x9a, 0xdf, 0x0d, 0x5d, 0x9a, 0xdb, 0x0d, 0x5f, 0x9a,
  0xbf, 0x0e, 0x60, 0x9d, 0x7c, 0x0e, 0x60, 0x9e, 0x18, 0x0a, 0x55, 0x94, 0x00, 0x00, 0x00, 0x00,
  0x03, 0x00, 0x55, 0xaa, 0x00, 0x00, 0x00, 0x00, 0x00, 0x00, 0x00, 0x00, 0x00, 0x00, 0x00, 0x00,
  0x00, 0x00, 0x00, 0x00, 0x00, 0x00, 0x00, 0x00, 0x00, 0x00, 0x00, 0x00, 0x00, 0x00, 0x00, 0x00,
  0x00, 0x00, 0x00, 0x00, 0x00, 0x00, 0x00, 0x00, 0x00, 0x00, 0x00, 0x00, 0x00, 0x00, 0x00, 0x00,
  0x00, 0x00, 0x00, 0x00, 0x00, 0x00, 0x00, 0x00, 0x03, 0x00, 0x55, 0xaa, 0x00, 0x00, 0x00, 0x00,
  0x3f, 0x0c, 0x5d, 0x99, 0xff, 0x0f, 0x61, 0xa0, 0xfd, 0x0e, 0x5d, 0x9a, 0xff, 0x0e, 0x5e, 0x9a,
  0xfd, 0x0e, 0x5d, 0x9a, 0xff, 0x0f, 0x62, 0xa1, 0xcb, 0x0d, 0x5e, 0x99, 0x00, 0x00, 0x00, 0x00,
  0x01, 0x00, 0x00, 0x00, 0x00, 0x00, 0x00, 0x00, 0x00, 0x00, 0x00, 0x00, 0x00, 0x00, 0x00, 0x00,
  0x00, 0x00, 0x00, 0x00, 0x00, 0x00, 0x00, 0x00, 0x00, 0x00, 0x00, 0x00, 0x00, 0x00, 0x00, 0x00,
  0x00, 0x00, 0x00, 0x00, 0x00, 0x00, 0x00, 0x00, 0x00, 0x00, 0x00, 0x00, 0x00, 0x00, 0x00, 0x00,
  0x00, 0x00, 0x00, 0x00, 0x00, 0x00, 0x00, 0x00, 0x00, 0x00, 0x00, 0x00, 0x00, 0x00, 0x00, 0x00,
  0x00, 0x00, 0x00, 0x00, 0x00, 0x00, 0x00, 0x00, 0x00, 0x00, 0x00, 0x00, 0x00, 0x00, 0x00, 0x00,
  0x01, 0x00, 0x00, 0xff, 0x00, 0x00, 0x00, 0x00, 0x3e, 0x0c, 0x5e, 0x9c, 0xa8, 0x0f, 0x61, 0x9d,
  0xe2, 0x0e, 0x5f, 0x9c, 0xf7, 0x0e, 0x5e, 0x9a, 0xf5, 0x0e, 0x5e, 0x9b, 0xda, 0x0e, 0x5f, 0x9c,
  0x9c, 0x0e, 0x60, 0x9e, 0x3c, 0x0c, 0x5d, 0x9d, 0x00, 0x00, 0x00, 0x00, 0x00, 0x00, 0x00, 0x00,
  0x03, 0x00, 0x55, 0xaa, 0x03, 0x00, 0x55, 0xaa, 0x00, 0x00, 0x00, 0x00, 0x9c, 0x0e, 0x5d, 0x98,
  0xff, 0x0f, 0x66, 0xa7, 0xfa, 0x0e, 0x5d, 0x99, 0xff, 0x0e, 0x5e, 0x9a, 0xff, 0x0e, 0x5e, 0x9a,
  0xfc, 0x0e, 0x5e, 0x99, 0xff, 0x0f, 0x64, 0xa4, 0xed, 0x0d, 0x5f, 0x9c, 0x95, 0x0d, 0x5f, 0x9d,
  0x4d, 0x0d, 0x60, 0x9e, 0x16, 0x0b, 0x5c, 0xa2, 0x00, 0x00, 0x00, 0x00, 0x00, 0x00, 0x00, 0x00,
  0x00, 0x00, 0x00, 0x00, 0x00, 0x00, 0x00, 0x00, 0x00, 0x00, 0x00, 0x00, 0x00, 0x00, 0x00, 0x00,
  0x01, 0x00, 0x00, 0xff, 0x02, 0x00, 0x7f, 0x7f, 0x00, 0x00, 0x00, 0x00, 0x02, 0x00, 0x7f, 0x7f,
  0x00, 0x00, 0x00, 0x00, 0x37, 0x0d, 0x5c, 0x99, 0xc5, 0x0e, 0x61, 0x9f, 0xf0, 0x0e, 0x61, 0xa0,
  0xcd, 0x0e, 0x61, 0x9f, 0x36, 0x0e, 0x5e, 0x9b, 0x00, 0x00, 0x00, 0x00, 0x02, 0x00, 0x7f, 0x7f,
  0x00, 0x00, 0x00, 0x00, 0x00, 0x00, 0x00, 0x00, 0x02, 0x00, 0x7f, 0x7f, 0x00, 0x00, 0x00, 0x00,
  0x02, 0x00, 0x00, 0x7f, 0x2e, 0x10, 0x63, 0xa0, 0x4b, 0x0d, 0x5f, 0x9c, 0x46, 0x0e, 0x5e, 0x9c,
  0x24, 0x0e, 0x63, 0xa2, 0x00, 0x00, 0x00, 0x00, 0x00, 0x00, 0x00, 0x00, 0x00, 0x00, 0x00, 0x00,
  0x03, 0x00, 0x55, 0xaa, 0x01, 0x00, 0x00, 0xff, 0x08, 0x00, 0x5f, 0x9f, 0xda, 0x0e, 0x5d, 0x99,
  0xff, 0x0f, 0x62, 0xa1, 0xfb, 0x0e, 0x5d, 0x99, 0xff, 0x0e, 0x5e, 0x9a, 0xff, 0x0e, 0x5e, 0x9a,
  0xfd, 0x0e, 0x5d, 0x99, 0xff, 0x0f, 0x61, 0x9f, 0xff, 0x0f, 0x67, 0xa8, 0xae, 0x0e, 0x5d, 0x99,
  0x04, 0x00, 0x7f, 0xbf, 0x04, 0x00, 0x3f, 0x7f, 0x00, 0x00, 0x00, 0x00, 0x13, 0x0d, 0x5d, 0x93,
  0x58, 0x0e, 0x62, 0x9f, 0x7f, 0x0e, 0x60, 0x9c, 0x7c, 0x0e, 0x5e, 0x9c, 0x4f, 0x0c, 0x60, 0x9e,
  0x0c, 0x15, 0x55, 0x94, 0x00, 0x00, 0x00, 0x00, 0x00, 0x00, 0x00, 0x00, 0x00, 0x00, 0x00, 0x00,
  0x6a, 0x0e, 0x5d, 0x9c, 0xe0, 0x0e, 0x60, 0x9e, 0xff, 0x0f, 0x62, 0xa1, 0xff, 0x0f, 0x65, 0xa5,
  0xff, 0x0f, 0x65, 0xa5, 0xff, 0x0f, 0x64, 0xa3, 0xff, 0x0f, 0x64, 0xa4, 0xff, 0x0f, 0x64, 0xa3,
  0x64, 0x0f, 0x5e, 0x9b, 0x00, 0x00, 0x00, 0x00, 0x03, 0x00, 0x55, 0xaa, 0x00, 0x00, 0x00, 0x00,
  0x00, 0x00, 0x00, 0x00, 0x00, 0x00, 0x00, 0x00, 0x00, 0x00, 0x00, 0x00, 0x00, 0x00, 0x00, 0x00,
  0x00, 0x00, 0x00, 0x00, 0x00, 0x00, 0x00, 0x00, 0x00, 0x00, 0x00, 0x00, 0x00, 0x00, 0x00, 0x00,
  0x00, 0x00, 0x00, 0x00, 0x04, 0x3f, 0xbf, 0x3f, 0x00, 0x00, 0x00, 0x00, 0x66, 0x2f, 0xa2, 0x55,
  0xff, 0x32, 0xae, 0x5a, 0xfb, 0x2e, 0xa2, 0x54, 0xff, 0x2f, 0xa3, 0x54, 0xfe, 0x2f, 0xa3, 0x54,
  0xfe, 0x30, 0xa6, 0x55, 0x31, 0x2e, 0xa6, 0x53, 0x00, 0x00, 0x00, 0x00, 0x02, 0x00, 0xff, 0x7f,
  0x00, 0x00, 0x00, 0x00, 0x00, 0x00, 0x00, 0x00, 0x00, 0x00, 0x00, 0x00, 0x03, 0x55, 0xaa, 0x55,
  0x00, 0x00, 0x00, 0x00, 0x8a, 0x2e, 0xa2, 0x53, 0xff, 0x33, 0xb0, 0x5b, 0xfb, 0x2e, 0xa3, 0x54,
  0xfe, 0x2f, 0xa2, 0x54, 0xff, 0x2f, 0xa3, 0x54, 0xfe, 0x2f, 0xa2, 0x53, 0xfd, 0x2f, 0xa3, 0x53,
  0xff, 0x32, 0xaf, 0x5a, 0xcf, 0x30, 0xa7, 0x56, 0x45, 0x30, 0xa6, 0x55, 0x00, 0x00, 0x00, 0x00,
  0x00, 0x00, 0x00, 0x00, 0x02, 0x00, 0x7f, 0x7f, 0x03, 0x55, 0xaa, 0x55, 0x01, 0x00, 0xff, 0x00,
  0x00, 0x00, 0x00, 0x00, 0x00, 0x00, 0x00, 0x00, 0x00, 0x00, 0x00, 0x00, 0x00, 0x00, 0x00, 0x00,
  0x00, 0x00, 0x00, 0x00, 0x00, 0x00, 0x00, 0x00, 0x00, 0x00, 0x00, 0x00, 0x00, 0x00, 0x00, 0x00,
  0x00, 0x00, 0x00, 0x00, 0x00, 0x00, 0x00, 0x00, 0x00, 0x00, 0x00, 0x00, 0x00, 0x00, 0x00, 0x00,
  0x00, 0x00, 0x00, 0x00, 0x00, 0x00, 0x00, 0x00, 0x00, 0x00, 0x00, 0x00, 0x00, 0x00, 0x00, 0x00,
  0x00, 0x00, 0x00, 0x00, 0x00, 0x00, 0x00, 0x00, 0x00, 0x00, 0x00, 0x00, 0x02, 0x00, 0xff, 0x7f,
  0x04, 0x3f, 0x7f, 0x3f, 0x00, 0x00, 0x00, 0x00, 0x00, 0x00, 0x00, 0x00, 0x16, 0x2e, 0xa2, 0x51,
  0x91, 0x2f, 0xa5, 0x56, 0xfe, 0x30, 0xa6, 0x56, 0xff, 0x31, 0xab, 0x58, 0xfc, 0x2e, 0xa2, 0x53,
  0xf9, 0x2f, 0xa2, 0x52, 0xfd, 0x31, 0xaa, 0x57, 0xd8, 0x2f, 0xa2, 0x53, 0x00, 0x00, 0x00, 0x00,
  0x00, 0x00, 0x00, 0x00, 0x00, 0x00, 0x00, 0x00, 0x00, 0x00, 0x00, 0x00, 0x00, 0x00, 0x00, 0x00,
  0x00, 0x00, 0x00, 0x00, 0x00, 0x00, 0x00, 0x00, 0x00, 0x00, 0x00, 0x00, 0x00, 0x00, 0x00, 0x00,
  0x00, 0x00, 0x00, 0x00, 0x00, 0x00, 0x00, 0x00, 0x01, 0x00, 0x00, 0x00, 0x00, 0x00, 0x00, 0x00,
  0x00, 0x00, 0x00, 0x00, 0x00, 0x00, 0x00, 0x00, 0x00, 0x00, 0x00, 0x00, 0x00, 0x00, 0x00, 0x00,
  0x00, 0x00, 0x00, 0x00, 0x00, 0x00, 0x00, 0x00, 0x00, 0x00, 0x00, 0x00, 0x00, 0x00, 0x00, 0x00,
  0x00, 0x00, 0x00, 0x00, 0x00, 0x00, 0x00, 0x00, 0x00, 0x00, 0x00, 0x00, 0x00, 0x00, 0x00, 0x00,
  0x00, 0x00, 0x00, 0x00, 0x00, 0x00, 0x00, 0x00, 0x00, 0x00, 0x00, 0x00, 0x00, 0x00, 0x00, 0x00,
  0x04, 0x00, 0x3f, 0x7f, 0x00, 0x00, 0x00, 0x00, 0x7f, 0x0e, 0x5c, 0x98, 0xff, 0x0f, 0x66, 0xa6,
  0xf5, 0x0e, 0x5f, 0x9d, 0x25, 0x0d, 0x60, 0x9e, 0x0b, 0x17, 0x5c, 0x8b, 0x91, 0x0e, 0x60, 0x9e,
  0xef, 0x0e, 0x61, 0x9e, 0xfe, 0x0e, 0x5e, 0x9a, 0xff, 0x0f, 0x63, 0xa2, 0xa4, 0x0d, 0x5e, 0x9b,
  0x10, 0x0f, 0x5f, 0x8f, 0x05, 0x00, 0x66, 0x99, 0x09, 0x00, 0x55, 0x8d, 0x06, 0x00, 0x7f, 0xaa,
  0x00, 0x00, 0x00, 0x00, 0x00, 0x00, 0x00, 0x00, 0x00, 0x00, 0x00, 0x00, 0x03, 0x00, 0x55, 0xaa,
  0x00, 0x00, 0x00, 0x00, 0x00, 0x00, 0x00, 0x00, 0x00, 0x00, 0x00, 0x00, 0x00, 0x00, 0x00, 0x00,
  0x00, 0x00, 0x00, 0x00, 0x00, 0x00, 0x00, 0x00, 0x00, 0x00, 0x00, 0x00, 0x00, 0x00, 0x00, 0x00,
  0x00, 0x00, 0x00, 0x00, 0x00, 0x00, 0x00, 0x00, 0x00, 0x00, 0x00, 0x00, 0x00, 0x00, 0x00, 0x00,
  0x00, 0x00, 0x00, 0x00, 0x00, 0x00, 0x00, 0x00, 0x01, 0x00, 0x00, 0xff, 0x00, 0x00, 0x00, 0x00,
  0x0f, 0x11, 0x66, 0x99, 0xed, 0x0d, 0x5d, 0x99, 0xfe, 0x0e, 0x5f, 0x9c, 0xfe, 0x0e, 0x5e, 0x99,
  0xfd, 0x0e, 0x5d, 0x9a, 0xfd, 0x0f, 0x61, 0xa0, 0xcf, 0x0d, 0x5d, 0x99, 0x00, 0x00, 0x00, 0x00,
  0x01, 0x00, 0x00, 0x00, 0x00, 0x00, 0x00, 0x00, 0x00, 0x00, 0x00, 0x00, 0x00, 0x00, 0x00, 0x00,
  0x00, 0x00, 0x00, 0x00, 0x00, 0x00, 0x00, 0x00, 0x00, 0x00, 0x00, 0x00, 0x00, 0x00, 0x00, 0x00,
  0x00, 0x00, 0x00, 0x00, 0x00, 0x00, 0x00, 0x00, 0x00, 0x00, 0x00, 0x00, 0x00, 0x00, 0x00, 0x00,
  0x00, 0x00, 0x00, 0x00, 0x00, 0x00, 0x00, 0x00, 0x00, 0x00, 0x00, 0x00, 0x00, 0x00, 0x00, 0x00,
  0x00, 0x00, 0x00, 0x00, 0x00, 0x00, 0x00, 0x00, 0x00, 0x00, 0x00, 0x00, 0x00, 0x00, 0x00, 0x00,
  0x00, 0x00, 0x00, 0x00, 0x02, 0x00, 0x7f, 0xff, 0x00, 0x00, 0x00, 0x00, 0x00, 0x00, 0x00, 0x00,
  0x0a, 0x19, 0x66, 0x99, 0x1e, 0x11, 0x5d, 0xa1, 0x1b, 0x12, 0x5e, 0xa0, 0x05, 0x00, 0x66, 0x99,
  0x00, 0x00, 0x00, 0x00, 0x00, 0x00, 0x00, 0x00, 0x02, 0x00, 0x7f, 0x7f, 0x01, 0x00, 0xff, 0xff,
  0x00, 0x00, 0x00, 0x00, 0x01, 0x00, 0x00, 0xff, 0x02, 0x00, 0x7f, 0x7f, 0x0e, 0x12, 0x5b, 0xa3,
  0xd6, 0x0e, 0x5f, 0x9c, 0xff, 0x0f, 0x63, 0xa3, 0xfa, 0x0e, 0x5d, 0x99, 0xff, 0x0e, 0x5e, 0x9a,
  0xff, 0x0e, 0x5e, 0x9a, 0xfc, 0x0e, 0x5e, 0x99, 0xff, 0x0e, 0x5f, 0x9c, 0xff, 0x0f, 0x64, 0xa4,
  0xff, 0x0f, 0x63, 0xa2, 0xfb, 0x0e, 0x5f, 0x9b, 0xda, 0x0e, 0x5f, 0x9d, 0x86, 0x0f, 0x5f, 0x9d,
  0x0c, 0x00, 0x55, 0x94, 0x03, 0x00, 0x55, 0xaa, 0x05, 0x00, 0x66, 0x99, 0x03, 0x00, 0x55, 0xaa,
  0x00, 0x00, 0x00, 0x00, 0x00, 0x00, 0x00, 0x00, 0x00, 0x00, 0x00, 0x00, 0x00, 0x00, 0x00, 0x00,
  0x02, 0x00, 0x7f, 0x7f, 0x00, 0x00, 0x00, 0x00, 0x00, 0x00, 0x00, 0x00, 0x19, 0x14, 0x66, 0xad,
  0x00, 0x00, 0x00, 0x00, 0x00, 0x00, 0x00, 0x00, 0x01, 0x00, 0x00, 0xff, 0x00, 0x00, 0x00, 0x00,
  0x00, 0x00, 0x00, 0x00, 0x00, 0x00, 0x00, 0x00, 0x00, 0x00, 0x00, 0x00, 0x03, 0x00, 0x55, 0xaa,
  0x00, 0x00, 0x00, 0x00, 0x00, 0x00, 0x00, 0x00, 0x00, 0x00, 0x00, 0x00, 0x00, 0x00, 0x00, 0x00,
  0x00, 0x00, 0x00, 0x00, 0x00, 0x00, 0x00, 0x00, 0x03, 0x00, 0x55, 0xaa, 0x01, 0x00, 0x00, 0x00,
  0x00, 0x00, 0x00, 0x00, 0x03, 0x00, 0x55, 0xaa, 0x00, 0x00, 0x00, 0x00, 0x3b, 0x0c, 0x5f, 0x97,
  0xfa, 0x0e, 0x61, 0xa0, 0xff, 0x0e, 0x60, 0x9e, 0xfb, 0x0e, 0x5d, 0x99, 0xfe, 0x0e, 0x5e, 0x9a,
  0xff, 0x0e, 0x5e, 0x9a, 0xfc, 0x0e, 0x5e, 0x99, 0xfb, 0x0e, 0x5f, 0x9b, 0xfa, 0x0e, 0x5d, 0x9a,
  0x16, 0x0b, 0x5c, 0x96, 0x00, 0x00, 0x00, 0x00, 0x04, 0x00, 0x3f, 0xbf, 0x00, 0x00, 0x00, 0x00,
  0x00, 0x00, 0x00, 0x00, 0x00, 0x00, 0x00, 0x00, 0x00, 0x00, 0x00, 0x00, 0x00, 0x00, 0x00, 0x00,
  0x00, 0x00, 0x00, 0x00, 0x03, 0x00, 0x55, 0xaa, 0x01, 0x00, 0x00, 0xff, 0x02, 0x00, 0x7f, 0x7f,
  0x00, 0x00, 0x00, 0x00, 0x0c, 0x15, 0x55, 0x94, 0x45, 0x0e, 0x60, 0x9e, 0x73, 0x0f, 0x5f, 0x9d,
  0x93, 0x0d, 0x5f, 0x9c, 0xa8, 0x0f, 0x5f, 0x9c, 0x96, 0x0f, 0x60, 0x9f, 0x40, 0x0f, 0x5b, 0x97,
  0x00, 0x00, 0x00, 0x00, 0x02, 0x00, 0x7f, 0x7f, 0x00, 0x00, 0x00, 0x00, 0x00, 0x00, 0x00, 0x00,
  0x00, 0x00, 0x00, 0x00, 0x00, 0x00, 0x00, 0x00, 0x00, 0x00, 0x00, 0x00, 0x00, 0x00, 0x00, 0x00,
  0x00, 0x00, 0x00, 0x00, 0x00, 0x00, 0x00, 0x00, 0x00, 0x00, 0x00, 0x00, 0x00, 0x00, 0x00, 0x00,
  0x00, 0x00, 0x00, 0x00, 0x02, 0x00, 0x7f, 0x7f, 0x00, 0x00, 0x00, 0x00, 0x20, 0x2f, 0xa7, 0x57,
  0xfa, 0x2f, 0xa4, 0x54, 0xfc, 0x2f, 0xa4, 0x55, 0xfe, 0x2f, 0xa3, 0x54, 0xfa, 0x2e, 0xa3, 0x54,
  0xfd, 0x32, 0xae, 0x59, 0x68, 0x2e, 0xa4, 0x53, 0x00, 0x00, 0x00, 0x00, 0x04, 0x3f, 0xbf, 0x3f,
  0x00, 0x00, 0x00, 0x00, 0x00, 0x00, 0x00, 0x00, 0x00, 0x00, 0x00, 0x00, 0x00, 0x00, 0x00, 0x00,
  0x03, 0x55, 0xaa, 0x55, 0x00, 0x00, 0x00, 0x00, 0x82, 0x2f, 0xa2, 0x54, 0xff, 0x32, 0xae, 0x5a,
  0xfe, 0x2f, 0xa3, 0x54, 0xfd, 0x2e, 0xa2, 0x53, 0xff, 0x2f, 0xa3, 0x54, 0xff, 0x2f, 0xa3, 0x54,
  0xfc, 0x2e, 0xa1, 0x53, 0xff, 0x31, 0xa9, 0x57, 0xff, 0x31, 0xa9, 0x57, 0xac, 0x2f, 0xa6, 0x55,
  0x38, 0x2d, 0xa3, 0x56, 0x00, 0x00, 0x00, 0x00, 0x00, 0x00, 0x00, 0x00, 0x00, 0x00, 0x00, 0x00,
  0x03, 0x55, 0xaa, 0x55, 0x04, 0x3f, 0x7f, 0x3f, 0x02, 0x00, 0x7f, 0x7f, 0x01, 0x00, 0xff, 0x00,
  0x00, 0x00, 0x00, 0x00, 0x00, 0x00, 0x00, 0x00, 0x00, 0x00, 0x00, 0x00, 0x00, 0x00, 0x00, 0x00,
  0x00, 0x00, 0x00, 0x00, 0x00, 0x00, 0x00, 0x00, 0x00, 0x00, 0x00, 0x00, 0x00, 0x00, 0x00, 0x00,
  0x00, 0x00, 0x00, 0x00, 0x00, 0x00, 0x00, 0x00, 0x00, 0x00, 0x00, 0x00, 0x01, 0x00, 0xff, 0x00,
  0x03, 0x55, 0xaa, 0x55, 0x04, 0x3f, 0x7f, 0x3f, 0x00, 0x00, 0x00, 0x00, 0x00, 0x00, 0x00, 0x00,
  0x00, 0x00, 0x00, 0x00, 0x15, 0x30, 0x9d, 0x55, 0x78, 0x30, 0xa5, 0x55, 0xe6, 0x30, 0xa7, 0x56,
  0xff, 0x32, 0xae, 0x5a, 0xfe, 0x2f, 0xa3, 0x54, 0xfc, 0x2e, 0xa2, 0x53, 0xff, 0x2f, 0xa3, 0x54,
  0xfa, 0x2e, 0xa2, 0x53, 0xff, 0x32, 0xae, 0x59, 0xb1, 0x2f, 0xa2, 0x53, 0x00, 0x00, 0x00, 0x00,
  0x03, 0x55, 0xaa, 0x55, 0x00, 0x00, 0x00, 0x00, 0x00, 0x00, 0x00, 0x00, 0x00, 0x00, 0x00, 0x00,
  0x00, 0x00, 0x00, 0x00, 0x00, 0x00, 0x00, 0x00, 0x00, 0x00, 0x00, 0x00, 0x00, 0x00, 0x00, 0x00,
  0x00, 0x00, 0x00, 0x00, 0x00, 0x00, 0x00, 0x00, 0x00, 0x00, 0x00, 0x00, 0x00, 0x00, 0x00, 0x00,
  0x00, 0x00, 0x00, 0x00, 0x00, 0x00, 0x00, 0x00, 0x00, 0x00, 0x00, 0x00, 0x00, 0x00, 0x00, 0x00,
  0x00, 0x00, 0x00, 0x00, 0x00, 0x00, 0x00, 0x00, 0x00, 0x00, 0x00, 0x00, 0x00, 0x00, 0x00, 0x00,
  0x00, 0x00, 0x00, 0x00, 0x00, 0x00, 0x00, 0x00, 0x00, 0x00, 0x00, 0x00, 0x00, 0x00, 0x00, 0x00,
  0x00, 0x00, 0x00, 0x00, 0x00, 0x00, 0x00, 0x00, 0x00, 0x00, 0x00, 0x00, 0x02, 0x00, 0x7f, 0x7f,
  0x00, 0x00, 0x00, 0x00, 0x2f, 0x10, 0x5c, 0x97, 0xf8, 0x0e, 0x5f, 0x9d, 0xff, 0x0f, 0x65, 0xa6,
  0x79, 0x0e, 0x5c, 0x97, 0x00, 0x00, 0x00, 0x00, 0x02, 0x00, 0x7f, 0x7f, 0x00, 0x00, 0x00, 0x00,
  0xca, 0x0d, 0x5d, 0x9a, 0xfe, 0x0f, 0x65, 0xa5, 0xd7, 0x0e, 0x5e, 0x9b, 0x07, 0x00, 0x6d, 0x91,
  0x00, 0x00, 0x00, 0x00, 0x00, 0x00, 0x00, 0x00, 0x00, 0x00, 0x00, 0x00, 0x00, 0x00, 0x00, 0x00,
  0x01, 0x00, 0xff, 0xff, 0x04, 0x00, 0x3f, 0x7f, 0x01, 0x00, 0xff, 0xff, 0x00, 0x00, 0x00, 0x00,
  0x00, 0x00, 0x00, 0x00, 0x00, 0x00, 0x00, 0x00, 0x00, 0x00, 0x00, 0x00, 0x00, 0x00, 0x00, 0x00,
  0x00, 0x00, 0x00, 0x00, 0x00, 0x00, 0x00, 0x00, 0x00, 0x00, 0x00, 0x00, 0x00, 0x00, 0x00, 0x00,
  0x00, 0x00, 0x00, 0x00, 0x00, 0x00, 0x00, 0x00, 0x00, 0x00, 0x00, 0x00, 0x00, 0x00, 0x00, 0x00,
  0x00, 0x00, 0x00, 0x00, 0x00, 0x00, 0x00, 0x00, 0x00, 0x00, 0x00, 0x00, 0x03, 0x00, 0x55, 0xaa,
  0x00, 0x00, 0x00, 0x00, 0xa4, 0x0d, 0x5d, 0x99, 0xff, 0x0f, 0x67, 0xa8, 0xf8, 0x0e, 0x5d, 0x99,
  0xf8, 0x0e, 0x5d, 0x99, 0xff, 0x0f, 0x67, 0xa9, 0x95, 0x0d, 0x5e, 0x9a, 0x00, 0x00, 0x00, 0x00,
  0x04, 0x00, 0x3f, 0x7f, 0x00, 0x00, 0x00, 0x00, 0x00, 0x00, 0x00, 0x00, 0x00, 0x00, 0x00, 0x00,
  0x00, 0x00, 0x00, 0x00, 0x00, 0x00, 0x00, 0x00, 0x00, 0x00, 0x00, 0x00, 0x00, 0x00, 0x00, 0x00,
  0x00, 0x00, 0x00, 0x00, 0x00, 0x00, 0x00, 0x00, 0x00, 0x00, 0x00, 0x00, 0x00, 0x00, 0x00, 0x00,
  0x00, 0x00, 0x00, 0x00, 0x00, 0x00, 0x00, 0x00, 0x00, 0x00, 0x00, 0x00, 0x00, 0x00, 0x00, 0x00,
  0x00, 0x00, 0x00, 0x00, 0x00, 0x00, 0x00, 0x00, 0x00, 0x00, 0x00, 0x00, 0x00, 0x00, 0x00, 0x00,
  0x00, 0x00, 0x00, 0x00, 0x00, 0x00, 0x00, 0x00, 0x03, 0x00, 0x55, 0xaa, 0x03, 0x00, 0x55, 0xaa,
  0x00, 0x00, 0x00, 0x00, 0x00, 0x00, 0x00, 0x00, 0x00, 0x00, 0x00, 0x00, 0x00, 0x00, 0x00, 0x00,
  0x03, 0x00, 0x55, 0xaa, 0x03, 0x00, 0x55, 0xaa, 0x00, 0x00, 0x00, 0x00, 0x00, 0x00, 0x00, 0x00,
  0x00, 0x00, 0x00, 0x00, 0x00, 0x00, 0x00, 0x00, 0x02, 0x00, 0x7f, 0x7f, 0x00, 0x00, 0x00, 0x00,
  0x21, 0x0f, 0x5c, 0x9a, 0xdc, 0x0d, 0x60, 0x9d, 0xff, 0x0f, 0x64, 0xa5, 0xfa, 0x0e, 0x5d, 0x9a,
  0xfd, 0x0e, 0x5d, 0x9a, 0xff, 0x0e, 0x5e, 0x9a, 0xfe, 0x0e, 0x5e, 0x99, 0xfb, 0x0e, 0x5e, 0x9a,
  0xfd, 0x0e, 0x5d, 0x99, 0xff, 0x0e, 0x5e, 0x9b, 0xff, 0x0e, 0x60, 0x9e, 0xff, 0x10, 0x69, 0xac,
  0xa2, 0x0e, 0x5e, 0x9a, 0x00, 0x00, 0x00, 0x00, 0x03, 0x00, 0x55, 0xaa, 0x00, 0x00, 0x00, 0x00,
  0x00, 0x00, 0x00, 0x00, 0x00, 0x00, 0x00, 0x00, 0x00, 0x00, 0x00, 0x00, 0x00, 0x00, 0x00, 0x00,
  0x00, 0x00, 0x00, 0x00, 0x02, 0x00, 0x7f, 0x7f, 0x00, 0x00, 0x00, 0x00, 0x00, 0x00, 0x00, 0x00,
  0x00, 0x00, 0x00, 0x00, 0x02, 0x00, 0x7f, 0x7f, 0x00, 0x00, 0x00, 0x00, 0x00, 0x00, 0x00, 0x00,
  0x00, 0x00, 0x00, 0x00, 0x00, 0x00, 0x00, 0x00, 0x00, 0x00, 0x00, 0x00, 0x00, 0x00, 0x00, 0x00,
  0x01, 0x00, 0x00, 0x00, 0x02, 0x00, 0x7f, 0x7f, 0x03, 0x00, 0x55, 0xaa, 0x03, 0x00, 0x55, 0xaa,
  0x02, 0x00, 0x7f, 0x7f, 0x00, 0x00, 0x00, 0x00, 0x00, 0x00, 0x00, 0x00, 0x00, 0x00, 0x00, 0x00,
  0x00, 0x00, 0x00, 0x00, 0x00, 0x00, 0x00, 0x00, 0x03, 0x00, 0x55, 0xaa, 0x00, 0x00, 0x00, 0x00,
  0x4b, 0x0d, 0x5b, 0x95, 0xef, 0x0e, 0x61, 0x9e, 0xff, 0x0f, 0x64, 0xa4, 0xff, 0x0e, 0x5e, 0x9a,
  0xfc, 0x0e, 0x5e, 0x99, 0xf9, 0x0e, 0x5e, 0x99, 0xff, 0x0e, 0x62, 0xa0, 0xe2, 0x0d, 0x5d, 0x99,
  0x07, 0x00, 0x48, 0x91, 0x01, 0x00, 0x00, 0x00, 0x01, 0x00, 0x00, 0x00, 0x01, 0x00, 0x00, 0xff,
  0x04, 0x00, 0x3f, 0x7f, 0x04, 0x00, 0x7f, 0xbf, 0x04, 0x00, 0x7f, 0xbf, 0x03, 0x00, 0x55, 0xaa,
  0x01, 0x00, 0x00, 0xff, 0x00, 0x00, 0x00, 0x00, 0x00, 0x00, 0x00, 0x00, 0x00, 0x00, 0x00, 0x00,
  0x03, 0x00, 0x55, 0xaa, 0x00, 0x00, 0x00, 0x00, 0x00, 0x00, 0x00, 0x00, 0x00, 0x00, 0x00, 0x00,
  0x00, 0x00, 0x00, 0x00, 0x00, 0x00, 0x00, 0x00, 0x00, 0x00, 0x00, 0x00, 0x00, 0x00, 0x00, 0x00,
  0x02, 0x00, 0x7f, 0x7f, 0x00, 0x00, 0x00, 0x00, 0x00, 0x00, 0x00, 0x00, 0x00, 0x00, 0x00, 0x00,
  0x00, 0x00, 0x00, 0x00, 0x00, 0x00, 0x00, 0x00, 0x00, 0x00, 0x00, 0x00, 0x00, 0x00, 0x00, 0x00,
  0x00, 0x00, 0x00, 0x00, 0x00, 0x00, 0x00, 0x00, 0x00, 0x00, 0x00, 0x00, 0x00, 0x00, 0x00, 0x00,
  0x00, 0x00, 0x00, 0x00, 0x00, 0x00, 0x00, 0x00, 0x03, 0x55, 0xaa, 0x55, 0x00, 0x00, 0x00, 0x00,
  0xab, 0x2e, 0xa2, 0x53, 0xff, 0x33, 0xb3, 0x5c, 0xfa, 0x2e, 0xa2, 0x53, 0xfc, 0x2e, 0xa2, 0x53,
  0xff, 0x33, 0xb1, 0x5b, 0x4c, 0x2e, 0xa4, 0x53, 0x00, 0x00, 0x00, 0x00, 0x03, 0x55, 0xaa, 0x55,
  0x00, 0x00, 0x00, 0x00, 0x00, 0x00, 0x00, 0x00, 0x00, 0x00, 0x00, 0x00, 0x00, 0x00, 0x00, 0x00,
  0x00, 0x00, 0x00, 0x00, 0x03, 0x55, 0xaa, 0x55, 0x00, 0x00, 0x00, 0x00, 0x67, 0x2f, 0xa3, 0x54,
  0xfb, 0x30, 0xa8, 0x57, 0xff, 0x30, 0xa9, 0x57, 0xfb, 0x2e, 0xa2, 0x53, 0xff, 0x2f, 0xa3, 0x54,
  0xff, 0x2f, 0xa3, 0x54, 0xfd, 0x2f, 0xa2, 0x53, 0xfe, 0x2f, 0xa2, 0x53, 0xff, 0x32, 0xad, 0x59,
  0xff, 0x30, 0xa6, 0x56, 0xb8, 0x30, 0xa6, 0x55, 0x58, 0x31, 0xa5, 0x54, 0x11, 0x2d, 0xa5, 0x5a,
  0x00, 0x00, 0x00, 0x00, 0x00, 0x00, 0x00, 0x00, 0x00, 0x00, 0x00, 0x00, 0x00, 0x00, 0x00, 0x00,
  0x02, 0x00, 0x7f, 0x7f, 0x04, 0x3f, 0x7f, 0x3f, 0x04, 0x3f, 0xbf, 0x3f, 0x04, 0x3f, 0xbf, 0x3f,
  0x04, 0x3f, 0xbf, 0x3f, 0x04, 0x3f, 0xbf, 0x3f, 0x04, 0x3f, 0xbf, 0x3f, 0x04, 0x3f, 0xbf, 0x3f,
  0x04, 0x3f, 0xbf, 0x3f, 0x03, 0x55, 0xaa, 0x55, 0x00, 0x00, 0x00, 0x00, 0x00, 0x00, 0x00, 0x00,
  0x00, 0x00, 0x00, 0x00, 0x00, 0x00, 0x00, 0x00, 0x00, 0x00, 0x00, 0x00, 0x35, 0x30, 0xa8, 0x56,
  0x8f, 0x30, 0xa5, 0x55, 0xe8, 0x30, 0xa5, 0x55, 0xff, 0x32, 0xae, 0x5a, 0xff, 0x30, 0xa6, 0x56,
  0xfc, 0x2e, 0xa1, 0x53, 0xff, 0x2f, 0xa3, 0x54, 0xff, 0x2f, 0xa3, 0x54, 0xfb, 0x2e, 0xa2, 0x53,
  0xff, 0x30, 0xa8, 0x56, 0xfb, 0x30, 0xa8, 0x57, 0x37, 0x2e, 0xa2, 0x53, 0x00, 0x00, 0x00, 0x00,
  0x03, 0x55, 0xaa, 0x55, 0x00, 0x00, 0x00, 0x00, 0x00, 0x00, 0x00, 0x00, 0x00, 0x00, 0x00, 0x00,
  0x00, 0x00, 0x00, 0x00, 0x00, 0x00, 0x00, 0x00, 0x00, 0x00, 0x00, 0x00, 0x00, 0x00, 0x00, 0x00,
  0x00, 0x00, 0x00, 0x00, 0x00, 0x00, 0x00, 0x00, 0x00, 0x00, 0x00, 0x00, 0x00, 0x00, 0x00, 0x00,
  0x00, 0x00, 0x00, 0x00, 0x00, 0x00, 0x00, 0x00, 0x00, 0x00, 0x00, 0x00, 0x00, 0x00, 0x00, 0x00,
  0x00, 0x00, 0x00, 0x00, 0x00, 0x00, 0x00, 0x00, 0x00, 0x00, 0x00, 0x00, 0x00, 0x00, 0x00, 0x00,
  0x00, 0x00, 0x00, 0x00, 0x00, 0x00, 0x00, 0x00, 0x00, 0x00, 0x00, 0x00, 0x00, 0x00, 0x00, 0x00,
  0x00, 0x00, 0x00, 0x00, 0x00, 0x00, 0x00, 0x00, 0x00, 0x00, 0x00, 0x00, 0x02, 0x00, 0x7f, 0x7f,
  0x02, 0x00, 0x7f, 0x7f, 0xc4, 0x0e, 0x5d, 0x99, 0xff, 0x0f, 0x67, 0xa9, 0xcf, 0x0d, 0x5d, 0x98,
  0x05, 0x00, 0x66, 0x99, 0x05, 0x00, 0x66, 0x99, 0x00, 0x00, 0x00, 0x00, 0x5e, 0x0d, 0x5e, 0x9a,
  0xff, 0x0f, 0x63, 0xa2, 0xff, 0x0e, 0x61, 0x9f, 0x45, 0x0e, 0x5c, 0x97, 0x00, 0x00, 0x00, 0x00,
  0x04, 0x00, 0x7f, 0x7f, 0x00, 0x00, 0x00, 0x00, 0x01, 0x00, 0x00, 0x00, 0x01, 0x00, 0x00, 0x00,
  0x00, 0x00, 0x00, 0x00, 0x00, 0x00, 0x00, 0x00, 0x00, 0x00, 0x00, 0x00, 0x00, 0x00, 0x00, 0x00,
  0x00, 0x00, 0x00, 0x00, 0x00, 0x00, 0x00, 0x00, 0x00, 0x00, 0x00, 0x00, 0x00, 0x00, 0x00, 0x00,
  0x00, 0x00, 0x00, 0x00, 0x00, 0x00, 0x00, 0x00, 0x00, 0x00, 0x00, 0x00, 0x00, 0x00, 0x00, 0x00,
  0x00, 0x00, 0x00, 0x00, 0x00, 0x00, 0x00, 0x00, 0x00, 0x00, 0x00, 0x00, 0x00, 0x00, 0x00, 0x00,
  0x00, 0x00, 0x00, 0x00, 0x00, 0x00, 0x00, 0x00, 0x00, 0x00, 0x00, 0x00, 0x02, 0x00, 0x7f, 0x7f,
  0x01, 0x00, 0x00, 0xff, 0x23, 0x0e, 0x5e, 0x99, 0xdf, 0x0e, 0x60, 0x9d, 0xff, 0x0f, 0x65, 0xa5,
  0xff, 0x0f, 0x65, 0xa6, 0xd6, 0x0e, 0x5f, 0x9d, 0x18, 0x0a, 0x5f, 0x9f, 0x01, 0x00, 0x00, 0xff,
  0x01, 0x00, 0x00, 0xff, 0x00, 0x00, 0x00, 0x00, 0x00, 0x00, 0x00, 0x00, 0x00, 0x00, 0x00, 0x00,
  0x00, 0x00, 0x00, 0x00, 0x00, 0x00, 0x00, 0x00, 0x00, 0x00, 0x00, 0x00, 0x00, 0x00, 0x00, 0x00,
  0x00, 0x00, 0x00, 0x00, 0x00, 0x00, 0x00, 0x00, 0x00, 0x00, 0x00, 0x00, 0x00, 0x00, 0x00, 0x00,
  0x00, 0x00, 0x00, 0x00, 0x00, 0x00, 0x00, 0x00, 0x00, 0x00, 0x00, 0x00, 0x00, 0x00, 0x00, 0x00,
  0x00, 0x00, 0x00, 0x00, 0x00, 0x00, 0x00, 0x00, 0x00, 0x00, 0x00, 0x00, 0x00, 0x00, 0x00, 0x00,
  0x00, 0x00, 0x00, 0x00, 0x00, 0x00, 0x00, 0x00, 0x00, 0x00, 0x00, 0x00, 0x00, 0x00, 0x00, 0x00,
  0x01, 0x00, 0x00, 0xff, 0x02, 0x00, 0x7f, 0x7f, 0x02, 0x00, 0x7f, 0x7f, 0x01, 0x00, 0x00, 0x00,
  0x00, 0x00, 0x00, 0x00, 0x00, 0x00, 0x00, 0x00, 0x00, 0x00, 0x00, 0x00, 0x00, 0x00, 0x00, 0x00,
  0x00, 0x00, 0x00, 0x00, 0x00, 0x00, 0x00, 0x00, 0x00, 0x00, 0x00, 0x00, 0x02, 0x00, 0x7f, 0x7f,
  0x00, 0x00, 0x00, 0x00, 0x1a, 0x09, 0x58, 0x93, 0xba, 0x0f, 0x5f, 0x9d, 0xff, 0x0f, 0x65, 0xa6,
  0xff, 0x0f, 0x61, 0x9f, 0xfc, 0x0e, 0x5e, 0x99, 0xfc, 0x0e, 0x5e, 0x99, 0xfd, 0x0e, 0x5d, 0x9a,
  0xfe, 0x0e, 0x5e, 0x9a, 0xfe, 0x0e, 0x5e, 0x99, 0xfa, 0x0e, 0x5d, 0x9a, 0xf9, 0x0e, 0x61, 0x9e,
  0xe5, 0x0e, 0x5e, 0x99, 0x03, 0x00, 0x55, 0xaa, 0x00, 0x00, 0x00, 0x00, 0x01, 0x00, 0x00, 0x00,
  0x00, 0x00, 0x00, 0x00, 0x00, 0x00, 0x00, 0x00, 0x00, 0x00, 0x00, 0x00, 0x00, 0x00, 0x00, 0x00,
  0x00, 0x00, 0x00, 0x00, 0x00, 0x00, 0x00, 0x00, 0x00, 0x00, 0x00, 0x00, 0x01, 0x00, 0xff, 0xff,
  0x01, 0x00, 0x00, 0x00, 0x00, 0x00, 0x00, 0x00, 0x00, 0x00, 0x00, 0x00, 0x00, 0x00, 0x00, 0x00,
  0x00, 0x00, 0x00, 0x00, 0x00, 0x00, 0x00, 0x00, 0x00, 0x00, 0x00, 0x00, 0x00, 0x00, 0x00, 0x00,
  0x00, 0x00, 0x00, 0x00, 0x00, 0x00, 0x00, 0x00, 0x00, 0x00, 0x00, 0x00, 0x00, 0x00, 0x00, 0x00,
  0x00, 0x00, 0x00, 0x00, 0x00, 0x00, 0x00, 0x00, 0x00, 0x00, 0x00, 0x00, 0x00, 0x00, 0x00, 0x00,
  0x00, 0x00, 0x00, 0x00, 0x00, 0x00, 0x00, 0x00, 0x00, 0x00, 0x00, 0x00, 0x03, 0x00, 0x55, 0xaa,
  0x00, 0x00, 0x00, 0x00, 0x25, 0x0d, 0x59, 0x97, 0xab, 0x0e, 0x60, 0x9e, 0xf7, 0x0e, 0x60, 0x9d,
  0xff, 0x0f, 0x63, 0xa3, 0xff, 0x0f, 0x64, 0xa4, 0xfc, 0x0f, 0x62, 0xa0, 0x63, 0x0f, 0x5f, 0x9a,
  0x00, 0x00, 0x00, 0x00, 0x03, 0x00, 0x55, 0xaa, 0x00, 0x00, 0x00, 0x00, 0x00, 0x00, 0x00, 0x00,
  0x00, 0x00, 0x00, 0x00, 0x00, 0x00, 0x00, 0x00, 0x00, 0x00, 0x00, 0x00, 0x00, 0x00, 0x00, 0x00,
  0x00, 0x00, 0x00, 0x00, 0x00, 0x00, 0x00, 0x00, 0x00, 0x00, 0x00, 0x00, 0x00, 0x00, 0x00, 0x00,
  0x00, 0x00, 0x00, 0x00, 0x01, 0x00, 0x00, 0xff, 0x03, 0x00, 0x55, 0xaa, 0x04, 0x00, 0x7f, 0xbf,
  0x04, 0x00, 0x3f, 0x7f, 0x03, 0x00, 0x55, 0xaa, 0x04, 0x00, 0x3f, 0x7f, 0x03, 0x00, 0x55, 0xaa,
  0x00, 0x00, 0x00, 0x00, 0x00, 0x00, 0x00, 0x00, 0x00, 0x00, 0x00, 0x00, 0x00, 0x00, 0x00, 0x00,
  0x00, 0x00, 0x00, 0x00, 0x00, 0x00, 0x00, 0x00, 0x00, 0x00, 0x00, 0x00, 0x00, 0x00, 0x00, 0x00,
  0x00, 0x00, 0x00, 0x00, 0x00, 0x00, 0x00, 0x00, 0x00, 0x00, 0x00, 0x00, 0x00, 0x00, 0x00, 0x00,
  0x00, 0x00, 0x00, 0x00, 0x00, 0x00, 0x00, 0x00, 0x02, 0x00, 0x7f, 0x00, 0x02, 0x00, 0x7f, 0x00,
  0x1b, 0x2f, 0xa0, 0x55, 0xcd, 0x30, 0xa6, 0x55, 0xff, 0x31, 0xaa, 0x58, 0xff, 0x31, 0xab, 0x58,
  0x9c, 0x2f, 0xa1, 0x53, 0x03, 0x00, 0xaa, 0x55, 0x02, 0x00, 0x7f, 0x7f, 0x00, 0x00, 0x00, 0x00,
  0x00, 0x00, 0x00, 0x00, 0x00, 0x00, 0x00, 0x00, 0x00, 0x00, 0x00, 0x00, 0x00, 0x00, 0x00, 0x00,
  0x00, 0x00, 0x00, 0x00, 0x00, 0x00, 0x00, 0x00, 0x04, 0x3f, 0x7f, 0x3f, 0x00, 0x00, 0x00, 0x00,
  0x3e, 0x2d, 0xa0, 0x52, 0xdc, 0x30, 0xa8, 0x56, 0xff, 0x32, 0xaf, 0x5a, 0xfd, 0x2e, 0xa2, 0x53,
  0xfd, 0x2e, 0xa2, 0x53, 0xff, 0x2f, 0xa3, 0x54, 0xff, 0x2f, 0xa3, 0x54, 0xfc, 0x2e, 0xa2, 0x53,
  0xff, 0x2f, 0xa3, 0x54, 0xff, 0x32, 0xac, 0x59, 0xff, 0x32, 0xac, 0x59, 0xe7, 0x2f, 0xa5, 0x55,
  0xa7, 0x2f, 0xa6, 0x55, 0x63, 0x2e, 0xa4, 0x55, 0x2d, 0x2d, 0xa4, 0x55, 0x0a, 0x33, 0xb2, 0x4c,
  0x00, 0x00, 0x00, 0x00, 0x00, 0x00, 0x00, 0x00, 0x00, 0x00, 0x00, 0x00, 0x00, 0x00, 0x00, 0x00,
  0x00, 0x00, 0x00, 0x00, 0x00, 0x00, 0x00, 0x00, 0x00, 0x00, 0x00, 0x00, 0x00, 0x00, 0x00, 0x00,
  0x00, 0x00, 0x00, 0x00, 0x00, 0x00, 0x00, 0x00, 0x00, 0x00, 0x00, 0x00, 0x19, 0x33, 0xa3, 0x51,
  0x47, 0x2e, 0xa5, 0x56, 0x87, 0x2f, 0xa6, 0x55, 0xce, 0x2f, 0xa4, 0x55, 0xff, 0x30, 0xa6, 0x56,
  0xff, 0x32, 0xae, 0x5a, 0xff, 0x30, 0xa6, 0x56, 0xfc, 0x2e, 0xa1, 0x53, 0xfe, 0x2f, 0xa2, 0x54,
  0xff, 0x2f, 0xa3, 0x54, 0xfd, 0x2e, 0xa2, 0x53, 0xfd, 0x2f, 0xa2, 0x53, 0xff, 0x32, 0xae, 0x5a,
  0xe7, 0x30, 0xa8, 0x57, 0x47, 0x2e, 0xa1, 0x52, 0x00, 0x00, 0x00, 0x00, 0x02, 0x00, 0x7f, 0x7f,
  0x00, 0x00, 0x00, 0x00, 0x00, 0x00, 0x00, 0x00, 0x00, 0x00, 0x00, 0x00, 0x00, 0x00, 0x00, 0x00,
  0x00, 0x00, 0x00, 0x00, 0x00, 0x00, 0x00, 0x00, 0x00, 0x00, 0x00, 0x00, 0x00, 0x00, 0x00, 0x00,
  0x00, 0x00, 0x00, 0x00, 0x00, 0x00, 0x00, 0x00, 0x00, 0x00, 0x00, 0x00, 0x00, 0x00, 0x00, 0x00,
  0x00, 0x00, 0x00, 0x00, 0x00, 0x00, 0x00, 0x00, 0x00, 0x00, 0x00, 0x00, 0x00, 0x00, 0x00, 0x00,
  0x00, 0x00, 0x00, 0x00, 0x00, 0x00, 0x00, 0x00, 0x00, 0x00, 0x00, 0x00, 0x00, 0x00, 0x00, 0x00,
  0x00, 0x00, 0x00, 0x00, 0x00, 0x00, 0x00, 0x00, 0x00, 0x00, 0x00, 0x00, 0x00, 0x00, 0x00, 0x00,
  0x00, 0x00, 0x00, 0x00, 0x00, 0x00, 0x00, 0x00, 0x03, 0x00, 0x55, 0xaa, 0x00, 0x00, 0x00, 0x00,
  0x52, 0x0c, 0x5d, 0x98, 0xff, 0x0f, 0x64, 0xa3, 0xfc, 0x0e, 0x61, 0x9e, 0x42, 0x0f, 0x5c, 0x9a,
  0x00, 0x00, 0x00, 0x00, 0x04, 0x00, 0x3f, 0xbf, 0x0e, 0x12, 0x5b, 0xa3, 0xe2, 0x0e, 0x5e, 0x9a,
  0xff, 0x0f, 0x66, 0xa8, 0xb1, 0x0e, 0x5d, 0x98, 0x00, 0x00, 0x00, 0x00, 0x03, 0x00, 0x55, 0xaa,
  0x00, 0x00, 0x00, 0x00, 0x00, 0x00, 0x00, 0x00, 0x00, 0x00, 0x00, 0x00, 0x00, 0x00, 0x00, 0x00,
  0x00, 0x00, 0x00, 0x00, 0x00, 0x00, 0x00, 0x00, 0x00, 0x00, 0x00, 0x00, 0x00, 0x00, 0x00, 0x00,
  0x00, 0x00, 0x00, 0x00, 0x00, 0x00, 0x00, 0x00, 0x00, 0x00, 0x00, 0x00, 0x00, 0x00, 0x00, 0x00,
  0x00, 0x00, 0x00, 0x00, 0x00, 0x00, 0x00, 0x00, 0x00, 0x00, 0x00, 0x00, 0x00, 0x00, 0x00, 0x00,
  0x00, 0x00, 0x00, 0x00, 0x00, 0x00, 0x00, 0x00, 0x00, 0x00, 0x00, 0x00, 0x00, 0x00, 0x00, 0x00,
  0x00, 0x00, 0x00, 0x00, 0x00, 0x00, 0x00, 0x00, 0x00, 0x00, 0x00, 0x00, 0x00, 0x00, 0x00, 0x00,
  0x01, 0x00, 0x00, 0xff, 0x00, 0x00, 0x00, 0x00, 0x12, 0x0e, 0x55, 0x8d, 0x5b, 0x0e, 0x5f, 0x9c,
  0x57, 0x0e, 0x60, 0x9e, 0x0f, 0x11, 0x55, 0x88, 0x00, 0x00, 0x00, 0x00, 0x01, 0x00, 0x00, 0x00,
  0x00, 0x00, 0x00, 0x00, 0x00, 0x00, 0x00, 0x00, 0x00, 0x00, 0x00, 0x00, 0x00, 0x00, 0x00, 0x00,
  0x00, 0x00, 0x00, 0x00, 0x00, 0x00, 0x00, 0x00, 0x00, 0x00, 0x00, 0x00, 0x00, 0x00, 0x00, 0x00,
  0x00, 0x00, 0x00, 0x00, 0x00, 0x00, 0x00, 0x00, 0x00, 0x00, 0x00, 0x00, 0x00, 0x00, 0x00, 0x00,
  0x00, 0x00, 0x00, 0x00, 0x00, 0x00, 0x00, 0x00, 0x00, 0x00, 0x00, 0x00, 0x00, 0x00, 0x00, 0x00,
  0x00, 0x00, 0x00, 0x00, 0x00, 0x00, 0x00, 0x00, 0x00, 0x00, 0x00, 0x00, 0x00, 0x00, 0x00, 0x00,
  0x00, 0x00, 0x00, 0x00, 0x00, 0x00, 0x00, 0x00, 0x00, 0x00, 0x00, 0x00, 0x00, 0x00, 0x00, 0x00,
  0x00, 0x00, 0x00, 0x00, 0x00, 0x00, 0x00, 0x00, 0x00, 0x00, 0x00, 0x00, 0x00, 0x00, 0x00, 0x00,
  0x00, 0x00, 0x00, 0x00, 0x00, 0x00, 0x00, 0x00, 0x00, 0x00, 0x00, 0x00, 0x00, 0x00, 0x00, 0x00,
  0x00, 0x00, 0x00, 0x00, 0x00, 0x00, 0x00, 0x00, 0x00, 0x00, 0x00, 0x00, 0x00, 0x00, 0x00, 0x00,
  0x02, 0x00, 0x7f, 0x7f, 0x00, 0x00, 0x00, 0x00, 0x00, 0x00, 0x00, 0x00, 0x69, 0x0e, 0x61, 0x9d,
  0xd7, 0x0e, 0x60, 0x9d, 0xff, 0x0f, 0x63, 0xa2, 0xff, 0x0f, 0x64, 0xa4, 0xff, 0x0e, 0x61, 0x9f,
  0xff, 0x0e, 0x5f, 0x9b, 0xff, 0x0e, 0x5e, 0x9a, 0xfe, 0x0e, 0x5d, 0x99, 0xff, 0x10, 0x68, 0xaa,
  0xaa, 0x0d, 0x5e, 0x9a, 0x00, 0x00, 0x00, 0x00, 0x03, 0x00, 0x55, 0xaa, 0x00, 0x00, 0x00, 0x00,
  0x00, 0x00, 0x00, 0x00, 0x00, 0x00, 0x00, 0x00, 0x00, 0x00, 0x00, 0x00, 0x00, 0x00, 0x00, 0x00,
  0x00, 0x00, 0x00, 0x00, 0x00, 0x00, 0x00, 0x00, 0x00, 0x00, 0x00, 0x00, 0x00, 0x00, 0x00, 0x00,
  0x00, 0x00, 0x00, 0x00, 0x00, 0x00, 0x00, 0x00, 0x00, 0x00, 0x00, 0x00, 0x00, 0x00, 0x00, 0x00,
  0x00, 0x00, 0x00, 0x00, 0x00, 0x00, 0x00, 0x00, 0x00, 0x00, 0x00, 0x00, 0x00, 0x00, 0x00, 0x00,
  0x00, 0x00, 0x00, 0x00, 0x00, 0x00, 0x00, 0x00, 0x00, 0x00, 0x00, 0x00, 0x00, 0x00, 0x00, 0x00,
  0x00, 0x00, 0x00, 0x00, 0x00, 0x00, 0x00, 0x00, 0x00, 0x00, 0x00, 0x00, 0x00, 0x00, 0x00, 0x00,
  0x00, 0x00, 0x00, 0x00, 0x00, 0x00, 0x00, 0x00, 0x00, 0x00, 0x00, 0x00, 0x00, 0x00, 0x00, 0x00,
  0x03, 0x00, 0x55, 0xaa, 0x00, 0x00, 0x00, 0x00, 0x00, 0x00, 0x00, 0x00, 0x23, 0x0e, 0x5e, 0xa0,
  0x54, 0x0f, 0x61, 0x9d, 0x5f, 0x10, 0x60, 0x9e, 0x2c, 0x0b, 0x5c, 0x96, 0x00, 0x00, 0x00, 0x00,
  0x01, 0x00, 0x00, 0xff, 0x00, 0x00, 0x00, 0x00, 0x00, 0x00, 0x00, 0x00, 0x00, 0x00, 0x00, 0x00,
  0x00, 0x00, 0x00, 0x00, 0x00, 0x00, 0x00, 0x00, 0x00, 0x00, 0x00, 0x00, 0x00, 0x00, 0x00, 0x00,
  0x00, 0x00, 0x00, 0x00, 0x00, 0x00, 0x00, 0x00, 0x00, 0x00, 0x00, 0x00, 0x00, 0x00, 0x00, 0x00,
  0x00, 0x00, 0x00, 0x00, 0x00, 0x00, 0x00, 0x00, 0x00, 0x00, 0x00, 0x00, 0x00, 0x00, 0x00, 0x00,
  0x00, 0x00, 0x00, 0x00, 0x00, 0x00, 0x00, 0x00, 0x00, 0x00, 0x00, 0x00, 0x00, 0x00, 0x00, 0x00,
  0x00, 0x00, 0x00, 0x00, 0x00, 0x00, 0x00, 0x00, 0x00, 0x00, 0x00, 0x00, 0x00, 0x00, 0x00, 0x00,
  0x00, 0x00, 0x00, 0x00, 0x00, 0x00, 0x00, 0x00, 0x00, 0x00, 0x00, 0x00, 0x00, 0x00, 0x00, 0x00,
  0x00, 0x00, 0x00, 0x00, 0x00, 0x00, 0x00, 0x00, 0x00, 0x00, 0x00, 0x00, 0x00, 0x00, 0x00, 0x00,
  0x00, 0x00, 0x00, 0x00, 0x00, 0x00, 0x00, 0x00, 0x00, 0x00, 0x00, 0x00, 0x01, 0x00, 0x00, 0x00,
  0x00, 0x00, 0x00, 0x00, 0x05, 0x33, 0x66, 0x33, 0x3b, 0x2f, 0xa8, 0x56, 0x34, 0x31, 0xa6, 0x53,
  0x00, 0x00, 0x00, 0x00, 0x00, 0x00, 0x00, 0x00, 0x00, 0x00, 0x00, 0x00, 0x00, 0x00, 0x00, 0x00,
  0x00, 0x00, 0x00, 0x00, 0x00, 0x00, 0x00, 0x00, 0x00, 0x00, 0x00, 0x00, 0x00, 0x00, 0x00, 0x00,
  0x00, 0x00, 0x00, 0x00, 0x00, 0x00, 0x00, 0x00, 0x00, 0x00, 0x00, 0x00, 0x04, 0x3f, 0x7f, 0x3f,
  0x00, 0x00, 0x00, 0x00, 0x12, 0x2a, 0x9b, 0x55, 0x9e, 0x30, 0xa6, 0x55, 0xff, 0x31, 0xaa, 0x58,
  0xff, 0x31, 0xaa, 0x58, 0xfc, 0x2e, 0xa1, 0x53, 0xfd, 0x2f, 0xa3, 0x53, 0xff, 0x2f, 0xa3, 0x54,
  0xff, 0x2f, 0xa3, 0x54, 0xfc, 0x2e, 0xa2, 0x53, 0xfc, 0x2e, 0xa2, 0x53, 0xff, 0x30, 0xa6, 0x56,
  0xff, 0x32, 0xad, 0x59, 0xff, 0x32, 0xae, 0x5a, 0xff, 0x2f, 0xa4, 0x55, 0xe3, 0x2f, 0xa4, 0x54,
  0xc1, 0x2f, 0xa3, 0x54, 0xa0, 0x2f, 0xa4, 0x54, 0x85, 0x2f, 0xa2, 0x54, 0x72, 0x2e, 0xa3, 0x55,
  0x67, 0x2f, 0xa3, 0x54, 0x65, 0x2f, 0xa4, 0x53, 0x6a, 0x30, 0xa3, 0x54, 0x79, 0x2e, 0xa4, 0x54,
  0x91, 0x2f, 0xa3, 0x54, 0xaf, 0x2e, 0xa3, 0x54, 0xd1, 0x2f, 0xa4, 0x54, 0xf2, 0x2f, 0xa4, 0x54,
  0xff, 0x31, 0xaa, 0x58, 0xff, 0x32, 0xaf, 0x5a, 0xff, 0x31, 0xaa, 0x57, 0xff, 0x2f, 0xa3, 0x54,
  0xfb, 0x2e, 0xa2, 0x54, 0xfe, 0x2f, 0xa2, 0x54, 0xff, 0x2f, 0xa3, 0x54, 0xfd, 0x2f, 0xa2, 0x53,
  0xfc, 0x2e, 0xa2, 0x53, 0xff, 0x31, 0xaa, 0x58, 0xff, 0x31, 0xaa, 0x58, 0xa5, 0x2f, 0xa6, 0x56,
  0x1b, 0x2f, 0xa0, 0x55, 0x00, 0x00, 0x00, 0x00, 0x03, 0x00, 0xaa, 0x55, 0x00, 0x00, 0x00, 0x00,
  0x00, 0x00, 0x00, 0x00, 0x00, 0x00, 0x00, 0x00, 0x00, 0x00, 0x00, 0x00, 0x00, 0x00, 0x00, 0x00,
  0x00, 0x00, 0x00, 0x00, 0x00, 0x00, 0x00, 0x00, 0x00, 0x00, 0x00, 0x00, 0x00, 0x00, 0x00, 0x00,
  0x00, 0x00, 0x00, 0x00, 0x00, 0x00, 0x00, 0x00, 0x00, 0x00, 0x00, 0x00, 0x00, 0x00, 0x00, 0x00,
  0x00, 0x00, 0x00, 0x00, 0x00, 0x00, 0x00, 0x00, 0x00, 0x00, 0x00, 0x00, 0x00, 0x00, 0x00, 0x00,
  0x00, 0x00, 0x00, 0x00, 0x00, 0x00, 0x00, 0x00, 0x00, 0x00, 0x00, 0x00, 0x00, 0x00, 0x00, 0x00,
  0x00, 0x00, 0x00, 0x00, 0x00, 0x00, 0x00, 0x00, 0x00, 0x00, 0x00, 0x00, 0x00, 0x00, 0x00, 0x00,
  0x00, 0x00, 0x00, 0x00, 0x00, 0x00, 0x00, 0x00, 0x03, 0x00, 0x55, 0xaa, 0x00, 0x00, 0x00, 0x00,
  0xa8, 0x0d, 0x5e, 0x99, 0xfd, 0x10, 0x69, 0xad, 0xab, 0x0d, 0x5c, 0x98, 0x00, 0x00, 0x00, 0x00,
  0x07, 0x00, 0x6d, 0x91, 0x00, 0x00, 0x00, 0x00, 0x8e, 0x0e, 0x5d, 0x98, 0xff, 0x0f, 0x65, 0xa5,
  0xf9, 0x0e, 0x5f, 0x9c, 0x2c, 0x0b, 0x62, 0x9c, 0x01, 0x00, 0x00, 0x00, 0x03, 0x00, 0x55, 0xaa,
  0x00, 0x00, 0x00, 0x00, 0x00, 0x00, 0x00, 0x00, 0x00, 0x00, 0x00, 0x00, 0x00, 0x00, 0x00, 0x00,
  0x00, 0x00, 0x00, 0x00, 0x00, 0x00, 0x00, 0x00, 0x00, 0x00, 0x00, 0x00, 0x00, 0x00, 0x00, 0x00,
  0x00, 0x00, 0x00, 0x00, 0x00, 0x00, 0x00, 0x00, 0x00, 0x00, 0x00, 0x00, 0x00, 0x00, 0x00, 0x00,
  0x00, 0x00, 0x00, 0x00, 0x00, 0x00, 0x00, 0x00, 0x00, 0x00, 0x00, 0x00, 0x00, 0x00, 0x00, 0x00,
  0x00, 0x00, 0x00, 0x00, 0x00, 0x00, 0x00, 0x00, 0x00, 0x00, 0x00, 0x00, 0x00, 0x00, 0x00, 0x00,
  0x00, 0x00, 0x00, 0x00, 0x00, 0x00, 0x00, 0x00, 0x00, 0x00, 0x00, 0x00, 0x00, 0x00, 0x00, 0x00,
  0x00, 0x00, 0x00, 0x00, 0x01, 0x00, 0xff, 0xff, 0x00, 0x00, 0x00, 0x00, 0x00, 0x00, 0x00, 0x00,
  0x00, 0x00, 0x00, 0x00, 0x00, 0x00, 0x00, 0x00, 0x01, 0x00, 0x00, 0xff, 0x00, 0x00, 0x00, 0x00,
  0x00, 0x00, 0x00, 0x00, 0x00, 0x00, 0x00, 0x00, 0x00, 0x00, 0x00, 0x00, 0x00, 0x00, 0x00, 0x00,
  0x00, 0x00, 0x00, 0x00, 0x00, 0x00, 0x00, 0x00, 0x00, 0x00, 0x00, 0x00, 0x00, 0x00, 0x00, 0x00,
  0x00, 0x00, 0x00, 0x00, 0x00, 0x00, 0x00, 0x00, 0x00, 0x00, 0x00, 0x00, 0x00, 0x00, 0x00, 0x00,
  0x00, 0x00, 0x00, 0x00, 0x00, 0x00, 0x00, 0x00, 0x00, 0x00, 0x00, 0x00, 0x00, 0x00, 0x00, 0x00,
  0x00, 0x00, 0x00, 0x00, 0x00, 0x00, 0x00, 0x00, 0x00, 0x00, 0x00, 0x00, 0x00, 0x00, 0x00, 0x00,
  0x00, 0x00, 0x00, 0x00, 0x00, 0x00, 0x00, 0x00, 0x00, 0x00, 0x00, 0x00, 0x00, 0x00, 0x00, 0x00,
  0x00, 0x00, 0x00, 0x00, 0x00, 0x00, 0x00, 0x00, 0x00, 0x00, 0x00, 0x00, 0x00, 0x00, 0x00, 0x00,
  0x00, 0x00, 0x00, 0x00, 0x00, 0x00, 0x00, 0x00, 0x00, 0x00, 0x00, 0x00, 0x00, 0x00, 0x00, 0x00,
  0x00, 0x00, 0x00, 0x00, 0x00, 0x00, 0x00, 0x00, 0x00, 0x00, 0x00, 0x00, 0x00, 0x00, 0x00, 0x00,
  0x00, 0x00, 0x00, 0x00, 0x01, 0x00, 0xff, 0xff, 0x01, 0x00, 0x00, 0x00, 0x00, 0x00, 0x00, 0x00,
  0x07, 0x00, 0x48, 0x91, 0x50, 0x0c, 0x5f, 0x9f, 0xa2, 0x0e, 0x60, 0x9d, 0xdb, 0x0d, 0x5f, 0x9c,
  0xf7, 0x0e, 0x5e, 0x9a, 0xfe, 0x0e, 0x5e, 0x9a, 0xf7, 0x0e, 0x60, 0x9d, 0xc2, 0x0e, 0x5f, 0x9d,
  0x1c, 0x12, 0x5b, 0x9a, 0x01, 0x00, 0x00, 0xff, 0x02, 0x00, 0x7f, 0x7f, 0x00, 0x00, 0x00, 0x00,
  0x00, 0x00, 0x00, 0x00, 0x00, 0x00, 0x00, 0x00, 0x00, 0x00, 0x00, 0x00, 0x00, 0x00, 0x00, 0x00,
  0x00, 0x00, 0x00, 0x00, 0x00, 0x00, 0x00, 0x00, 0x00, 0x00, 0x00, 0x00, 0x00, 0x00, 0x00, 0x00,
  0x00, 0x00, 0x00, 0x00, 0x00, 0x00, 0x00, 0x00, 0x00, 0x00, 0x00, 0x00, 0x00, 0x00, 0x00, 0x00,
  0x00, 0x00, 0x00, 0x00, 0x00, 0x00, 0x00, 0x00, 0x00, 0x00, 0x00, 0x00, 0x00, 0x00, 0x00, 0x00,
  0x00, 0x00, 0x00, 0x00, 0x00, 0x00, 0x00, 0x00, 0x00, 0x00, 0x00, 0x00, 0x00, 0x00, 0x00, 0x00,
  0x00, 0x00, 0x00, 0x00, 0x00, 0x00, 0x00, 0x00, 0x00, 0x00, 0x00, 0x00, 0x00, 0x00, 0x00, 0x00,
  0x00, 0x00, 0x00, 0x00, 0x00, 0x00, 0x00, 0x00, 0x00, 0x00, 0x00, 0x00, 0x00, 0x00, 0x00, 0x00,
  0x00, 0x00, 0x00, 0x00, 0x02, 0x00, 0x7f, 0x7f, 0x02, 0x00, 0x7f, 0x7f, 0x00, 0x00, 0x00, 0x00,
  0x00, 0x00, 0x00, 0x00, 0x00, 0x00, 0x00, 0x00, 0x00, 0x00, 0x00, 0x00, 0x02, 0x00, 0x7f, 0x7f,
  0x00, 0x00, 0x00, 0x00, 0x00, 0x00, 0x00, 0x00, 0x00, 0x00, 0x00, 0x00, 0x00, 0x00, 0x00, 0x00,
  0x00, 0x00, 0x00, 0x00, 0x00, 0x00, 0x00, 0x00, 0x00, 0x00, 0x00, 0x00, 0x00, 0x00, 0x00, 0x00,
  0x00, 0x00, 0x00, 0x00, 0x00, 0x00, 0x00, 0x00, 0x00, 0x00, 0x00, 0x00, 0x00, 0x00, 0x00, 0x00,
  0x00, 0x00, 0x00, 0x00, 0x00, 0x00, 0x00, 0x00, 0x00, 0x00, 0x00, 0x00, 0x00, 0x00, 0x00, 0x00,
  0x00, 0x00, 0x00, 0x00, 0x00, 0x00, 0x00, 0x00, 0x00, 0x00, 0x00, 0x00, 0x00, 0x00, 0x00, 0x00,
  0x00, 0x00, 0x00, 0x00, 0x00, 0x00, 0x00, 0x00, 0x00, 0x00, 0x00, 0x00, 0x00, 0x00, 0x00, 0x00,
  0x00, 0x00, 0x00, 0x00, 0x00, 0x00, 0x00, 0x00, 0x00, 0x00, 0x00, 0x00, 0x00, 0x00, 0x00, 0x00,
  0x00, 0x00, 0x00, 0x00, 0x00, 0x00, 0x00, 0x00, 0x00, 0x00, 0x00, 0x00, 0x00, 0x00, 0x00, 0x00,
  0x00, 0x00, 0x00, 0x00, 0x00, 0x00, 0x00, 0x00, 0x00, 0x00, 0x00, 0x00, 0x00, 0x00, 0x00, 0x00,
  0x01, 0x00, 0xff, 0x00, 0x00, 0x00, 0x00, 0x00, 0x00, 0x00, 0x00, 0x00, 0x00, 0x00, 0x00, 0x00,
  0x01, 0x00, 0xff, 0x00, 0x00, 0x00, 0x00, 0x00, 0x00, 0x00, 0x00, 0x00, 0x00, 0x00, 0x00, 0x00,
  0x00, 0x00, 0x00, 0x00, 0x00, 0x00, 0x00, 0x00, 0x00, 0x00, 0x00, 0x00, 0x00, 0x00, 0x00, 0x00,
  0x00, 0x00, 0x00, 0x00, 0x00, 0x00, 0x00, 0x00, 0x00, 0x00, 0x00, 0x00, 0x00, 0x00, 0x00, 0x00,
  0x03, 0x55, 0xaa, 0x55, 0x00, 0x00, 0x00, 0x00, 0x00, 0x00, 0x00, 0x00, 0x49, 0x30, 0xa4, 0x53,
  0xcc, 0x30, 0xa8, 0x56, 0xff, 0x32, 0xae, 0x5a, 0xff, 0x31, 0xa9, 0x57, 0xfc, 0x2e, 0xa2, 0x53,
  0xfc, 0x2e, 0xa2, 0x53, 0xfe, 0x2f, 0xa3, 0x54, 0xff, 0x2f, 0xa3, 0x54, 0xfe, 0x2f, 0xa2, 0x54,
  0xfc, 0x2e, 0xa2, 0x53, 0xfc, 0x2e, 0xa2, 0x53, 0xff, 0x2f, 0xa3, 0x54, 0xff, 0x30, 0xa7, 0x56,
  0xff, 0x31, 0xab, 0x58, 0xff, 0x32, 0xae, 0x5a, 0xff, 0x32, 0xaf, 0x5a, 0xff, 0x32, 0xaf, 0x5a,
  0xff, 0x32, 0xae, 0x5a, 0xff, 0x32, 0xae, 0x5a, 0xff, 0x32, 0xae, 0x5a, 0xff, 0x32, 0xaf, 0x5a,
  0xff, 0x32, 0xaf, 0x5a, 0xff, 0x32, 0xad, 0x59, 0xff, 0x31, 0xa9, 0x57, 0xff, 0x30, 0xa5, 0x55,
  0xfd, 0x2f, 0xa2, 0x53, 0xfb, 0x2e, 0xa2, 0x54, 0xfd, 0x2f, 0xa3, 0x53, 0xfe, 0x2f, 0xa3, 0x54,
  0xfe, 0x2f, 0xa2, 0x54, 0xfc, 0x2e, 0xa2, 0x53, 0xfd, 0x2f, 0xa2, 0x53, 0xff, 0x31, 0xaa, 0x58,
  0xff, 0x32, 0xad, 0x59, 0xc9, 0x30, 0xa7, 0x56, 0x48, 0x2e, 0xa6, 0x55, 0x00, 0x00, 0x00, 0x00,
  0x00, 0x00, 0x00, 0x00, 0x03, 0x55, 0xaa, 0x55, 0x00, 0x00, 0x00, 0x00, 0x00, 0x00, 0x00, 0x00,
  0x00, 0x00, 0x00, 0x00, 0x00, 0x00, 0x00, 0x00, 0x00, 0x00, 0x00, 0x00, 0x00, 0x00, 0x00, 0x00,
  0x00, 0x00, 0x00, 0x00, 0x00, 0x00, 0x00, 0x00, 0x00, 0x00, 0x00, 0x00, 0x00, 0x00, 0x00, 0x00,
  0x00, 0x00, 0x00, 0x00, 0x00, 0x00, 0x00, 0x00, 0x00, 0x00, 0x00, 0x00, 0x00, 0x00, 0x00, 0x00,
  0x00, 0x00, 0x00, 0x00, 0x00, 0x00, 0x00, 0x00, 0x00, 0x00, 0x00, 0x00, 0x00, 0x00, 0x00, 0x00,
  0x00, 0x00, 0x00, 0x00, 0x00, 0x00, 0x00, 0x00, 0x00, 0x00, 0x00, 0x00, 0x00, 0x00, 0x00, 0x00,
  0x00, 0x00, 0x00, 0x00, 0x00, 0x00, 0x00, 0x00, 0x00, 0x00, 0x00, 0x00, 0x00, 0x00, 0x00, 0x00,
  0x00, 0x00, 0x00, 0x00, 0x00, 0x00, 0x00, 0x00, 0x03, 0x00, 0x55, 0xaa, 0x00, 0x00, 0x00, 0x00,
  0xb1, 0x0e, 0x5d, 0x9a, 0xff, 0x0f, 0x65, 0xa6, 0xe2, 0x0e, 0x5f, 0x9c, 0x6c, 0x0e, 0x60, 0x9e,
  0x00, 0x00, 0x00, 0x00, 0x30, 0x0f, 0x5a, 0x9a, 0xfa, 0x0e, 0x5f, 0x9d, 0xff, 0x0f, 0x64, 0xa4,
  0x9f, 0x0e, 0x5d, 0x99, 0x00, 0x00, 0x00, 0x00, 0x03, 0x00, 0x55, 0xaa, 0x00, 0x00, 0x00, 0x00,
  0x00, 0x00, 0x00, 0x00, 0x00, 0x00, 0x00, 0x00, 0x00, 0x00, 0x00, 0x00, 0x00, 0x00, 0x00, 0x00,
  0x00, 0x00, 0x00, 0x00, 0x00, 0x00, 0x00, 0x00, 0x00, 0x00, 0x00, 0x00, 0x00, 0x00, 0x00, 0x00,
  0x00, 0x00, 0x00, 0x00, 0x00, 0x00, 0x00, 0x00, 0x00, 0x00, 0x00, 0x00, 0x00, 0x00, 0x00, 0x00,
  0x00, 0x00, 0x00, 0x00, 0x00, 0x00, 0x00, 0x00, 0x00, 0x00, 0x00, 0x00, 0x00, 0x00, 0x00, 0x00,
  0x00, 0x00, 0x00, 0x00, 0x00, 0x00, 0x00, 0x00, 0x00, 0x00, 0x00, 0x00, 0x00, 0x00, 0x00, 0x00,
  0x00, 0x00, 0x00, 0x00, 0x00, 0x00, 0x00, 0x00, 0x00, 0x00, 0x00, 0x00, 0x00, 0x00, 0x00, 0x00,
  0x00, 0x00, 0x00, 0x00, 0x00, 0x00, 0x00, 0x00, 0x01, 0x00, 0x00, 0xff, 0x04, 0x00, 0x3f, 0x7f,
  0x04, 0x00, 0x3f, 0x7f, 0x01, 0x00, 0x00, 0xff, 0x00, 0x00, 0x00, 0x00, 0x00, 0x00, 0x00, 0x00,
  0x00, 0x00, 0x00, 0x00, 0x00, 0x00, 0x00, 0x00, 0x00, 0x00, 0x00, 0x00, 0x00, 0x00, 0x00, 0x00,
  0x00, 0x00, 0x00, 0x00, 0x00, 0x00, 0x00, 0x00, 0x00, 0x00, 0x00, 0x00, 0x00, 0x00, 0x00, 0x00,
  0x00, 0x00, 0x00, 0x00, 0x00, 0x00, 0x00, 0x00, 0x00, 0x00, 0x00, 0x00, 0x00, 0x00, 0x00, 0x00,
  0x00, 0x00, 0x00, 0x00, 0x00, 0x00, 0x00, 0x00, 0x00, 0x00, 0x00, 0x00, 0x00, 0x00, 0x00, 0x00,
  0x00, 0x00, 0x00, 0x00, 0x00, 0x00, 0x00, 0x00, 0x00, 0x00, 0x00, 0x00, 0x00, 0x00, 0x00, 0x00,
  0x00, 0x00, 0x00, 0x00, 0x00, 0x00, 0x00, 0x00, 0x00, 0x00, 0x00, 0x00, 0x00, 0x00, 0x00, 0x00,
  0x00, 0x00, 0x00, 0x00, 0x00, 0x00, 0x00, 0x00, 0x00, 0x00, 0x00, 0x00, 0x00, 0x00, 0x00, 0x00,
  0x00, 0x00, 0x00, 0x00, 0x00, 0x00, 0x00, 0x00, 0x00, 0x00, 0x00, 0x00, 0x00, 0x00, 0x00, 0x00,
  0x00, 0x00, 0x00, 0x00, 0x00, 0x00, 0x00, 0x00, 0x00, 0x00, 0x00, 0x00, 0x00, 0x00, 0x00, 0x00,
  0x00, 0x00, 0x00, 0x00, 0x00, 0x00, 0x00, 0x00, 0x00, 0x00, 0x00, 0x00, 0x03, 0x00, 0x55, 0xaa,
  0x00, 0x00, 0x00, 0x00, 0x00, 0x00, 0x00, 0x00, 0x00, 0x00, 0x00, 0x00, 0x05, 0x00, 0x66, 0x99,
  0x1e, 0x11, 0x5d, 0xa1, 0x2a, 0x0c, 0x61, 0x9d, 0x1f, 0x10, 0x62, 0xa4, 0x00, 0x00, 0x00, 0x00,
  0x00, 0x00, 0x00, 0x00, 0x00, 0x00, 0x00, 0x00, 0x00, 0x00, 0x00, 0x00, 0x00, 0x00, 0x00, 0x00,
  0x00, 0x00, 0x00, 0x00, 0x00, 0x00, 0x00, 0x00, 0x00, 0x00, 0x00, 0x00, 0x00, 0x00, 0x00, 0x00,
  0x00, 0x00, 0x00, 0x00, 0x00, 0x00, 0x00, 0x00, 0x00, 0x00, 0x00, 0x00, 0x00, 0x00, 0x00, 0x00,
  0x00, 0x00, 0x00, 0x00, 0x00, 0x00, 0x00, 0x00, 0x00, 0x00, 0x00, 0x00, 0x00, 0x00, 0x00, 0x00,
  0x00, 0x00, 0x00, 0x00, 0x00, 0x00, 0x00, 0x00, 0x00, 0x00, 0x00, 0x00, 0x00, 0x00, 0x00, 0x00,
  0x00, 0x00, 0x00, 0x00, 0x00, 0x00, 0x00, 0x00, 0x00, 0x00, 0x00, 0x00, 0x00, 0x00, 0x00, 0x00,
  0x00, 0x00, 0x00, 0x00, 0x00, 0x00, 0x00, 0x00, 0x00, 0x00, 0x00, 0x00, 0x00, 0x00, 0x00, 0x00,
  0x00, 0x00, 0x00, 0x00, 0x00, 0x00, 0x00, 0x00, 0x00, 0x00, 0x00, 0x00, 0x00, 0x00, 0x00, 0x00,
  0x00, 0x00, 0x00, 0x00, 0x00, 0x00, 0x00, 0x00, 0x00, 0x00, 0x00, 0x00, 0x02, 0x00, 0x7f, 0x7f,
  0x04, 0x00, 0x3f, 0x7f, 0x04, 0x00, 0x3f, 0x7f, 0x02, 0x00, 0x7f, 0x7f, 0x00, 0x00, 0x00, 0x00,
  0x00, 0x00, 0x00, 0x00, 0x00, 0x00, 0x00, 0x00, 0x00, 0x00, 0x00, 0x00, 0x00, 0x00, 0x00, 0x00,
  0x00, 0x00, 0x00, 0x00, 0x00, 0x00, 0x00, 0x00, 0x00, 0x00, 0x00, 0x00, 0x00, 0x00, 0x00, 0x00,
  0x00, 0x00, 0x00, 0x00, 0x00, 0x00, 0x00, 0x00, 0x00, 0x00, 0x00, 0x00, 0x00, 0x00, 0x00, 0x00,
  0x00, 0x00, 0x00, 0x00, 0x00, 0x00, 0x00, 0x00, 0x00, 0x00, 0x00, 0x00, 0x00, 0x00, 0x00, 0x00,
  0x00, 0x00, 0x00, 0x00, 0x00, 0x00, 0x00, 0x00, 0x00, 0x00, 0x00, 0x00, 0x00, 0x00, 0x00, 0x00,
  0x00, 0x00, 0x00, 0x00, 0x00, 0x00, 0x00, 0x00, 0x00, 0x00, 0x00, 0x00, 0x00, 0x00, 0x00, 0x00,
  0x00, 0x00, 0x00, 0x00, 0x00, 0x00, 0x00, 0x00, 0x00, 0x00, 0x00, 0x00, 0x00, 0x00, 0x00, 0x00,
  0x00, 0x00, 0x00, 0x00, 0x00, 0x00, 0x00, 0x00, 0x00, 0x00, 0x00, 0x00, 0x00, 0x00, 0x00, 0x00,
  0x00, 0x00, 0x00, 0x00, 0x00, 0x00, 0x00, 0x00, 0x00, 0x00, 0x00, 0x00, 0x00, 0x00, 0x00, 0x00,
  0x00, 0x00, 0x00, 0x00, 0x01, 0x00, 0x00, 0x00, 0x03, 0x55, 0xaa, 0x55, 0x03, 0x00, 0xaa, 0x55,
  0x00, 0x00, 0x00, 0x00, 0x00, 0x00, 0x00, 0x00, 0x00, 0x00, 0x00, 0x00, 0x00, 0x00, 0x00, 0x00,
  0x00, 0x00, 0x00, 0x00, 0x00, 0x00, 0x00, 0x00, 0x00, 0x00, 0x00, 0x00, 0x00, 0x00, 0x00, 0x00,
  0x00, 0x00, 0x00, 0x00, 0x00, 0x00, 0x00, 0x00, 0x00, 0x00, 0x00, 0x00, 0x00, 0x00, 0x00, 0x00,
  0x00, 0x00, 0x00, 0x00, 0x01, 0x00, 0xff, 0x00, 0x03, 0x55, 0xaa, 0x55, 0x00, 0x00, 0x00, 0x00,
  0x04, 0x3f, 0x7f, 0x3f, 0x62, 0x31, 0xa6, 0x55, 0xd1, 0x30, 0xa7, 0x56, 0xff, 0x32, 0xac, 0x59,
  0xff, 0x32, 0xac, 0x59, 0xff, 0x2f, 0xa4, 0x55, 0xfc, 0x2e, 0xa2, 0x53, 0xfc, 0x2e, 0xa2, 0x53,
  0xfd, 0x2f, 0xa3, 0x54, 0xff, 0x2f, 0xa3, 0x54, 0xfe, 0x2f, 0xa3, 0x54, 0xfd, 0x2f, 0xa3, 0x53,
  0xfc, 0x2e, 0xa2, 0x53, 0xfb, 0x2e, 0xa3, 0x54, 0xfb, 0x2e, 0xa2, 0x54, 0xfb, 0x2e, 0xa2, 0x54,
  0xfb, 0x2e, 0xa2, 0x54, 0xfb, 0x2e, 0xa3, 0x54, 0xfb, 0x2e, 0xa2, 0x54, 0xfb, 0x2e, 0xa2, 0x54,
  0xfb, 0x2e, 0xa2, 0x54, 0xfc, 0x2e, 0xa2, 0x53, 0xfd, 0x2f, 0xa3, 0x53, 0xfe, 0x2f, 0xa2, 0x54,
  0xfe, 0x2f, 0xa3, 0x54, 0xfd, 0x2f, 0xa3, 0x53, 0xfb, 0x2e, 0xa3, 0x54, 0xfc, 0x2e, 0xa2, 0x53,
  0xff, 0x30, 0xa5, 0x55, 0xff, 0x32, 0xad, 0x59, 0xff, 0x31, 0xaa, 0x58, 0xc9, 0x30, 0xa7, 0x56,
  0x5c, 0x2f, 0xa6, 0x55, 0x02, 0x00, 0x7f, 0x00, 0x00, 0x00, 0x00, 0x00, 0x03, 0x00, 0xaa, 0x55,
  0x01, 0x00, 0xff, 0x00, 0x00, 0x00, 0x00, 0x00, 0x00, 0x00, 0x00, 0x00, 0x00, 0x00, 0x00, 0x00,
  0x00, 0x00, 0x00, 0x00, 0x00, 0x00, 0x00, 0x00, 0x00, 0x00, 0x00, 0x00, 0x00, 0x00, 0x00, 0x00,
  0x00, 0x00, 0x00, 0x00, 0x00, 0x00, 0x00, 0x00, 0x00, 0x00, 0x00, 0x00, 0x00, 0x00, 0x00, 0x00,
  0x00, 0x00, 0x00, 0x00, 0x00, 0x00, 0x00, 0x00, 0x00, 0x00, 0x00, 0x00, 0x00, 0x00, 0x00, 0x00,
  0x00, 0x00, 0x00, 0x00, 0x00, 0x00, 0x00, 0x00, 0x00, 0x00, 0x00, 0x00, 0x00, 0x00, 0x00, 0x00,
  0x00, 0x00, 0x00, 0x00, 0x00, 0x00, 0x00, 0x00, 0x00, 0x00, 0x00, 0x00, 0x00, 0x00, 0x00, 0x00,
  0x00, 0x00, 0x00, 0x00, 0x00, 0x00, 0x00, 0x00, 0x00, 0x00, 0x00, 0x00, 0x00, 0x00, 0x00, 0x00,
  0x00, 0x00, 0x00, 0x00, 0x00, 0x00, 0x00, 0x00, 0x03, 0x00, 0x55, 0xaa, 0x00, 0x00, 0x00, 0x00,
  0x45, 0x0e, 0x5c, 0x9b, 0xff, 0x0f, 0x62, 0xa0, 0xff, 0x0f, 0x63, 0xa2, 0xff, 0x0f, 0x63, 0xa3,
  0xb6, 0x0e, 0x5d, 0x9a, 0xcb, 0x0d, 0x5e, 0x9a, 0xfd, 0x0f, 0x63, 0xa3, 0xf4, 0x0e, 0x5f, 0x9a,
  0x1e, 0x11, 0x5d, 0x99, 0x01, 0x00, 0x00, 0xff, 0x02, 0x00, 0x7f, 0x7f, 0x00, 0x00, 0x00, 0x00,
  0x00, 0x00, 0x00, 0x00, 0x00, 0x00, 0x00, 0x00, 0x00, 0x00, 0x00, 0x00, 0x00, 0x00, 0x00, 0x00,
  0x00, 0x00, 0x00, 0x00, 0x00, 0x00, 0x00, 0x00, 0x00, 0x00, 0x00, 0x00, 0x00, 0x00, 0x00, 0x00,
  0x00, 0x00, 0x00, 0x00, 0x00, 0x00, 0x00, 0x00, 0x00, 0x00, 0x00, 0x00, 0x00, 0x00, 0x00, 0x00,
  0x00, 0x00, 0x00, 0x00, 0x00, 0x00, 0x00, 0x00, 0x00, 0x00, 0x00, 0x00, 0x00, 0x00, 0x00, 0x00,
  0x00, 0x00, 0x00, 0x00, 0x00, 0x00, 0x00, 0x00, 0x00, 0x00, 0x00, 0x00, 0x00, 0x00, 0x00, 0x00,
  0x00, 0x00, 0x00, 0x00, 0x00, 0x00, 0x00, 0x00, 0x00, 0x00, 0x00, 0x00, 0x00, 0x00, 0x00, 0x00,
  0x00, 0x00, 0x00, 0x00, 0x00, 0x00, 0x00, 0x00, 0x00, 0x00, 0x00, 0x00, 0x00, 0x00, 0x00, 0x00,
  0x00, 0x00, 0x00, 0x00, 0x00, 0x00, 0x00, 0x00, 0x00, 0x00, 0x00, 0x00, 0x00, 0x00, 0x00, 0x00,
  0x00, 0x00, 0x00, 0x00, 0x00, 0x00, 0x00, 0x00, 0x00, 0x00, 0x00, 0x00, 0x00, 0x00, 0x00, 0x00,
  0x00, 0x00, 0x00, 0x00, 0x00, 0x00, 0x00, 0x00, 0x00, 0x00, 0x00, 0x00, 0x00, 0x00, 0x00, 0x00,
  0x00, 0x00, 0x00, 0x00, 0x00, 0x00, 0x00, 0x00, 0x00, 0x00, 0x00, 0x00, 0x00, 0x00, 0x00, 0x00,
  0x00, 0x00, 0x00, 0x00, 0x00, 0x00, 0x00, 0x00, 0x00, 0x00, 0x00, 0x00, 0x00, 0x00, 0x00, 0x00,
  0x00, 0x00, 0x00, 0x00, 0x00, 0x00, 0x00, 0x00, 0x00, 0x00, 0x00, 0x00, 0x00, 0x00, 0x00, 0x00,
  0x00, 0x00, 0x00, 0x00, 0x00, 0x00, 0x00, 0x00, 0x00, 0x00, 0x00, 0x00, 0x00, 0x00, 0x00, 0x00,
  0x00, 0x00, 0x00, 0x00, 0x00, 0x00, 0x00, 0x00, 0x00, 0x00, 0x00, 0x00, 0x00, 0x00, 0x00, 0x00,
  0x00, 0x00, 0x00, 0x00, 0x00, 0x00, 0x00, 0x00, 0x00, 0x00, 0x00, 0x00, 0x00, 0x00, 0x00, 0x00,
  0x00, 0x00, 0x00, 0x00, 0x00, 0x00, 0x00, 0x00, 0x00, 0x00, 0x00, 0x00, 0x00, 0x00, 0x00, 0x00,
  0x00, 0x00, 0x00, 0x00, 0x00, 0x00, 0x00, 0x00, 0x00, 0x00, 0x00, 0x00, 0x00, 0x00, 0x00, 0x00,
  0x01, 0x00, 0x00, 0x00, 0x03, 0x00, 0x55, 0xaa, 0x03, 0x00, 0x55, 0xaa, 0x00, 0x00, 0x00, 0x00,
  0x00, 0x00, 0x00, 0x00, 0x00, 0x00, 0x00, 0x00, 0x00, 0x00, 0x00, 0x00, 0x00, 0x00, 0x00, 0x00,
  0x01, 0x00, 0x00, 0xff, 0x00, 0x00, 0x00, 0x00, 0x00, 0x00, 0x00, 0x00, 0x00, 0x00, 0x00, 0x00,
  0x00, 0x00, 0x00, 0x00, 0x00, 0x00, 0x00, 0x00, 0x00, 0x00, 0x00, 0x00, 0x00, 0x00, 0x00, 0x00,
  0x00, 0x00, 0x00, 0x00, 0x00, 0x00, 0x00, 0x00, 0x00, 0x00, 0x00, 0x00, 0x00, 0x00, 0x00, 0x00,
  0x00, 0x00, 0x00, 0x00, 0x00, 0x00, 0x00, 0x00, 0x00, 0x00, 0x00, 0x00, 0x00, 0x00, 0x00, 0x00,
  0x00, 0x00, 0x00, 0x00, 0x00, 0x00, 0x00, 0x00, 0x00, 0x00, 0x00, 0x00, 0x00, 0x00, 0x00, 0x00,
  0x00, 0x00, 0x00, 0x00, 0x00, 0x00, 0x00, 0x00, 0x00, 0x00, 0x00, 0x00, 0x00, 0x00, 0x00, 0x00,
  0x00, 0x00, 0x00, 0x00, 0x00, 0x00, 0x00, 0x00, 0x00, 0x00, 0x00, 0x00, 0x00, 0x00, 0x00, 0x00,
  0x00, 0x00, 0x00, 0x00, 0x00, 0x00, 0x00, 0x00, 0x00, 0x00, 0x00, 0x00, 0x00, 0x00, 0x00, 0x00,
  0x00, 0x00, 0x00, 0x00, 0x00, 0x00, 0x00, 0x00, 0x00, 0x00, 0x00, 0x00, 0x00, 0x00, 0x00, 0x00,
  0x00, 0x00, 0x00, 0x00, 0x00, 0x00, 0x00, 0x00, 0x00, 0x00, 0x00, 0x00, 0x00, 0x00, 0x00, 0x00,
  0x00, 0x00, 0x00, 0x00, 0x00, 0x00, 0x00, 0x00, 0x00, 0x00, 0x00, 0x00, 0x00, 0x00, 0x00, 0x00,
  0x00, 0x00, 0x00, 0x00, 0x00, 0x00, 0x00, 0x00, 0x00, 0x00, 0x00, 0x00, 0x00, 0x00, 0x00, 0x00,
  0x00, 0x00, 0x00, 0x00, 0x00, 0x00, 0x00, 0x00, 0x00, 0x00, 0x00, 0x00, 0x00, 0x00, 0x00, 0x00,
  0x00, 0x00, 0x00, 0x00, 0x00, 0x00, 0x00, 0x00, 0x00, 0x00, 0x00, 0x00, 0x00, 0x00, 0x00, 0x00,
  0x00, 0x00, 0x00, 0x00, 0x00, 0x00, 0x00, 0x00, 0x00, 0x00, 0x00, 0x00, 0x00, 0x00, 0x00, 0x00,
  0x00, 0x00, 0x00, 0x00, 0x00, 0x00, 0x00, 0x00, 0x00, 0x00, 0x00, 0x00, 0x00, 0x00, 0x00, 0x00,
  0x00, 0x00, 0x00, 0x00, 0x00, 0x00, 0x00, 0x00, 0x00, 0x00, 0x00, 0x00, 0x00, 0x00, 0x00, 0x00,
  0x00, 0x00, 0x00, 0x00, 0x00, 0x00, 0x00, 0x00, 0x00, 0x00, 0x00, 0x00, 0x00, 0x00, 0x00, 0x00,
  0x00, 0x00, 0x00, 0x00, 0x00, 0x00, 0x00, 0x00, 0x00, 0x00, 0x00, 0x00, 0x00, 0x00, 0x00, 0x00,
  0x00, 0x00, 0x00, 0x00, 0x00, 0x00, 0x00, 0x00, 0x00, 0x00, 0x00, 0x00, 0x00, 0x00, 0x00, 0x00,
  0x00, 0x00, 0x00, 0x00, 0x00, 0x00, 0x00, 0x00, 0x00, 0x00, 0x00, 0x00, 0x00, 0x00, 0x00, 0x00,
  0x00, 0x00, 0x00, 0x00, 0x00, 0x00, 0x00, 0x00, 0x00, 0x00, 0x00, 0x00, 0x00, 0x00, 0x00, 0x00,
  0x00, 0x00, 0x00, 0x00, 0x00, 0x00, 0x00, 0x00, 0x00, 0x00, 0x00, 0x00, 0x00, 0x00, 0x00, 0x00,
  0x00, 0x00, 0x00, 0x00, 0x00, 0x00, 0x00, 0x00, 0x00, 0x00, 0x00, 0x00, 0x03, 0x55, 0xaa, 0x55,
  0x00, 0x00, 0x00, 0x00, 0x00, 0x00, 0x00, 0x00, 0x04, 0x3f, 0x7f, 0x3f, 0x52, 0x2e, 0xa7, 0x57,
  0xb3, 0x30, 0xa6, 0x55, 0xf5, 0x2f, 0xa5, 0x55, 0xff, 0x32, 0xaf, 0x5a, 0xff, 0x32, 0xad, 0x59,
  0xff, 0x30, 0xa8, 0x56, 0xff, 0x2f, 0xa3, 0x54, 0xfd, 0x2f, 0xa2, 0x53, 0xfc, 0x2e, 0xa2, 0x53,
  0xfd, 0x2f, 0xa2, 0x53, 0xfd, 0x2f, 0xa3, 0x53, 0xfe, 0x2f, 0xa2, 0x54, 0xfe, 0x2f, 0xa3, 0x54,
  0xff, 0x2f, 0xa3, 0x54, 0xff, 0x2f, 0xa3, 0x54, 0xfe, 0x2f, 0xa3, 0x54, 0xfe, 0x2f, 0xa2, 0x54,
  0xfd, 0x2f, 0xa3, 0x53, 0xfc, 0x2f, 0xa2, 0x53, 0xfc, 0x2e, 0xa2, 0x53, 0xfd, 0x2f, 0xa3, 0x53,
  0xff, 0x2f, 0xa4, 0x54, 0xff, 0x31, 0xa9, 0x57, 0xff, 0x32, 0xae, 0x5a, 0xff, 0x32, 0xae, 0x59,
  0xed, 0x2f, 0xa5, 0x55, 0xa4, 0x30, 0xa7, 0x55, 0x45, 0x30, 0xa6, 0x55, 0x00, 0x00, 0x00, 0x00,
  0x00, 0x00, 0x00, 0x00, 0x00, 0x00, 0x00, 0x00, 0x03, 0x55, 0xaa, 0x55, 0x00, 0x00, 0x00, 0x00,
  0x00, 0x00, 0x00, 0x00, 0x00, 0x00, 0x00, 0x00, 0x00, 0x00, 0x00, 0x00, 0x00, 0x00, 0x00, 0x00,
  0x00, 0x00, 0x00, 0x00, 0x00, 0x00, 0x00, 0x00, 0x00, 0x00, 0x00, 0x00, 0x00, 0x00, 0x00, 0x00,
  0x00, 0x00, 0x00, 0x00, 0x00, 0x00, 0x00, 0x00, 0x00, 0x00, 0x00, 0x00, 0x00, 0x00, 0x00, 0x00,
  0x00, 0x00, 0x00, 0x00, 0x00, 0x00, 0x00, 0x00, 0x00, 0x00, 0x00, 0x00, 0x00, 0x00, 0x00, 0x00,
  0x00, 0x00, 0x00, 0x00, 0x00, 0x00, 0x00, 0x00, 0x00, 0x00, 0x00, 0x00, 0x00, 0x00, 0x00, 0x00,
  0x00, 0x00, 0x00, 0x00, 0x00, 0x00, 0x00, 0x00, 0x00, 0x00, 0x00, 0x00, 0x00, 0x00, 0x00, 0x00,
  0x00, 0x00, 0x00, 0x00, 0x00, 0x00, 0x00, 0x00, 0x00, 0x00, 0x00, 0x00, 0x00, 0x00, 0x00, 0x00,
  0x00, 0x00, 0x00, 0x00, 0x00, 0x00, 0x00, 0x00, 0x00, 0x00, 0x00, 0x00, 0x02, 0x00, 0x7f, 0x7f,
  0x00, 0x00, 0x00, 0x00, 0x4d, 0x0d, 0x5c, 0x98, 0xdd, 0x0f, 0x60, 0x9f, 0xff, 0x0f, 0x64, 0xa4,
  0xff, 0x0f, 0x66, 0xa7, 0xff, 0x0f, 0x62, 0xa0, 0xff, 0x0f, 0x67, 0xa9, 0x71, 0x0d, 0x5e, 0x99,
  0x00, 0x00, 0x00, 0x00, 0x03, 0x00, 0x55, 0xaa, 0x00, 0x00, 0x00, 0x00, 0x00, 0x00, 0x00, 0x00,
  0x00, 0x00, 0x00, 0x00, 0x00, 0x00, 0x00, 0x00, 0x00, 0x00, 0x00, 0x00, 0x00, 0x00, 0x00, 0x00,
  0x00, 0x00, 0x00, 0x00, 0x00, 0x00, 0x00, 0x00, 0x00, 0x00, 0x00, 0x00, 0x00, 0x00, 0x00, 0x00,
  0x00, 0x00, 0x00, 0x00, 0x00, 0x00, 0x00, 0x00, 0x00, 0x00, 0x00, 0x00, 0x00, 0x00, 0x00, 0x00,
  0x00, 0x00, 0x00, 0x00, 0x00, 0x00, 0x00, 0x00, 0x00, 0x00, 0x00, 0x00, 0x00, 0x00, 0x00, 0x00,
  0x00, 0x00, 0x00, 0x00, 0x00, 0x00, 0x00, 0x00, 0x00, 0x00, 0x00, 0x00, 0x00, 0x00, 0x00, 0x00,
  0x00, 0x00, 0x00, 0x00, 0x00, 0x00, 0x00, 0x00, 0x00, 0x00, 0x00, 0x00, 0x00, 0x00, 0x00, 0x00,
  0x00, 0x00, 0x00, 0x00, 0x00, 0x00, 0x00, 0x00, 0x00, 0x00, 0x00, 0x00, 0x00, 0x00, 0x00, 0x00,
  0x00, 0x00, 0x00, 0x00, 0x00, 0x00, 0x00, 0x00, 0x00, 0x00, 0x00, 0x00, 0x00, 0x00, 0x00, 0x00,
  0x00, 0x00, 0x00, 0x00, 0x00, 0x00, 0x00, 0x00, 0x00, 0x00, 0x00, 0x00, 0x00, 0x00, 0x00, 0x00,
  0x00, 0x00, 0x00, 0x00, 0x00, 0x00, 0x00, 0x00, 0x00, 0x00, 0x00, 0x00, 0x00, 0x00, 0x00, 0x00,
  0x00, 0x00, 0x00, 0x00, 0x00, 0x00, 0x00, 0x00, 0x00, 0x00, 0x00, 0x00, 0x00, 0x00, 0x00, 0x00,
  0x00, 0x00, 0x00, 0x00, 0x00, 0x00, 0x00, 0x00, 0x00, 0x00, 0x00, 0x00, 0x00, 0x00, 0x00, 0x00,
  0x00, 0x00, 0x00, 0x00, 0x00, 0x00, 0x00, 0x00, 0x00, 0x00, 0x00, 0x00, 0x00, 0x00, 0x00, 0x00,
  0x00, 0x00, 0x00, 0x00, 0x00, 0x00, 0x00, 0x00, 0x00, 0x00, 0x00, 0x00, 0x00, 0x00, 0x00, 0x00,
  0x00, 0x00, 0x00, 0x00, 0x00, 0x00, 0x00, 0x00, 0x00, 0x00, 0x00, 0x00, 0x00, 0x00, 0x00, 0x00,
  0x00, 0x00, 0x00, 0x00, 0x00, 0x00, 0x00, 0x00, 0x00, 0x00, 0x00, 0x00, 0x00, 0x00, 0x00, 0x00,
  0x00, 0x00, 0x00, 0x00, 0x00, 0x00, 0x00, 0x00, 0x00, 0x00, 0x00, 0x00, 0x00, 0x00, 0x00, 0x00,
  0x00, 0x00, 0x00, 0x00, 0x00, 0x00, 0x00, 0x00, 0x00, 0x00, 0x00, 0x00, 0x00, 0x00, 0x00, 0x00,
  0x00, 0x00, 0x00, 0x00, 0x00, 0x00, 0x00, 0x00, 0x00, 0x00, 0x00, 0x00, 0x01, 0x00, 0x00, 0x00,
  0x02, 0x00, 0x7f, 0x7f, 0x02, 0x00, 0x7f, 0x7f, 0x02, 0x00, 0x7f, 0x7f, 0x00, 0x00, 0x00, 0x00,
  0x00, 0x00, 0x00, 0x00, 0x00, 0x00, 0x00, 0x00, 0x00, 0x00, 0x00, 0x00, 0x00, 0x00, 0x00, 0x00,
  0x00, 0x00, 0x00, 0x00, 0x00, 0x00, 0x00, 0x00, 0x00, 0x00, 0x00, 0x00, 0x00, 0x00, 0x00, 0x00,
  0x00, 0x00, 0x00, 0x00, 0x00, 0x00, 0x00, 0x00, 0x00, 0x00, 0x00, 0x00, 0x00, 0x00, 0x00, 0x00,
  0x00, 0x00, 0x00, 0x00, 0x00, 0x00, 0x00, 0x00, 0x00, 0x00, 0x00, 0x00, 0x00, 0x00, 0x00, 0x00,
  0x00, 0x00, 0x00, 0x00, 0x00, 0x00, 0x00, 0x00, 0x00, 0x00, 0x00, 0x00, 0x00, 0x00, 0x00, 0x00,
  0x00, 0x00, 0x00, 0x00, 0x00, 0x00, 0x00, 0x00, 0x00, 0x00, 0x00, 0x00, 0x00, 0x00, 0x00, 0x00,
  0x00, 0x00, 0x00, 0x00, 0x00, 0x00, 0x00, 0x00, 0x00, 0x00, 0x00, 0x00, 0x00, 0x00, 0x00, 0x00,
  0x00, 0x00, 0x00, 0x00, 0x00, 0x00, 0x00, 0x00, 0x00, 0x00, 0x00, 0x00, 0x00, 0x00, 0x00, 0x00,
  0x00, 0x00, 0x00, 0x00, 0x00, 0x00, 0x00, 0x00, 0x00, 0x00, 0x00, 0x00, 0x00, 0x00, 0x00, 0x00,
  0x00, 0x00, 0x00, 0x00, 0x00, 0x00, 0x00, 0x00, 0x00, 0x00, 0x00, 0x00, 0x00, 0x00, 0x00, 0x00,
  0x00, 0x00, 0x00, 0x00, 0x00, 0x00, 0x00, 0x00, 0x00, 0x00, 0x00, 0x00, 0x00, 0x00, 0x00, 0x00,
  0x00, 0x00, 0x00, 0x00, 0x00, 0x00, 0x00, 0x00, 0x00, 0x00, 0x00, 0x00, 0x00, 0x00, 0x00, 0x00,
  0x00, 0x00, 0x00, 0x00, 0x00, 0x00, 0x00, 0x00, 0x00, 0x00, 0x00, 0x00, 0x00, 0x00, 0x00, 0x00,
  0x00, 0x00, 0x00, 0x00, 0x00, 0x00, 0x00, 0x00, 0x00, 0x00, 0x00, 0x00, 0x00, 0x00, 0x00, 0x00,
  0x00, 0x00, 0x00, 0x00, 0x00, 0x00, 0x00, 0x00, 0x00, 0x00, 0x00, 0x00, 0x00, 0x00, 0x00, 0x00,
  0x00, 0x00, 0x00, 0x00, 0x00, 0x00, 0x00, 0x00, 0x00, 0x00, 0x00, 0x00, 0x00, 0x00, 0x00, 0x00,
  0x00, 0x00, 0x00, 0x00, 0x00, 0x00, 0x00, 0x00, 0x00, 0x00, 0x00, 0x00, 0x00, 0x00, 0x00, 0x00,
  0x00, 0x00, 0x00, 0x00, 0x00, 0x00, 0x00, 0x00, 0x00, 0x00, 0x00, 0x00, 0x00, 0x00, 0x00, 0x00,
  0x00, 0x00, 0x00, 0x00, 0x00, 0x00, 0x00, 0x00, 0x00, 0x00, 0x00, 0x00, 0x00, 0x00, 0x00, 0x00,
  0x00, 0x00, 0x00, 0x00, 0x00, 0x00, 0x00, 0x00, 0x00, 0x00, 0x00, 0x00, 0x00, 0x00, 0x00, 0x00,
  0x00, 0x00, 0x00, 0x00, 0x00, 0x00, 0x00, 0x00, 0x00, 0x00, 0x00, 0x00, 0x00, 0x00, 0x00, 0x00,
  0x00, 0x00, 0x00, 0x00, 0x00, 0x00, 0x00, 0x00, 0x00, 0x00, 0x00, 0x00, 0x00, 0x00, 0x00, 0x00,
  0x00, 0x00, 0x00, 0x00, 0x00, 0x00, 0x00, 0x00, 0x00, 0x00, 0x00, 0x00, 0x00, 0x00, 0x00, 0x00,
  0x00, 0x00, 0x00, 0x00, 0x00, 0x00, 0x00, 0x00, 0x00, 0x00, 0x00, 0x00, 0x00, 0x00, 0x00, 0x00,
  0x01, 0x00, 0x00, 0x00, 0x03, 0x55, 0xaa, 0x55, 0x00, 0x00, 0x00, 0x00, 0x00, 0x00, 0x00, 0x00,
  0x00, 0x00, 0x00, 0x00, 0x1f, 0x31, 0xa4, 0x52, 0x63, 0x30, 0xa7, 0x57, 0xa9, 0x30, 0xa5, 0x56,
  0xde, 0x30, 0xa5, 0x55, 0xfd, 0x2f, 0xa4, 0x54, 0xff, 0x31, 0xab, 0x58, 0xff, 0x31, 0xac, 0x58,
  0xff, 0x31, 0xaa, 0x58, 0xff, 0x30, 0xa8, 0x56, 0xff, 0x30, 0xa6, 0x56, 0xff, 0x2f, 0xa5, 0x55,
  0xff, 0x2f, 0xa4, 0x55, 0xff, 0x2f, 0xa4, 0x55, 0xff, 0x30, 0xa5, 0x55, 0xff, 0x30, 0xa6, 0x56,
  0xff, 0x31, 0xa8, 0x57, 0xff, 0x31, 0xaa, 0x58, 0xff, 0x32, 0xac, 0x59, 0xff, 0x31, 0xaa, 0x58,
  0xf9, 0x2f, 0xa4, 0x55, 0xd7, 0x2f, 0xa4, 0x55, 0x9e, 0x30, 0xa6, 0x55, 0x56, 0x2f, 0xa6, 0x55,
  0x15, 0x30, 0xaa, 0x55, 0x00, 0x00, 0x00, 0x00, 0x00, 0x00, 0x00, 0x00, 0x00, 0x00, 0x00, 0x00,
  0x03, 0x55, 0xaa, 0x55, 0x00, 0x00, 0x00, 0x00, 0x00, 0x00, 0x00, 0x00, 0x00, 0x00, 0x00, 0x00,
  0x00, 0x00, 0x00, 0x00, 0x00, 0x00, 0x00, 0x00, 0x00, 0x00, 0x00, 0x00, 0x00, 0x00, 0x00, 0x00,
  0x00, 0x00, 0x00, 0x00, 0x00, 0x00, 0x00, 0x00, 0x00, 0x00, 0x00, 0x00, 0x00, 0x00, 0x00, 0x00,
  0x00, 0x00, 0x00, 0x00, 0x00, 0x00, 0x00, 0x00, 0x00, 0x00, 0x00, 0x00, 0x00, 0x00, 0x00, 0x00,
  0x00, 0x00, 0x00, 0x00, 0x00, 0x00, 0x00, 0x00, 0x00, 0x00, 0x00, 0x00, 0x00, 0x00, 0x00, 0x00,
  0x00, 0x00, 0x00, 0x00, 0x00, 0x00, 0x00, 0x00, 0x00, 0x00, 0x00, 0x00, 0x00, 0x00, 0x00, 0x00,
  0x00, 0x00, 0x00, 0x00, 0x00, 0x00, 0x00, 0x00, 0x00, 0x00, 0x00, 0x00, 0x00, 0x00, 0x00, 0x00,
  0x00, 0x00, 0x00, 0x00, 0x00, 0x00, 0x00, 0x00, 0x00, 0x00, 0x00, 0x00, 0x00, 0x00, 0x00, 0x00,
  0x00, 0x00, 0x00, 0x00, 0x00, 0x00, 0x00, 0x00, 0x00, 0x00, 0x00, 0x00, 0x00, 0x00, 0x00, 0x00,
  0x02, 0x00, 0x7f, 0x7f, 0x00, 0x00, 0x00, 0x00, 0x0e, 0x12, 0x5b, 0x91, 0x78, 0x0e, 0x61, 0x9f,
  0xd2, 0x0e, 0x5f, 0x9c, 0xea, 0x0e, 0x62, 0xa0, 0x8f, 0x0e, 0x5e, 0x99, 0x00, 0x00, 0x00, 0x00,
  0x03, 0x00, 0x55, 0xaa, 0x00, 0x00, 0x00, 0x00, 0x00, 0x00, 0x00, 0x00, 0x00, 0x00, 0x00, 0x00,
  0x00, 0x00, 0x00, 0x00, 0x00, 0x00, 0x00, 0x00, 0x00, 0x00, 0x00, 0x00, 0x00, 0x00, 0x00, 0x00,
  0x00, 0x00, 0x00, 0x00, 0x00, 0x00, 0x00, 0x00, 0x00, 0x00, 0x00, 0x00, 0x00, 0x00, 0x00, 0x00,
  0x00, 0x00, 0x00, 0x00, 0x00, 0x00, 0x00, 0x00, 0x00, 0x00, 0x00, 0x00, 0x00, 0x00, 0x00, 0x00,
  0x00, 0x00, 0x00, 0x00, 0x00, 0x00, 0x00, 0x00, 0x00, 0x00, 0x00, 0x00, 0x00, 0x00, 0x00, 0x00,
  0x00, 0x00, 0x00, 0x00, 0x00, 0x00, 0x00, 0x00, 0x00, 0x00, 0x00, 0x00, 0x00, 0x00, 0x00, 0x00,
  0x00, 0x00, 0x00, 0x00, 0x00, 0x00, 0x00, 0x00, 0x00, 0x00, 0x00, 0x00, 0x00, 0x00, 0x00, 0x00,
  0x00, 0x00, 0x00, 0x00, 0x00, 0x00, 0x00, 0x00, 0x00, 0x00, 0x00, 0x00, 0x00, 0x00, 0x00, 0x00,
  0x00, 0x00, 0x00, 0x00, 0x00, 0x00, 0x00, 0x00, 0x00, 0x00, 0x00, 0x00, 0x00, 0x00, 0x00, 0x00,
  0x00, 0x00, 0x00, 0x00, 0x00, 0x00, 0x00, 0x00, 0x00, 0x00, 0x00, 0x00, 0x00, 0x00, 0x00, 0x00,
  0x00, 0x00, 0x00, 0x00, 0x00, 0x00, 0x00, 0x00, 0x00, 0x00, 0x00, 0x00, 0x00, 0x00, 0x00, 0x00,
  0x00, 0x00, 0x00, 0x00, 0x00, 0x00, 0x00, 0x00, 0x00, 0x00, 0x00, 0x00, 0x00, 0x00, 0x00, 0x00,
  0x00, 0x00, 0x00, 0x00, 0x00, 0x00, 0x00, 0x00, 0x00, 0x00, 0x00, 0x00, 0x00, 0x00, 0x00, 0x00,
  0x00, 0x00, 0x00, 0x00, 0x00, 0x00, 0x00, 0x00, 0x00, 0x00, 0x00, 0x00, 0x00, 0x00, 0x00, 0x00,
  0x00, 0x00, 0x00, 0x00, 0x00, 0x00, 0x00, 0x00, 0x00, 0x00, 0x00, 0x00, 0x00, 0x00, 0x00, 0x00,
  0x00, 0x00, 0x00, 0x00, 0x00, 0x00, 0x00, 0x00, 0x00, 0x00, 0x00, 0x00, 0x00, 0x00, 0x00, 0x00,
  0x00, 0x00, 0x00, 0x00, 0x00, 0x00, 0x00, 0x00, 0x00, 0x00, 0x00, 0x00, 0x00, 0x00, 0x00, 0x00,
  0x00, 0x00, 0x00, 0x00, 0x00, 0x00, 0x00, 0x00, 0x00, 0x00, 0x00, 0x00, 0x00, 0x00, 0x00, 0x00,
  0x00, 0x00, 0x00, 0x00, 0x00, 0x00, 0x00, 0x00, 0x00, 0x00, 0x00, 0x00, 0x00, 0x00, 0x00, 0x00,
  0x00, 0x00, 0x00, 0x00, 0x00, 0x00, 0x00, 0x00, 0x00, 0x00, 0x00, 0x00, 0x00, 0x00, 0x00, 0x00,
  0x00, 0x00, 0x00, 0x00, 0x00, 0x00, 0x00, 0x00, 0x00, 0x00, 0x00, 0x00, 0x00, 0x00, 0x00, 0x00,
  0x00, 0x00, 0x00, 0x00, 0x00, 0x00, 0x00, 0x00, 0x00, 0x00, 0x00, 0x00, 0x00, 0x00, 0x00, 0x00,
  0x00, 0x00, 0x00, 0x00, 0x00, 0x00, 0x00, 0x00, 0x00, 0x00, 0x00, 0x00, 0x00, 0x00, 0x00, 0x00,
  0x00, 0x00, 0x00, 0x00, 0x00, 0x00, 0x00, 0x00, 0x00, 0x00, 0x00, 0x00, 0x00, 0x00, 0x00, 0x00,
  0x00, 0x00, 0x00, 0x00, 0x00, 0x00, 0x00, 0x00, 0x00, 0x00, 0x00, 0x00, 0x00, 0x00, 0x00, 0x00,
  0x00, 0x00, 0x00, 0x00, 0x00, 0x00, 0x00, 0x00, 0x00, 0x00, 0x00, 0x00, 0x00, 0x00, 0x00, 0x00,
  0x00, 0x00, 0x00, 0x00, 0x00, 0x00, 0x00, 0x00, 0x00, 0x00, 0x00, 0x00, 0x00, 0x00, 0x00, 0x00,
  0x00, 0x00, 0x00, 0x00, 0x00, 0x00, 0x00, 0x00, 0x00, 0x00, 0x00, 0x00, 0x00, 0x00, 0x00, 0x00,
  0x00, 0x00, 0x00, 0x00, 0x00, 0x00, 0x00, 0x00, 0x00, 0x00, 0x00, 0x00, 0x00, 0x00, 0x00, 0x00,
  0x00, 0x00, 0x00, 0x00, 0x00, 0x00, 0x00, 0x00, 0x00, 0x00, 0x00, 0x00, 0x00, 0x00, 0x00, 0x00,
  0x00, 0x00, 0x00, 0x00, 0x00, 0x00, 0x00, 0x00, 0x00, 0x00, 0x00, 0x00, 0x00, 0x00, 0x00, 0x00,
  0x00, 0x00, 0x00, 0x00, 0x00, 0x00, 0x00, 0x00, 0x00, 0x00, 0x00, 0x00, 0x00, 0x00, 0x00, 0x00,
  0x00, 0x00, 0x00, 0x00, 0x00, 0x00, 0x00, 0x00, 0x00, 0x00, 0x00, 0x00, 0x00, 0x00, 0x00, 0x00,
  0x00, 0x00, 0x00, 0x00, 0x00, 0x00, 0x00, 0x00, 0x00, 0x00, 0x00, 0x00, 0x00, 0x00, 0x00, 0x00,
  0x00, 0x00, 0x00, 0x00, 0x00, 0x00, 0x00, 0x00, 0x00, 0x00, 0x00, 0x00, 0x00, 0x00, 0x00, 0x00,
  0x00, 0x00, 0x00, 0x00, 0x00, 0x00, 0x00, 0x00, 0x00, 0x00, 0x00, 0x00, 0x00, 0x00, 0x00, 0x00,
  0x00, 0x00, 0x00, 0x00, 0x00, 0x00, 0x00, 0x00, 0x00, 0x00, 0x00, 0x00, 0x00, 0x00, 0x00, 0x00,
  0x00, 0x00, 0x00, 0x00, 0x00, 0x00, 0x00, 0x00, 0x00, 0x00, 0x00, 0x00, 0x00, 0x00, 0x00, 0x00,
  0x00, 0x00, 0x00, 0x00, 0x00, 0x00, 0x00, 0x00, 0x00, 0x00, 0x00, 0x00, 0x00, 0x00, 0x00, 0x00,
  0x00, 0x00, 0x00, 0x00, 0x00, 0x00, 0x00, 0x00, 0x00, 0x00, 0x00, 0x00, 0x00, 0x00, 0x00, 0x00,
  0x00, 0x00, 0x00, 0x00, 0x00, 0x00, 0x00, 0x00, 0x00, 0x00, 0x00, 0x00, 0x00, 0x00, 0x00, 0x00,
  0x00, 0x00, 0x00, 0x00, 0x00, 0x00, 0x00, 0x00, 0x00, 0x00, 0x00, 0x00, 0x00, 0x00, 0x00, 0x00,
  0x00, 0x00, 0x00, 0x00, 0x00, 0x00, 0x00, 0x00, 0x00, 0x00, 0x00, 0x00, 0x00, 0x00, 0x00, 0x00,
  0x00, 0x00, 0x00, 0x00, 0x00, 0x00, 0x00, 0x00, 0x00, 0x00, 0x00, 0x00, 0x00, 0x00, 0x00, 0x00,
  0x00, 0x00, 0x00, 0x00, 0x00, 0x00, 0x00, 0x00, 0x00, 0x00, 0x00, 0x00, 0x00, 0x00, 0x00, 0x00,
  0x00, 0x00, 0x00, 0x00, 0x00, 0x00, 0x00, 0x00, 0x01, 0x00, 0x00, 0x00, 0x03, 0x55, 0xaa, 0x55,
  0x02, 0x00, 0xff, 0x7f, 0x00, 0x00, 0x00, 0x00, 0x00, 0x00, 0x00, 0x00, 0x00, 0x00, 0x00, 0x00,
  0x0b, 0x2e, 0xa2, 0x5c, 0x35, 0x30, 0xa8, 0x56, 0x65, 0x2f, 0xa6, 0x55, 0x92, 0x2f, 0xa5, 0x55,
  0xb8, 0x2f, 0xa4, 0x54, 0xd4, 0x2e, 0xa3, 0x54, 0xe6, 0x2f, 0xa2, 0x54, 0xf1, 0x2f, 0xa2, 0x54,
  0xf6, 0x2e, 0xa2, 0x53, 0xf5, 0x2e, 0xa3, 0x54, 0xf0, 0x2e, 0xa2, 0x53, 0xe3, 0x2f, 0xa4, 0x54,
  0xcf, 0x2e, 0xa3, 0x55, 0xb2, 0x2f, 0xa4, 0x54, 0x8c, 0x2f, 0xa3, 0x55, 0x5d, 0x31, 0xa7, 0x55,
  0x2d, 0x2d, 0xaa, 0x55, 0x06, 0x2a, 0xaa, 0x55, 0x00, 0x00, 0x00, 0x00, 0x00, 0x00, 0x00, 0x00,
  0x00, 0x00, 0x00, 0x00, 0x03, 0x55, 0xaa, 0x55, 0x03, 0x55, 0xaa, 0x55, 0x00, 0x00, 0x00, 0x00,
  0x00, 0x00, 0x00, 0x00, 0x00, 0x00, 0x00, 0x00, 0x00, 0x00, 0x00, 0x00, 0x00, 0x00, 0x00, 0x00,
  0x00, 0x00, 0x00, 0x00, 0x00, 0x00, 0x00, 0x00, 0x00, 0x00, 0x00, 0x00, 0x00, 0x00, 0x00, 0x00,
  0x00, 0x00, 0x00, 0x00, 0x00, 0x00, 0x00, 0x00, 0x00, 0x00, 0x00, 0x00, 0x00, 0x00, 0x00, 0x00,
  0x00, 0x00, 0x00, 0x00, 0x00, 0x00, 0x00, 0x00, 0x00, 0x00, 0x00, 0x00, 0x00, 0x00, 0x00, 0x00,
  0x00, 0x00, 0x00, 0x00, 0x00, 0x00, 0x00, 0x00, 0x00, 0x00, 0x00, 0x00, 0x00, 0x00, 0x00, 0x00,
  0x00, 0x00, 0x00, 0x00, 0x00, 0x00, 0x00, 0x00, 0x00, 0x00, 0x00, 0x00, 0x00, 0x00, 0x00, 0x00,
  0x00, 0x00, 0x00, 0x00, 0x00, 0x00, 0x00, 0x00, 0x00, 0x00, 0x00, 0x00, 0x00, 0x00, 0x00, 0x00,
  0x00, 0x00, 0x00, 0x00, 0x00, 0x00, 0x00, 0x00, 0x00, 0x00, 0x00, 0x00, 0x00, 0x00, 0x00, 0x00,
  0x00, 0x00, 0x00, 0x00, 0x00, 0x00, 0x00, 0x00, 0x00, 0x00, 0x00, 0x00, 0x00, 0x00, 0x00, 0x00,
  0x00, 0x00, 0x00, 0x00, 0x03, 0x00, 0x55, 0xaa, 0x00, 0x00, 0x00, 0x00, 0x00, 0x00, 0x00, 0x00,
  0x06, 0x00, 0x55, 0x7f, 0x16, 0x0b, 0x68, 0xa2, 0x00, 0x00, 0x00, 0x00, 0x00, 0x00, 0x00, 0x00,
  0x00, 0x00, 0x00, 0x00, 0x00, 0x00, 0x00, 0x00, 0x00, 0x00, 0x00, 0x00, 0x00, 0x00, 0x00, 0x00,
  0x00, 0x00, 0x00, 0x00, 0x00, 0x00, 0x00, 0x00, 0x00, 0x00, 0x00, 0x00, 0x00, 0x00, 0x00, 0x00,
  0x00, 0x00, 0x00, 0x00, 0x00, 0x00, 0x00, 0x00, 0x00, 0x00, 0x00, 0x00, 0x00, 0x00, 0x00, 0x00,
  0x00, 0x00, 0x00, 0x00, 0x00, 0x00, 0x00, 0x00, 0x00, 0x00, 0x00, 0x00, 0x00, 0x00, 0x00, 0x00,
  0x00, 0x00, 0x00, 0x00, 0x00, 0x00, 0x00, 0x00, 0x00, 0x00, 0x00, 0x00, 0x00, 0x00, 0x00, 0x00,
};

const lv_img_dsc_t img_logo_secondary = {
  .header.cf = LV_IMG_CF_TRUE_COLOR_ALPHA,
  .header.always_zero = 0,
  .header.reserved = 0,
  .header.w = 256,
  .header.h = 50,
  .data_size = 51200,
  .data = img_logo_secondary_argb8888_data,
};
#endif
